Step,TotalEnergy,NumTrans,CellID_1,Area_1,Perimeter_1,ContactEnergy_1,CentroidX_1,CentroidY_1,MCS_1,CellID_2,Area_2,Perimeter_2,ContactEnergy_2,CentroidX_2,CentroidY_2,MCS_2,CellID_3,Area_3,Perimeter_3,ContactEnergy_3,CentroidX_3,CentroidY_3,MCS_3,CellID_4,Area_4,Perimeter_4,ContactEnergy_4,CentroidX_4,CentroidY_4,MCS_4,CellID_5,Area_5,Perimeter_5,ContactEnergy_5,CentroidX_5,CentroidY_5,MCS_5,CellID_6,Area_6,Perimeter_6,ContactEnergy_6,CentroidX_6,CentroidY_6,MCS_6,CellID_7,Area_7,Perimeter_7,ContactEnergy_7,CentroidX_7,CentroidY_7,MCS_7,CellID_8,Area_8,Perimeter_8,ContactEnergy_8,CentroidX_8,CentroidY_8,MCS_8,CellID_9,Area_9,Perimeter_9,ContactEnergy_9,CentroidX_9,CentroidY_9,MCS_9,CellID_10,Area_10,Perimeter_10,ContactEnergy_10,CentroidX_10,CentroidY_10,MCS_10,CellID_11,Area_11,Perimeter_11,ContactEnergy_11,CentroidX_11,CentroidY_11,MCS_11,CellID_12,Area_12,Perimeter_12,ContactEnergy_12,CentroidX_12,CentroidY_12,MCS_12,CellID_13,Area_13,Perimeter_13,ContactEnergy_13,CentroidX_13,CentroidY_13,MCS_13,CellID_14,Area_14,Perimeter_14,ContactEnergy_14,CentroidX_14,CentroidY_14,MCS_14,CellID_15,Area_15,Perimeter_15,ContactEnergy_15,CentroidX_15,CentroidY_15,MCS_15,CellID_16,Area_16,Perimeter_16,ContactEnergy_16,CentroidX_16,CentroidY_16,MCS_16,CellID_17,Area_17,Perimeter_17,ContactEnergy_17,CentroidX_17,CentroidY_17,MCS_17,CellID_18,Area_18,Perimeter_18,ContactEnergy_18,CentroidX_18,CentroidY_18,MCS_18,CellID_19,Area_19,Perimeter_19,ContactEnergy_19,CentroidX_19,CentroidY_19,MCS_19,CellID_20,Area_20,Perimeter_20,ContactEnergy_20,CentroidX_20,CentroidY_20,MCS_20,CellID_21,Area_21,Perimeter_21,ContactEnergy_21,CentroidX_21,CentroidY_21,MCS_21,CellID_22,Area_22,Perimeter_22,ContactEnergy_22,CentroidX_22,CentroidY_22,MCS_22,CellID_23,Area_23,Perimeter_23,ContactEnergy_23,CentroidX_23,CentroidY_23,MCS_23,CellID_24,Area_24,Perimeter_24,ContactEnergy_24,CentroidX_24,CentroidY_24,MCS_24,CellID_25,Area_25,Perimeter_25,ContactEnergy_25,CentroidX_25,CentroidY_25,MCS_25,CellID_26,Area_26,Perimeter_26,ContactEnergy_26,CentroidX_26,CentroidY_26,MCS_26,CellID_27,Area_27,Perimeter_27,ContactEnergy_27,CentroidX_27,CentroidY_27,MCS_27,CellID_28,Area_28,Perimeter_28,ContactEnergy_28,CentroidX_28,CentroidY_28,MCS_28,CellID_29,Area_29,Perimeter_29,ContactEnergy_29,CentroidX_29,CentroidY_29,MCS_29,CellID_30,Area_30,Perimeter_30,ContactEnergy_30,CentroidX_30,CentroidY_30,MCS_30,CellID_31,Area_31,Perimeter_31,ContactEnergy_31,CentroidX_31,CentroidY_31,MCS_31,CellID_32,Area_32,Perimeter_32,ContactEnergy_32,CentroidX_32,CentroidY_32,MCS_32,CellID_33,Area_33,Perimeter_33,ContactEnergy_33,CentroidX_33,CentroidY_33,MCS_33,CellID_34,Area_34,Perimeter_34,ContactEnergy_34,CentroidX_34,CentroidY_34,MCS_34,CellID_35,Area_35,Perimeter_35,ContactEnergy_35,CentroidX_35,CentroidY_35,MCS_35,CellID_36,Area_36,Perimeter_36,ContactEnergy_36,CentroidX_36,CentroidY_36,MCS_36,CellID_37,Area_37,Perimeter_37,ContactEnergy_37,CentroidX_37,CentroidY_37,MCS_37,CellID_38,Area_38,Perimeter_38,ContactEnergy_38,CentroidX_38,CentroidY_38,MCS_38,CellID_39,Area_39,Perimeter_39,ContactEnergy_39,CentroidX_39,CentroidY_39,MCS_39,CellID_40,Area_40,Perimeter_40,ContactEnergy_40,CentroidX_40,CentroidY_40,MCS_40,CellID_41,Area_41,Perimeter_41,ContactEnergy_41,CentroidX_41,CentroidY_41,MCS_41,CellID_42,Area_42,Perimeter_42,ContactEnergy_42,CentroidX_42,CentroidY_42,MCS_42,CellID_43,Area_43,Perimeter_43,ContactEnergy_43,CentroidX_43,CentroidY_43,MCS_43,CellID_44,Area_44,Perimeter_44,ContactEnergy_44,CentroidX_44,CentroidY_44,MCS_44,CellID_45,Area_45,Perimeter_45,ContactEnergy_45,CentroidX_45,CentroidY_45,MCS_45,CellID_46,Area_46,Perimeter_46,ContactEnergy_46,CentroidX_46,CentroidY_46,MCS_46,CellID_47,Area_47,Perimeter_47,ContactEnergy_47,CentroidX_47,CentroidY_47,MCS_47,CellID_48,Area_48,Perimeter_48,ContactEnergy_48,CentroidX_48,CentroidY_48,MCS_48,CellID_49,Area_49,Perimeter_49,ContactEnergy_49,CentroidX_49,CentroidY_49,MCS_49,CellID_50,Area_50,Perimeter_50,ContactEnergy_50,CentroidX_50,CentroidY_50,MCS_50,CellID_51,Area_51,Perimeter_51,ContactEnergy_51,CentroidX_51,CentroidY_51,MCS_51,CellID_52,Area_52,Perimeter_52,ContactEnergy_52,CentroidX_52,CentroidY_52,MCS_52,CellID_53,Area_53,Perimeter_53,ContactEnergy_53,CentroidX_53,CentroidY_53,MCS_53,CellID_54,Area_54,Perimeter_54,ContactEnergy_54,CentroidX_54,CentroidY_54,MCS_54,CellID_55,Area_55,Perimeter_55,ContactEnergy_55,CentroidX_55,CentroidY_55,MCS_55,CellID_56,Area_56,Perimeter_56,ContactEnergy_56,CentroidX_56,CentroidY_56,MCS_56,CellID_57,Area_57,Perimeter_57,ContactEnergy_57,CentroidX_57,CentroidY_57,MCS_57,CellID_58,Area_58,Perimeter_58,ContactEnergy_58,CentroidX_58,CentroidY_58,MCS_58,CellID_59,Area_59,Perimeter_59,ContactEnergy_59,CentroidX_59,CentroidY_59,MCS_59,CellID_60,Area_60,Perimeter_60,ContactEnergy_60,CentroidX_60,CentroidY_60,MCS_60,CellID_61,Area_61,Perimeter_61,ContactEnergy_61,CentroidX_61,CentroidY_61,MCS_61,CellID_62,Area_62,Perimeter_62,ContactEnergy_62,CentroidX_62,CentroidY_62,MCS_62,CellID_63,Area_63,Perimeter_63,ContactEnergy_63,CentroidX_63,CentroidY_63,MCS_63,CellID_64,Area_64,Perimeter_64,ContactEnergy_64,CentroidX_64,CentroidY_64,MCS_64,CellID_65,Area_65,Perimeter_65,ContactEnergy_65,CentroidX_65,CentroidY_65,MCS_65,CellID_66,Area_66,Perimeter_66,ContactEnergy_66,CentroidX_66,CentroidY_66,MCS_66,CellID_67,Area_67,Perimeter_67,ContactEnergy_67,CentroidX_67,CentroidY_67,MCS_67,CellID_68,Area_68,Perimeter_68,ContactEnergy_68,CentroidX_68,CentroidY_68,MCS_68,CellID_69,Area_69,Perimeter_69,ContactEnergy_69,CentroidX_69,CentroidY_69,MCS_69,CellID_70,Area_70,Perimeter_70,ContactEnergy_70,CentroidX_70,CentroidY_70,MCS_70,CellID_71,Area_71,Perimeter_71,ContactEnergy_71,CentroidX_71,CentroidY_71,MCS_71,CellID_72,Area_72,Perimeter_72,ContactEnergy_72,CentroidX_72,CentroidY_72,MCS_72,CellID_73,Area_73,Perimeter_73,ContactEnergy_73,CentroidX_73,CentroidY_73,MCS_73,CellID_74,Area_74,Perimeter_74,ContactEnergy_74,CentroidX_74,CentroidY_74,MCS_74,CellID_75,Area_75,Perimeter_75,ContactEnergy_75,CentroidX_75,CentroidY_75,MCS_75,CellID_76,Area_76,Perimeter_76,ContactEnergy_76,CentroidX_76,CentroidY_76,MCS_76,CellID_77,Area_77,Perimeter_77,ContactEnergy_77,CentroidX_77,CentroidY_77,MCS_77,CellID_78,Area_78,Perimeter_78,ContactEnergy_78,CentroidX_78,CentroidY_78,MCS_78,CellID_79,Area_79,Perimeter_79,ContactEnergy_79,CentroidX_79,CentroidY_79,MCS_79,CellID_80,Area_80,Perimeter_80,ContactEnergy_80,CentroidX_80,CentroidY_80,MCS_80,CellID_81,Area_81,Perimeter_81,ContactEnergy_81,CentroidX_81,CentroidY_81,MCS_81,CellID_82,Area_82,Perimeter_82,ContactEnergy_82,CentroidX_82,CentroidY_82,MCS_82,CellID_83,Area_83,Perimeter_83,ContactEnergy_83,CentroidX_83,CentroidY_83,MCS_83,CellID_84,Area_84,Perimeter_84,ContactEnergy_84,CentroidX_84,CentroidY_84,MCS_84,CellID_85,Area_85,Perimeter_85,ContactEnergy_85,CentroidX_85,CentroidY_85,MCS_85,CellID_86,Area_86,Perimeter_86,ContactEnergy_86,CentroidX_86,CentroidY_86,MCS_86,CellID_87,Area_87,Perimeter_87,ContactEnergy_87,CentroidX_87,CentroidY_87,MCS_87,CellID_88,Area_88,Perimeter_88,ContactEnergy_88,CentroidX_88,CentroidY_88,MCS_88,CellID_89,Area_89,Perimeter_89,ContactEnergy_89,CentroidX_89,CentroidY_89,MCS_89,CellID_90,Area_90,Perimeter_90,ContactEnergy_90,CentroidX_90,CentroidY_90,MCS_90,CellID_91,Area_91,Perimeter_91,ContactEnergy_91,CentroidX_91,CentroidY_91,MCS_91,CellID_92,Area_92,Perimeter_92,ContactEnergy_92,CentroidX_92,CentroidY_92,MCS_92,CellID_93,Area_93,Perimeter_93,ContactEnergy_93,CentroidX_93,CentroidY_93,MCS_93,CellID_94,Area_94,Perimeter_94,ContactEnergy_94,CentroidX_94,CentroidY_94,MCS_94,CellID_95,Area_95,Perimeter_95,ContactEnergy_95,CentroidX_95,CentroidY_95,MCS_95,CellID_96,Area_96,Perimeter_96,ContactEnergy_96,CentroidX_96,CentroidY_96,MCS_96,CellID_97,Area_97,Perimeter_97,ContactEnergy_97,CentroidX_97,CentroidY_97,MCS_97,CellID_98,Area_98,Perimeter_98,ContactEnergy_98,CentroidX_98,CentroidY_98,MCS_98,CellID_99,Area_99,Perimeter_99,ContactEnergy_99,CentroidX_99,CentroidY_99,MCS_99,CellID_100,Area_100,Perimeter_100,ContactEnergy_100,CentroidX_100,CentroidY_100,MCS_100
0,7279230,337,1,12,18,360,2,11,20,400,3,11,20,400,4,10,16,320,5,11,20,400,6,13,22,440,7,10,14,280,8,12,22,440,9,11,20,400,10,10,22,440,11,13,18,360,12,9,12,240,13,11,16,320,14,8,14,280,15,9,16,320,16,12,20,400,17,7,16,320,18,11,20,400,19,12,16,320,20,11,16,320,21,9,20,400,22,9,20,400,23,9,20,400,24,10,14,280,25,11,20,400,26,9,16,320,27,10,22,440,28,11,20,400,29,13,20,400,30,12,20,400,31,13,18,360,32,10,16,320,33,12,18,360,34,13,18,360,35,12,20,400,36,11,16,320,37,9,16,320,38,12,16,320,39,14,18,360,40,13,18,360,41,11,20,400,42,9,16,680,43,11,20,400,44,14,24,480,45,9,16,320,46,11,16,320,47,10,14,280,48,7,16,320,49,11,16,320,50,9,16,320,51,11,18,360,52,10,14,280,53,9,20,400,54,10,14,280,55,13,20,400,56,11,14,280,57,10,18,360,58,10,18,360,59,13,18,360,60,14,20,400,61,9,16,320,62,10,18,360,63,10,18,360,64,13,24,480,65,11,16,320,66,10,18,360,67,10,14,280,68,12,20,400,69,10,18,360,70,12,16,320,71,11,20,400,72,11,16,320,73,12,20,400,74,9,16,320,75,12,22,440,76,9,16,320,77,16,22,440,78,11,22,440,79,13,18,360,80,12,22,440,81,13,20,400,82,12,20,400,83,9,16,320,84,11,18,360,85,13,16,320,86,10,18,360,87,11,18,360,88,9,16,320,89,12,16,320,90,12,18,360,91,13,20,400,92,9,20,760,93,13,18,360,94,10,18,360,95,13,16,320,96,7,16,320,97,10,14,280,98,10,14,280,99,9,16,320,100,10,18,360
1,6724440,723,1,14,20,400,2,15,22,440,3,17,22,440,4,13,20,400,5,15,22,440,6,18,24,480,7,10,14,280,8,16,20,400,9,15,22,440,10,12,22,440,11,17,22,440,12,10,18,360,13,15,24,480,14,12,22,440,15,11,18,360,16,13,18,360,17,11,22,440,18,18,24,480,19,17,26,520,20,11,22,440,21,13,26,520,22,13,22,440,23,13,24,480,24,11,16,320,25,15,20,400,26,11,18,360,27,13,20,400,28,15,20,400,29,16,26,520,30,18,26,520,31,13,22,440,32,13,24,480,33,16,24,480,34,16,18,360,35,15,18,360,36,12,22,440,37,11,18,420,38,14,18,360,39,18,22,440,40,19,24,480,41,16,22,440,42,11,18,720,43,18,20,400,44,21,28,560,45,15,26,520,46,13,24,480,47,14,20,400,48,9,16,320,49,10,18,360,50,11,20,400,51,14,20,460,52,16,24,480,53,13,26,520,54,12,18,360,55,19,22,440,56,12,18,360,57,16,26,520,58,15,24,480,59,16,24,480,60,18,22,440,61,10,16,320,62,14,20,400,63,13,24,480,64,17,24,480,65,14,18,360,66,12,18,360,67,11,20,400,68,18,20,400,69,11,20,400,70,15,22,440,71,17,22,440,72,17,20,400,73,18,26,520,74,10,18,360,75,19,26,520,76,10,18,360,77,22,26,520,78,14,18,360,79,17,24,540,80,17,28,560,81,20,26,520,82,14,20,400,83,11,18,360,84,15,22,440,85,17,24,480,86,14,24,480,87,16,22,560,88,12,22,440,89,15,22,440,90,19,24,480,91,18,24,600,92,13,22,800,93,14,26,520,94,13,18,360,95,15,22,440,96,9,20,400,97,13,18,360,98,12,22,440,99,9,16,380,100,15,20,400
2,6111040,1168,1,16,22,440,2,18,24,480,3,21,28,560,4,19,26,520,5,17,22,440,6,24,28,560,7,12,18,360,8,18,22,440,9,21,26,520,10,17,28,560,11,22,30,600,12,14,26,940,13,20,28,560,14,17,20,400,15,11,18,360,16,16,20,400,17,16,22,440,18,23,24,480,19,22,30,600,20,15,24,480,21,17,26,520,22,17,24,480,23,21,34,680,24,13,24,480,25,20,26,520,26,16,28,560,27,17,24,480,28,16,20,400,29,21,28,560,30,25,30,600,31,18,24,480,32,22,32,640,33,23,30,600,34,18,30,600,35,17,24,480,36,18,26,700,37,13,18,540,38,16,22,440,39,24,26,520,40,26,28,560,41,20,26,520,42,13,22,920,43,19,24,480,44,28,30,600,45,23,28,560,46,16,24,480,47,19,24,480,48,10,16,560,49,15,22,440,50,15,26,520,51,19,28,740,52,19,30,600,53,19,24,480,54,14,18,360,55,23,24,480,56,14,22,440,57,18,24,480,58,18,26,520,59,21,24,480,60,21,26,520,61,12,20,400,62,20,22,440,63,19,26,520,64,22,28,560,65,16,18,360,66,17,22,440,67,14,22,440,68,22,24,480,69,16,18,360,70,21,26,520,71,21,26,520,72,20,22,440,73,22,32,640,74,13,24,480,75,23,24,480,76,17,26,520,77,29,32,640,78,16,22,440,79,21,28,680,80,23,30,600,81,24,34,680,82,19,26,520,83,16,26,520,84,18,24,480,85,25,32,640,86,19,24,480,87,22,26,640,88,18,28,560,89,24,30,600,90,22,28,560,91,24,28,680,92,16,28,1040,93,21,24,480,94,18,24,480,95,18,22,440,96,12,26,520,97,18,24,480,98,17,20,400,99,11,20,520,100,17,20,400
3,5475095,1670,1,20,24,480,2,21,24,480,3,23,28,560,4,22,22,440,5,18,22,440,6,32,32,640,7,20,22,440,8,22,22,440,9,29,36,720,10,23,30,600,11,26,32,640,12,19,26,1000,13,23,30,600,14,25,30,600,15,13,22,440,16,21,26,520,17,23,28,560,18,27,28,560,19,28,36,720,20,21,28,560,21,25,30,600,22,24,32,640,23,26,30,600,24,17,28,560,25,28,34,680,26,20,28,560,27,23,36,720,28,20,26,520,29,25,30,600,30,33,36,720,31,20,24,480,32,30,30,600,33,31,32,640,34,22,36,720,35,21,24,480,36,20,26,760,37,16,22,620,38,21,24,480,39,34,34,680,40,33,32,640,41,24,32,640,42,16,30,1440,43,24,26,520,44,33,34,680,45,28,28,560,46,21,28,560,47,24,26,520,48,8,16,560,49,18,22,440,50,19,30,600,51,24,28,740,52,26,30,600,53,25,30,600,54,13,24,480,55,25,26,520,56,19,28,560,57,24,26,520,58,24,28,560,59,27,32,640,60,27,30,600,61,17,24,480,62,25,28,560,63,19,26,520,64,26,28,560,65,19,26,520,66,19,24,480,67,18,26,520,68,26,26,520,69,18,26,520,70,28,30,600,71,29,34,680,72,27,28,560,73,28,36,720,74,22,30,600,75,29,30,600,76,23,30,600,77,34,30,600,78,18,26,520,79,23,30,720,80,29,38,760,81,33,36,720,82,23,26,520,83,20,30,600,84,24,26,520,85,29,34,680,86,23,28,560,87,29,32,940,88,25,28,560,89,28,32,640,90,28,32,640,91,31,34,980,92,23,36,1560,93,28,26,520,94,23,28,560,95,19,24,480,96,17,34,680,97,21,30,600,98,20,28,560,99,13,20,520,100,21,28,560
4,4770220,2256,1,26,26,520,2,26,30,600,3,28,34,680,4,27,30,600,5,21,26,520,6,38,32,640,7,22,24,480,8,25,26,520,9,37,38,760,10,28,30,600,11,36,46,920,12,23,30,1260,13,31,32,640,14,32,38,760,15,17,24,480,16,25,32,640,17,27,28,560,18,34,32,640,19,34,42,840,20,28,34,680,21,34,36,720,22,29,38,760,23,32,38,760,24,22,34,680,25,35,38,760,26,27,36,720,27,31,34,800,28,24,32,640,29,30,38,760,30,41,42,840,31,25,30,600,32,38,30,600,33,39,36,720,34,28,40,800,35,25,26,520,36,24,30,1020,37,21,22,680,38,26,28,560,39,41,36,720,40,40,40,800,41,30,34,680,42,21,34,1700,43,25,28,560,44,37,38,760,45,34,30,600,46,26,30,600,47,28,30,600,48,12,20,640,49,23,26,520,50,25,28,560,51,32,28,800,52,30,34,680,53,30,32,640,54,22,26,520,55,32,32,640,56,27,32,640,57,31,32,640,58,30,32,640,59,31,32,640,60,33,38,760,61,24,28,560,62,32,30,600,63,25,28,560,64,31,30,600,65,25,24,480,66,26,28,560,67,28,34,680,68,32,34,680,69,20,30,600,70,34,38,760,71,36,38,760,72,33,34,680,73,36,44,1000,74,28,38,760,75,37,36,720,76,27,32,640,77,39,34,680,78,24,32,640,79,31,38,1060,80,37,40,800,81,35,36,720,82,32,34,680,83,24,34,680,84,29,26,520,85,34,40,800,86,32,38,760,87,32,32,1120,88,30,28,560,89,32,40,800,90,33,40,800,91,37,44,1360,92,27,46,1940,93,33,36,720,94,31,34,680,95,25,28,560,96,23,38,760,97,26,32,640,98,26,36,720,99,13,20,700,100,27,28,560
5,4039870,2927,1,29,30,600,2,31,34,680,3,36,34,680,4,37,32,640,5,31,32,640,6,45,40,800,7,26,28,560,8,28,30,600,9,44,42,840,10,34,34,680,11,43,56,1120,12,26,40,1760,13,39,40,800,14,37,34,680,15,20,30,600,16,33,34,680,17,33,34,680,18,45,34,680,19,41,52,1040,20,32,38,760,21,43,44,880,22,40,48,960,23,39,42,840,24,29,40,800,25,44,48,960,26,34,40,800,27,39,38,1060,28,27,36,720,29,38,42,840,30,50,42,840,31,33,26,520,32,41,40,800,33,47,44,880,34,37,46,920,35,30,28,560,36,30,34,1220,37,26,30,840,38,31,34,680,39,53,52,1040,40,43,42,840,41,33,32,640,42,25,36,1920,43,33,30,600,44,49,48,960,45,40,34,680,46,31,36,720,47,35,32,640,48,18,24,900,49,30,34,680,50,29,34,680,51,37,34,920,52,40,38,760,53,41,38,880,54,29,36,720,55,38,34,800,56,30,28,560,57,42,38,760,58,38,42,840,59,39,38,760,60,40,40,800,61,27,34,680,62,36,32,640,63,34,26,520,64,35,30,600,65,28,24,480,66,36,40,800,67,39,32,640,68,39,34,680,69,25,30,600,70,42,48,1020,71,45,40,800,72,38,38,760,73,44,54,1380,74,36,42,840,75,44,38,760,76,35,38,760,77,46,42,840,78,30,36,720,79,38,42,1140,80,43,38,760,81,37,38,760,82,37,36,720,83,31,32,640,84,33,30,600,85,40,46,920,86,41,46,920,87,37,40,1280,88,35,36,720,89,36,36,720,90,45,48,960,91,45,48,1440,92,32,46,2120,93,41,46,920,94,37,36,720,95,31,38,760,96,31,48,960,97,32,36,720,98,34,42,840,99,15,22,800,100,31,32,640
6,3317885,3673,1,36,34,680,2,41,40,800,3,41,40,800,4,47,34,680,5,40,40,800,6,52,42,840,7,32,30,600,8,33,36,720,9,51,46,920,10,41,40,800,11,58,58,1160,12,29,42,2040,13,45,44,880,14,43,38,760,15,28,32,640,16,40,42,840,17,40,38,760,18,49,38,760,19,51,50,1000,20,35,40,800,21,50,52,1040,22,56,58,1160,23,51,54,1080,24,35,44,880,25,53,50,1000,26,42,42,840,27,47,42,1440,28,30,34,680,29,50,52,1220,30,59,50,1000,31,37,36,720,32,50,40,800,33,58,48,960,34,45,54,1080,35,38,32,640,36,33,36,1380,37,36,34,920,38,36,40,800,39,65,62,1240,40,48,44,880,41,36,32,640,42,30,44,2320,43,41,40,980,44,56,54,1080,45,50,44,880,46,36,36,720,47,46,42,840,48,23,26,1060,49,37,40,800,50,38,42,840,51,44,36,960,52,48,42,840,53,50,44,1060,54,34,42,840,55,45,40,980,56,36,34,680,57,46,38,760,58,48,42,840,59,48,40,800,60,47,46,920,61,32,38,760,62,42,40,800,63,35,30,600,64,41,38,760,65,34,30,600,66,44,38,940,67,47,38,760,68,45,40,800,69,31,34,680,70,52,54,1140,71,53,44,880,72,43,42,840,73,55,64,1880,74,44,46,1100,75,50,40,800,76,45,38,760,77,53,46,920,78,34,34,680,79,46,44,1240,80,52,42,840,81,40,38,760,82,46,42,840,83,35,38,760,84,42,38,760,85,47,54,1080,86,48,52,1040,87,44,50,1960,88,42,40,800,89,44,40,800,90,53,50,1000,91,57,62,2200,92,35,58,2600,93,50,56,1120,94,42,44,880,95,38,36,720,96,41,56,1120,97,39,40,800,98,41,46,920,99,19,28,980,100,36,34,680
7,2626670,4506,1,45,40,800,2,51,42,840,3,50,46,920,4,46,48,960,5,49,38,760,6,62,48,960,7,37,38,760,8,45,44,880,9,58,52,1040,10,49,46,920,11,64,64,1280,12,34,50,2740,13,55,50,1000,14,48,42,840,15,35,32,640,16,45,44,880,17,47,40,800,18,61,42,840,19,66,52,1040,20,38,42,840,21,62,54,1080,22,62,56,1120,23,63,58,1160,24,41,48,960,25,62,60,1200,26,49,44,880,27,56,44,1840,28,38,38,760,29,62,56,1480,30,67,58,1160,31,45,36,720,32,59,46,920,33,68,52,1040,34,54,60,1200,35,44,40,800,36,39,48,1920,37,45,36,1140,38,45,34,680,39,78,66,1320,40,57,46,980,41,40,34,680,42,35,48,2580,43,49,48,1200,44,66,58,1220,45,59,44,880,46,42,40,800,47,54,42,840,48,24,34,1460,49,42,40,920,50,45,40,800,51,52,44,1300,52,57,48,960,53,57,48,1320,54,46,48,960,55,53,44,1180,56,44,40,800,57,52,42,840,58,59,46,920,59,57,44,880,60,59,54,1080,61,37,36,720,62,50,44,880,63,41,42,840,64,51,40,800,65,41,40,800,66,51,44,1120,67,56,44,880,68,53,50,1000,69,40,40,860,70,61,58,1460,71,65,52,1040,72,49,50,1000,73,62,64,2240,74,49,52,1400,75,59,44,880,76,53,44,880,77,62,52,1040,78,38,38,760,79,54,50,1480,80,59,46,920,81,46,40,800,82,57,46,920,83,46,36,720,84,50,42,840,85,56,64,1280,86,58,52,1040,87,52,52,2300,88,51,42,840,89,54,46,920,90,60,54,1080,91,70,68,2620,92,41,64,2900,93,61,56,1120,94,52,44,880,95,44,40,800,96,53,50,1000,97,48,48,960,98,49,48,960,99,20,30,1260,100,42,38,760
8,1993545,5361,1,57,54,1080,2,58,50,1000,3,62,48,960,4,53,52,1040,5,53,38,760,6,71,52,1040,7,46,42,840,8,57,50,1000,9,66,56,1120,10,60,52,1040,11,76,64,1280,12,42,58,3500,13,65,54,1080,14,56,44,880,15,43,38,760,16,51,50,1000,17,56,54,1080,18,72,46,920,19,77,52,1040,20,50,40,800,21,74,64,1280,22,73,62,1240,23,74,60,1200,24,47,52,1040,25,74,56,1120,26,56,52,1040,27,66,60,2520,28,47,46,920,29,73,58,1640,30,80,68,1360,31,55,42,840,32,68,56,1120,33,74,56,1120,34,66,60,1200,35,49,42,840,36,43,58,2540,37,49,42,1500,38,51,42,840,39,93,70,1400,40,65,50,1060,41,46,40,800,42,37,50,2860,43,57,54,1380,44,77,62,1480,45,72,66,1320,46,55,42,840,47,63,46,920,48,27,42,1800,49,50,42,1260,50,47,40,800,51,56,44,1540,52,62,44,880,53,60,50,1600,54,54,42,840,55,58,52,1400,56,53,44,1120,57,62,46,1160,58,68,50,1000,59,66,48,960,60,70,64,1280,61,39,38,760,62,59,48,960,63,52,46,920,64,58,44,880,65,50,38,760,66,57,50,1300,67,62,50,1000,68,58,52,1040,69,48,44,940,70,73,62,2080,71,77,60,1260,72,56,50,1000,73,67,66,2640,74,55,54,1560,75,68,48,960,76,60,48,960,77,71,54,1080,78,46,44,940,79,58,56,2020,80,68,58,1160,81,53,50,1000,82,64,50,1000,83,51,36,720,84,58,52,1040,85,71,58,1160,86,73,56,1120,87,61,62,2860,88,60,56,1120,89,63,48,960,90,70,62,1240,91,74,76,3140,92,48,64,3140,93,74,64,1280,94,64,50,1000,95,49,42,840,96,58,50,1000,97,55,48,960,98,62,58,1160,99,26,40,2120,100,47,40,800
9,1423865,6308,1,70,48,960,2,66,54,1080,3,71,50,1000,4,66,54,1080,5,60,44,880,6,80,54,1080,7,51,46,920,8,65,56,1120,9,76,60,1200,10,70,56,1120,11,92,64,1340,12,46,66,4140,13,76,56,1180,14,60,48,960,15,50,46,920,16,56,54,1080,17,64,56,1120,18,73,56,1120,19,88,58,1160,20,59,46,980,21,84,56,1120,22,88,64,1280,23,87,66,1320,24,55,52,1040,25,83,64,1280,26,65,60,1200,27,72,64,2780,28,59,46,920,29,83,64,1820,30,88,60,1200,31,68,50,1000,32,80,70,1400,33,86,62,1240,34,78,66,1320,35,56,40,800,36,47,70,3200,37,60,44,1540,38,59,44,880,39,111,74,1480,40,75,50,1300,41,54,42,840,42,46,54,3000,43,63,56,1600,44,90,70,1760,45,91,70,1400,46,64,42,840,47,71,48,960,48,34,42,1860,49,59,44,1420,50,55,46,920,51,61,52,1700,52,72,54,1080,53,67,58,2120,54,64,50,1000,55,67,60,1800,56,62,50,1300,57,70,50,1300,58,78,54,1080,59,77,54,1080,60,83,60,1200,61,45,44,880,62,65,52,1040,63,64,52,1040,64,62,48,960,65,56,48,960,66,64,58,1640,67,68,58,1160,68,69,58,1160,69,56,50,1300,70,77,62,2320,71,93,66,1380,72,59,54,1080,73,73,76,3020,74,60,54,1620,75,75,52,1040,76,70,60,1200,77,83,60,1200,78,57,52,1100,79,66,60,2100,80,77,58,1160,81,68,64,1280,82,67,54,1080,83,55,48,960,84,71,50,1000,85,81,66,1320,86,85,60,1200,87,72,74,3460,88,75,56,1120,89,66,48,960,90,84,68,1360,91,81,80,3580,92,56,68,3280,93,91,72,1440,94,78,50,1000,95,54,52,1040,96,68,58,1160,97,64,58,1160,98,74,64,1340,99,29,42,2280,100,54,46,920
10,928245,7339,1,81,52,1040,2,75,54,1080,3,77,52,1040,4,76,62,1240,5,71,46,920,6,95,52,1040,7,60,48,960,8,80,62,1240,9,84,66,1320,10,83,66,1320,11,99,64,1400,12,52,76,4760,13,86,58,1460,14,68,52,1040,15,58,50,1120,16,63,62,1240,17,78,66,1320,18,82,62,1360,19,97,62,1240,20,67,54,1380,21,98,62,1240,22,102,72,1440,23,101,76,1520,24,65,50,1000,25,98,72,1440,26,73,64,1280,27,84,68,3160,28,66,56,1120,29,93,76,2240,30,98,66,1320,31,82,54,1080,32,97,72,1440,33,99,66,1320,34,91,76,1520,35,66,52,1040,36,57,86,4120,37,67,48,1740,38,68,48,1020,39,129,86,1720,40,84,54,1500,41,59,44,880,42,54,56,3400,43,76,60,1860,44,102,68,1720,45,108,68,1360,46,69,60,1200,47,82,60,1200,48,36,46,2000,49,63,48,1800,50,63,60,1200,51,71,54,1860,52,81,56,1120,53,72,60,2340,54,78,56,1120,55,75,68,2140,56,71,56,1420,57,81,52,1340,58,84,60,1200,59,86,56,1120,60,95,68,1360,61,53,50,1000,62,74,60,1260,63,75,52,1040,64,78,60,1200,65,61,46,920,66,70,64,1940,67,77,58,1160,68,80,64,1280,69,65,54,1500,70,82,72,2940,71,105,70,1700,72,67,54,1080,73,82,82,3440,74,69,60,1920,75,88,62,1240,76,82,64,1280,77,93,64,1280,78,66,54,1380,79,69,58,2060,80,84,64,1280,81,81,68,1360,82,77,56,1120,83,64,50,1000,84,81,52,1040,85,87,66,1320,86,98,70,1400,87,81,72,3060,88,88,64,1280,89,73,52,1040,90,100,74,1480,91,92,80,3220,92,65,74,3520,93,106,72,1440,94,88,62,1240,95,61,58,1160,96,78,60,1200,97,78,66,1320,98,83,70,1520,99,34,44,2440,100,64,48,960
11,524325,8467,1,87,60,1200,2,84,60,1200,3,87,60,1200,4,89,66,1320,5,75,62,1240,6,104,66,1320,7,68,58,1160,8,90,72,1440,9,96,68,1360,10,94,64,1280,11,114,66,1680,12,55,76,4880,13,94,68,1660,14,78,58,1160,15,71,58,1460,16,75,64,1280,17,90,62,1240,18,97,58,1460,19,106,64,1280,20,79,56,1420,21,111,66,1320,22,122,70,1400,23,122,82,1640,24,73,58,1160,25,104,70,1400,26,90,66,1380,27,88,74,3100,28,77,62,1240,29,100,82,2480,30,114,72,1440,31,92,58,1160,32,113,80,1600,33,115,78,1560,34,105,64,1280,35,77,56,1120,36,63,82,4040,37,76,56,2140,38,78,56,1180,39,121,64,1280,40,89,56,1660,41,67,48,960,42,60,68,4060,43,81,68,2080,44,121,72,2040,45,120,74,1480,46,85,76,1520,47,98,58,1160,48,40,50,2200,49,74,54,1920,50,77,58,1160,51,81,60,2280,52,90,62,1240,53,78,62,2620,54,86,60,1200,55,84,76,2300,56,80,62,1600,57,91,66,1680,58,97,68,1360,59,96,52,1040,60,109,76,1580,61,63,50,1000,62,84,66,1380,63,85,58,1220,64,91,60,1200,65,70,58,1160,66,80,68,2080,67,86,64,1280,68,95,72,1440,69,73,54,1620,70,85,68,2860,71,117,74,1900,72,78,56,1120,73,96,80,3220,74,82,64,2120,75,97,62,1240,76,94,72,1440,77,106,76,1520,78,76,60,1680,79,76,66,2340,80,99,68,1360,81,98,72,1440,82,90,64,1280,83,75,58,1160,84,88,52,1040,85,101,74,1480,86,112,82,1640,87,95,60,2640,88,100,68,1360,89,82,56,1120,90,111,76,1520,91,100,78,3000,92,74,90,4260,93,118,80,1600,94,101,68,1360,95,69,58,1220,96,91,74,1480,97,88,66,1320,98,94,64,1640,99,39,48,2640,100,74,50,1000
12,252120,9590,1,103,68,1360,2,95,62,1240,3,96,62,1240,4,98,68,1360,5,84,60,1200,6,115,76,1520,7,78,62,1240,8,109,68,1360,9,109,78,1560,10,107,74,1480,11,119,80,2080,12,65,76,4880,13,105,64,1820,14,92,64,1280,15,79,56,1420,16,85,62,1240,17,102,72,1440,18,101,66,1620,19,119,82,1640,20,89,62,1780,21,115,76,1580,22,117,82,1640,23,118,72,1440,24,83,56,1120,25,122,86,1720,26,103,70,1460,27,101,74,2920,28,93,66,1440,29,109,72,2280,30,129,72,1440,31,105,68,1360,32,121,66,1320,33,124,60,1200,34,117,70,1400,35,86,58,1160,36,64,78,3720,37,87,66,2580,38,85,60,1320,39,117,78,1560,40,90,66,2040,41,72,52,1040,42,70,62,3460,43,91,74,2620,44,119,72,1980,45,115,70,1400,46,101,80,1600,47,103,66,1320,48,45,60,2700,49,81,60,2280,50,84,72,1440,51,90,72,2820,52,94,64,1280,53,86,64,3020,54,103,68,1360,55,95,84,2880,56,90,66,1800,57,100,66,1800,58,109,66,1440,59,106,68,1360,60,119,82,1700,61,68,50,1060,62,97,62,1360,63,94,64,1400,64,102,62,1300,65,89,58,1160,66,90,74,2620,67,103,62,1240,68,107,68,1360,69,83,60,1920,70,92,78,3900,71,120,70,2060,72,89,66,1380,73,101,80,3040,74,88,66,2160,75,103,68,1360,76,111,70,1400,77,124,74,1480,78,87,72,2220,79,87,58,2180,80,111,66,1320,81,115,72,1440,82,102,66,1320,83,82,62,1240,84,97,66,1320,85,116,74,1480,86,115,78,1560,87,102,68,2860,88,113,74,1480,89,93,58,1160,90,123,72,1440,91,109,80,3100,92,79,84,3600,93,122,72,1440,94,115,68,1360,95,72,56,1240,96,109,72,1440,97,101,60,1200,98,105,64,1760,99,42,54,3360,100,83,60,1200
13,76700,10796,1,115,70,1400,2,102,68,1360,3,105,68,1360,4,113,80,1600,5,98,72,1440,6,113,54,1080,7,91,64,1280,8,115,72,1440,9,116,72,1440,10,124,68,1360,11,123,78,2160,12,61,74,4960,13,113,72,2160,14,109,68,1420,15,94,58,1640,16,96,60,1200,17,121,70,1400,18,107,70,1880,19,126,72,1440,20,103,62,1960,21,121,64,1460,22,124,74,1480,23,128,76,1520,24,94,66,1320,25,119,62,1240,26,117,70,1460,27,111,82,3020,28,108,74,1720,29,119,72,2340,30,117,80,1600,31,119,66,1320,32,119,84,1680,33,117,82,1640,34,129,82,1640,35,99,64,1280,36,76,84,4320,37,98,72,2940,38,99,72,1560,39,125,64,1280,40,92,74,2560,41,85,58,1160,42,77,70,4280,43,99,82,2780,44,120,72,2160,45,130,88,1760,46,117,76,1520,47,111,68,1360,48,54,62,2920,49,87,68,2560,50,101,68,1360,51,101,84,3360,52,112,78,1560,53,97,70,3440,54,115,74,1480,55,101,72,2760,56,102,68,2080,57,110,74,2380,58,117,78,1800,59,121,68,1360,60,123,70,1460,61,72,54,1260,62,107,66,1440,63,101,66,1620,64,107,78,1740,65,102,68,1540,66,99,78,2700,67,117,74,1480,68,119,74,1480,69,98,60,2280,70,95,72,3660,71,124,92,2680,72,100,68,1540,73,109,86,3100,74,99,70,2300,75,114,72,1440,76,124,80,1600,77,114,66,1320,78,101,72,2580,79,94,72,3060,80,117,82,1640,81,133,78,1560,82,117,78,1560,83,92,68,1360,84,110,74,1480,85,122,66,1320,86,123,66,1320,87,114,76,3320,88,126,76,1520,89,109,74,1480,90,110,72,1440,91,110,76,3320,92,86,94,3920,93,109,74,1480,94,122,84,1680,95,79,64,1460,96,122,70,1400,97,105,72,1500,98,115,72,2040,99,48,58,3800,100,97,62,1240
14,-6435,12064,1,124,74,1480,2,110,72,1440,3,122,78,1560,4,118,60,1200,5,117,78,1560,6,125,74,1480,7,100,68,1360,8,125,72,1440,9,131,78,1560,10,118,78,1560,11,116,68,1900,12,66,78,5280,13,125,82,3080,14,119,72,1680,15,100,72,2040,16,105,68,1360,17,121,88,1760,18,120,74,2080,19,115,86,1720,20,106,86,2920,21,117,84,1980,22,112,72,1500,23,119,70,1400,24,107,74,1480,25,119,82,1640,26,132,80,1660,27,112,72,2760,28,122,76,2000,29,122,74,2380,30,120,68,1360,31,125,96,1920,32,123,70,1400,33,120,66,1320,34,125,64,1280,35,111,70,1400,36,76,84,4140,37,105,72,2820,38,115,68,1660,39,129,86,1720,40,107,68,2680,41,94,60,1200,42,83,66,4020,43,106,70,2360,44,120,68,1900,45,120,70,1400,46,118,62,1240,47,121,74,1540,48,62,66,3240,49,101,78,3120,50,115,70,1400,51,106,70,3080,52,119,66,1320,53,108,70,3380,54,122,70,1400,55,108,74,2920,56,116,76,2360,57,117,76,2660,58,126,62,1480,59,123,82,1640,60,110,82,1700,61,82,50,1300,62,119,76,1820,63,113,72,1860,64,118,66,1560,65,114,68,1660,66,115,80,2560,67,126,66,1320,68,121,66,1320,69,100,86,3040,70,99,80,4120,71,117,76,2300,72,110,74,1720,73,118,76,2840,74,109,70,2300,75,132,76,1520,76,123,60,1200,77,126,76,1520,78,111,74,2680,79,104,78,2940,80,120,70,1400,81,122,74,1480,82,121,62,1240,83,106,74,1480,84,125,84,1680,85,117,76,1520,86,116,84,1680,87,114,66,2940,88,118,64,1280,89,126,76,1520,90,128,80,1600,91,117,76,3140,92,83,78,3600,93,123,76,1520,94,113,68,1360,95,90,58,1460,96,118,86,1720,97,123,84,1920,98,128,76,2060,99,56,52,3380,100,106,72,1440
15,-41715,13332,1,119,72,1440,2,124,68,1360,3,119,66,1320,4,124,76,1520,5,122,58,1160,6,116,68,1360,7,108,78,1560,8,111,76,1520,9,124,68,1360,10,128,70,1400,11,121,88,2180,12,70,80,5320,13,116,70,2540,14,126,72,1740,15,114,72,1920,16,115,80,1600,17,109,66,1320,18,117,60,1680,19,116,68,1360,20,119,74,2380,21,120,72,1860,22,130,76,1580,23,131,94,1880,24,122,76,1520,25,128,72,1440,26,126,66,1380,27,128,78,2940,28,118,68,1840,29,111,66,2160,30,120,86,1720,31,119,74,1480,32,110,82,1640,33,123,92,1840,34,122,84,1680,35,119,74,1480,36,77,78,4140,37,113,74,3040,38,124,80,2080,39,125,70,1400,40,117,66,2340,41,107,70,1400,42,90,86,5320,43,119,80,2800,44,125,90,2760,45,119,88,1760,46,126,78,1620,47,120,62,1300,48,72,64,3320,49,111,76,3140,50,125,76,1520,51,112,72,3420,52,130,80,1600,53,114,80,4360,54,125,92,1840,55,120,80,3400,56,124,64,2120,57,119,66,2460,58,124,72,1680,59,117,70,1400,60,119,74,1540,61,82,58,1580,62,124,64,1760,63,122,68,1960,64,119,84,2280,65,113,80,1900,66,120,80,2800,67,117,82,1640,68,122,80,1600,69,103,72,2460,70,106,86,4420,71,119,70,2240,72,127,74,2080,73,119,70,2780,74,124,72,2280,75,122,82,1640,76,121,86,1720,77,117,68,1360,78,124,68,2800,79,121,88,3500,80,124,88,1760,81,116,66,1320,82,111,76,1520,83,123,80,1600,84,121,68,1360,85,123,74,1480,86,120,70,1400,87,121,88,3680,88,126,86,1720,89,116,60,1200,90,125,68,1360,91,119,80,3520,92,92,94,4580,93,115,72,1440,94,125,82,1700,95,101,66,1740,96,128,72,1440,97,119,60,1500,98,118,62,1660,99,65,60,4140,100,116,72,1440
16,-65345,14579,1,127,70,1400,2,127,96,1920,3,128,82,1640,4,121,68,1360,5,117,76,1520,6,120,76,1520,7,116,66,1320,8,118,64,1280,9,115,76,1520,10,115,76,1520,11,112,66,1620,12,79,84,5640,13,127,84,3300,14,118,76,1760,15,130,80,2380,16,120,72,1440,17,123,80,1600,18,121,84,2460,19,126,92,1840,20,126,64,2420,21,113,70,1880,22,117,82,1700,23,125,78,1560,24,121,68,1360,25,113,74,1480,26,129,92,1900,27,119,74,2920,28,129,82,2480,29,106,86,2800,30,117,74,1480,31,123,60,1200,32,120,66,1320,33,118,74,1480,34,120,74,1480,35,126,60,1200,36,82,74,4000,37,116,78,3420,38,119,70,1880,39,114,82,1640,40,129,86,3460,41,124,80,1600,42,93,78,4620,43,126,76,2720,44,124,74,2500,45,124,72,1440,46,123,66,1320,47,124,80,1660,48,77,72,3720,49,118,74,3040,50,119,68,1360,51,117,76,3800,52,125,70,1400,53,123,74,4180,54,117,66,1320,55,109,76,3200,56,122,78,2640,57,126,84,3300,58,113,64,1640,59,126,74,1600,60,119,70,1460,61,91,64,1760,62,116,82,2120,63,125,82,2600,64,122,70,1940,65,114,66,1860,66,123,74,2680,67,125,64,1280,68,116,66,1320,69,110,84,3420,70,104,82,4400,71,124,102,3060,72,116,74,2020,73,134,82,3080,74,120,74,2560,75,119,64,1280,76,117,70,1400,77,126,82,1640,78,113,74,3460,79,108,90,4200,80,119,72,1440,81,128,78,1560,82,119,72,1440,83,118,60,1200,84,122,86,1720,85,117,70,1400,86,124,92,1840,87,123,74,3160,88,126,64,1280,89,122,74,1480,90,124,84,1680,91,120,76,3200,92,94,80,3820,93,131,82,1640,94,123,68,1360,95,111,78,2100,96,112,72,1440,97,123,74,1720,98,125,76,1820,99,77,74,5320,100,131,78,1560
17,-84875,15765,1,117,72,1440,2,120,78,1560,3,125,74,1480,4,127,92,1840,5,121,64,1280,6,117,70,1400,7,126,100,2000,8,126,92,1840,9,115,62,1240,10,122,64,1280,11,116,84,1980,12,89,70,4820,13,123,72,2880,14,126,66,1620,15,130,66,1920,16,121,74,1480,17,116,72,1440,18,120,64,1880,19,121,72,1440,20,127,78,2580,21,122,74,2200,22,120,74,1480,23,122,76,1520,24,113,86,1720,25,134,80,1600,26,123,74,1600,27,123,68,2680,28,122,76,2360,29,109,66,2520,30,125,72,1440,31,113,72,1440,32,113,88,1760,33,121,62,1240,34,115,66,1320,35,120,66,1320,36,85,80,4180,37,117,62,2680,38,120,80,2080,39,121,68,1360,40,128,78,3060,41,117,70,1400,42,102,72,4260,43,121,68,2440,44,121,70,2360,45,113,72,1440,46,122,84,1680,47,120,72,1440,48,77,66,3240,49,119,68,2920,50,119,86,1720,51,117,68,3340,52,113,80,1600,53,115,68,3880,54,130,70,1400,55,127,78,3120,56,119,66,2340,57,121,74,3160,58,117,84,2100,59,115,72,1500,60,124,96,2040,61,101,70,2120,62,116,66,1800,63,122,72,2400,64,108,88,2420,65,122,86,2380,66,116,70,2480,67,117,84,1680,68,123,82,1640,69,118,74,2980,70,105,78,4320,71,122,74,2380,72,126,72,2100,73,123,74,2800,74,116,64,2480,75,130,80,1600,76,123,76,1520,77,120,70,1400,78,127,80,3460,79,108,82,3800,80,129,76,1520,81,116,66,1320,82,125,72,1440,83,125,68,1360,84,123,58,1160,85,128,78,1560,86,119,72,1440,87,115,70,2900,88,124,82,1640,89,116,70,1400,90,118,70,1400,91,119,68,2860,92,101,84,3420,93,124,74,1480,94,117,84,1680,95,114,68,2020,96,131,84,1680,97,115,68,1660,98,122,64,1580,99,87,72,5100,100,128,66,1320
18,-94225,17010,1,135,74,1480,2,124,70,1400,3,117,76,1520,4,121,76,1520,5,125,82,1640,6,131,84,1680,7,121,70,1400,8,120,78,1560,9,126,78,1560,10,111,80,1600,11,122,80,2080,12,85,76,5360,13,116,78,2760,14,123,78,1860,15,128,84,2460,16,119,70,1400,17,136,82,1640,18,120,74,2260,19,114,76,1520,20,116,66,2160,21,116,70,2120,22,116,68,1360,23,119,64,1280,24,121,72,1440,25,129,76,1520,26,115,68,1480,27,123,92,3640,28,117,68,2080,29,120,80,2920,30,110,78,1560,31,127,72,1440,32,115,68,1360,33,115,74,1480,34,125,84,1680,35,121,82,1640,36,100,82,4460,37,122,82,3620,38,119,64,2060,39,118,84,1680,40,120,72,2700,41,134,84,1680,42,98,76,4340,43,124,78,2760,44,121,84,3000,45,136,82,1640,46,117,62,1240,47,123,74,1480,48,90,70,3620,49,117,88,3620,50,125,70,1400,51,119,98,4780,52,120,70,1400,53,122,82,4580,54,119,76,1520,55,116,76,3140,56,126,76,2720,57,118,68,3220,58,126,74,1840,59,128,84,1740,60,120,78,1680,61,113,64,2000,62,123,82,2420,63,116,78,2520,64,111,80,2260,65,122,74,2140,66,125,82,2840,67,124,68,1360,68,119,70,1400,69,125,68,2620,70,114,82,4520,71,117,66,2100,72,117,74,2140,73,112,74,3280,74,122,80,2920,75,126,72,1440,76,116,64,1280,77,127,104,2080,78,121,70,3140,79,105,74,3580,80,122,76,1520,81,126,76,1520,82,111,72,1440,83,120,82,1640,84,122,80,1600,85,121,74,1480,86,123,70,1400,87,125,86,3700,88,115,66,1320,89,125,76,1520,90,133,74,1480,91,124,86,3700,92,104,76,3140,93,117,68,1360,94,120,74,1480,95,121,86,2800,96,123,74,1480,97,124,86,2020,98,122,88,2240,99,95,70,4940,100,122,80,1600
19,-107760,18160,1,124,76,1520,2,121,80,1600,3,119,68,1360,4,119,70,1400,5,115,66,1320,6,120,70,1400,7,121,82,1640,8,113,68,1360,9,119,74,1480,10,118,68,1360,11,120,76,1940,12,94,80,5740,13,116,72,2760,14,122,66,1620,15,118,68,1960,16,121,80,1600,17,128,68,1360,18,117,66,1920,19,123,74,1480,20,121,82,2660,21,122,86,2740,22,118,84,1680,23,130,80,1600,24,114,72,1440,25,125,72,1440,26,123,82,1880,27,115,76,3020,28,122,86,2380,29,118,72,2640,30,115,70,1400,31,113,78,1560,32,125,88,1760,33,123,72,1440,34,114,70,1400,35,118,70,1400,36,106,80,4480,37,113,68,2860,38,128,76,2720,39,124,68,1360,40,122,80,3340,41,129,72,1440,42,105,74,4540,43,119,70,2420,44,115,74,2740,45,129,74,1480,46,126,88,1760,47,118,70,1400,48,94,84,4200,49,115,74,3160,50,110,80,1600,51,125,82,3980,52,130,86,1720,53,117,72,4080,54,127,66,1320,55,125,70,2780,56,119,76,2900,57,122,88,3920,58,120,82,2000,59,121,74,1480,60,125,66,1560,61,124,82,2660,62,121,78,2760,63,119,70,2420,64,119,70,2060,65,119,68,2140,66,121,70,2420,67,118,86,1720,68,127,104,2080,69,121,92,3580,70,121,80,4480,71,122,84,2820,72,119,72,2100,73,122,78,3060,74,118,74,2680,75,114,70,1400,76,123,82,1640,77,123,94,1880,78,120,90,3960,79,110,86,4000,80,118,66,1320,81,124,62,1240,82,121,76,1520,83,120,70,1400,84,121,64,1280,85,118,66,1320,86,116,74,1480,87,117,76,3260,88,121,88,1760,89,122,62,1240,90,121,80,1600,91,121,72,3180,92,114,88,3560,93,120,90,1800,94,116,68,1360,95,117,60,2040,96,111,66,1320,97,118,68,1660,98,118,78,1980,99,103,74,5320,100,118,72,1440
20,-107450,19421,1,120,66,1320,2,121,68,1360,3,133,88,1760,4,129,82,1640,5,123,78,1560,6,120,90,1800,7,118,66,1320,8,120,80,1600,9,125,66,1320,10,128,80,1600,11,120,66,1560,12,100,74,5260,13,128,82,2900,14,116,74,1960,15,120,90,2820,16,118,66,1320,17,116,68,1360,18,120,82,2660,19,115,70,1400,20,114,72,2400,21,120,74,2260,22,121,76,1520,23,120,76,1520,24,122,76,1520,25,107,68,1360,26,121,68,1600,27,122,60,2400,28,116,72,2100,29,119,78,3000,30,134,76,1520,31,116,68,1360,32,119,72,1440,33,108,72,1440,34,129,82,1640,35,130,88,1760,36,107,82,4700,37,120,76,3260,38,118,64,2360,39,110,82,1640,40,113,68,2800,41,115,74,1480,42,116,68,4240,43,130,88,2720,44,126,72,2820,45,116,74,1480,46,122,74,1480,47,131,80,1600,48,97,74,3520,49,126,70,3080,50,122,70,1400,51,118,82,4340,52,120,76,1520,53,119,84,4920,54,122,72,1440,55,114,82,3500,56,122,70,2660,57,118,74,3400,58,124,66,1680,59,119,62,1240,60,122,82,1880,61,121,70,2180,62,122,68,2440,63,121,86,2500,64,117,88,2720,65,127,94,2540,66,115,88,2720,67,127,70,1400,68,123,86,1720,69,121,78,3000,70,107,74,4300,71,118,74,2440,72,119,76,2480,73,117,64,2480,74,126,70,2840,75,133,86,1720,76,118,74,1480,77,115,68,1360,78,121,70,3140,79,119,76,3500,80,128,84,1680,81,121,80,1600,82,119,70,1400,83,117,88,1760,84,115,82,1640,85,122,96,1920,86,123,72,1440,87,124,70,3140,88,117,70,1400,89,116,86,1720,90,113,68,1360,91,114,70,3140,92,110,78,3120,93,121,72,1440,94,123,86,1720,95,121,82,2720,96,119,84,1680,97,124,84,2160,98,124,68,1600,99,107,70,5000,100,132,78,1560
21,-107205,20679,1,125,84,1680,2,118,98,1960,3,128,78,1560,4,122,74,1480,5,120,66,1320,6,120,78,1560,7,126,76,1520,8,122,60,1200,9,124,78,1560,10,119,70,1400,11,121,92,2140,12,103,76,5360,13,124,68,2560,14,130,72,1980,15,117,70,2120,16,134,92,1840,17,124,90,1800,18,122,72,2160,19,126,74,1480,20,125,76,2420,21,122,70,2300,22,111,68,1360,23,116,68,1360,24,117,60,1200,25,119,82,1640,26,129,92,2140,27,116,72,2820,28,127,80,2500,29,124,72,2640,30,122,80,1600,31,122,92,1840,32,121,74,1480,33,122,76,1520,34,121,72,1440,35,120,76,1520,36,108,80,4840,37,122,68,2980,38,136,86,2920,39,112,64,1280,40,127,80,3340,41,125,72,1440,42,113,82,4940,43,124,76,2480,44,114,74,2680,45,131,72,1440,46,108,58,1160,47,125,70,1400,48,105,76,3620,49,115,80,3460,50,119,90,1800,51,117,72,3900,52,118,68,1360,53,121,64,3740,54,114,72,1440,55,121,68,2620,56,117,84,3360,57,126,80,3940,58,116,78,2160,59,123,88,1820,60,118,64,1580,61,121,80,2500,62,114,84,2880,63,114,78,2280,64,124,72,2220,65,120,74,2140,66,120,74,2440,67,113,66,1320,68,116,76,1520,69,113,74,3220,70,122,88,4760,71,128,76,2540,72,118,64,2060,73,124,78,2940,74,119,66,2520,75,123,72,1440,76,125,70,1400,77,122,78,1560,78,114,74,3220,79,111,82,3980,80,117,68,1360,81,118,66,1320,82,127,102,2040,83,116,74,1480,84,115,64,1280,85,117,72,1440,86,109,74,1480,87,119,86,4300,88,128,82,1640,89,114,72,1440,90,124,74,1480,91,124,92,4420,92,126,78,3360,93,118,74,1480,94,113,72,1440,95,123,74,2560,96,127,74,1480,97,120,78,2100,98,129,86,2020,99,116,80,5500,100,122,68,1360
22,-118425,21905,1,122,70,1400,2,126,76,1520,3,122,64,1280,4,115,68,1360,5,122,86,1720,6,123,76,1520,7,120,64,1280,8,122,80,1660,9,120,68,1360,10,132,94,1880,11,117,82,1940,12,108,76,5300,13,118,84,3240,14,119,76,2060,15,130,92,2920,16,126,80,1600,17,115,70,1400,18,112,66,2400,19,114,72,1440,20,119,78,2820,21,113,82,2600,22,127,84,1680,23,127,80,1600,24,125,92,1840,25,120,68,1360,26,124,74,1720,27,130,80,3040,28,119,72,2220,29,115,76,2960,30,116,72,1440,31,116,76,1520,32,119,74,1480,33,110,70,1400,34,113,72,1440,35,120,66,1320,36,113,76,4520,37,127,88,3740,38,136,74,2380,39,118,76,1520,40,115,70,2900,41,112,70,1400,42,117,70,4340,43,116,68,2260,44,133,76,2840,45,115,70,1400,46,114,76,1520,47,115,72,1440,48,110,78,3600,49,115,70,3200,50,116,76,1520,51,127,86,4660,52,128,84,1680,53,121,78,4200,54,130,84,1680,55,112,74,2800,56,117,72,2760,57,121,68,3340,58,121,64,1760,59,114,76,1520,60,132,82,1880,61,116,64,2240,62,116,66,2220,63,118,74,2140,64,114,78,2520,65,121,72,2100,66,124,70,2300,67,123,88,1760,68,121,66,1320,69,125,76,3020,70,118,84,4680,71,121,70,2540,72,131,84,2640,73,116,74,2920,74,128,84,3120,75,111,76,1520,76,117,76,1520,77,119,70,1400,78,124,80,3400,79,113,72,3240,80,119,84,1680,81,127,84,1680,82,122,86,1720,83,124,70,1400,84,127,80,1600,85,127,80,1600,86,124,78,1560,87,121,72,3300,88,127,70,1400,89,128,76,1580,90,112,68,1360,91,118,72,3300,92,118,74,3160,93,126,64,1280,94,132,78,1560,95,110,70,2600,96,111,70,1400,97,119,72,1980,98,124,72,1740,99,115,72,4800,100,119,84,1680
23,-119455,23107,1,118,88,1760,2,118,66,1320,3,118,84,1680,4,126,98,1960,5,120,72,1440,6,125,68,1360,7,126,78,1560,8,117,74,1540,9,129,86,1720,10,125,80,1600,11,123,74,1720,12,113,74,5080,13,119,74,2620,14,119,66,1800,15,120,76,2540,16,116,68,1360,17,128,84,1680,18,120,80,2620,19,137,90,1800,20,124,56,1900,21,118,84,3000,22,124,74,1540,23,124,72,1440,24,119,74,1480,25,132,92,1840,26,116,70,1580,27,121,66,2700,28,122,80,2800,29,124,72,2820,30,126,70,1400,31,121,68,1360,32,127,68,1360,33,125,82,1640,34,127,76,1520,35,123,76,1520,36,118,78,4800,37,115,72,3060,38,125,82,2660,39,121,74,1480,40,132,76,2960,41,127,84,1680,42,124,84,5160,43,125,88,3140,44,118,72,2400,45,132,80,1600,46,118,66,1320,47,133,78,1620,48,112,74,3280,49,126,78,3540,50,124,74,1480,51,118,72,3840,52,122,70,1400,53,114,62,3460,54,124,70,1400,55,127,76,2780,56,128,80,3280,57,116,84,4080,58,125,80,2440,59,125,70,1460,60,125,70,1580,61,120,82,2960,62,124,86,2740,63,122,70,2060,64,121,72,2220,65,119,72,2160,66,115,80,2980,67,120,82,1640,68,119,90,1800,69,117,64,2720,70,109,80,4540,71,117,84,2580,72,126,68,2140,73,125,74,2860,74,124,70,2780,75,124,68,1360,76,118,66,1320,77,122,80,1600,78,117,62,2800,79,123,80,4000,80,121,74,1480,81,122,72,1440,82,116,78,1560,83,117,76,1520,84,124,70,1400,85,118,74,1480,86,117,68,1360,87,121,84,4320,88,116,74,1480,89,120,74,1540,90,126,76,1520,91,125,88,4400,92,118,76,3560,93,117,78,1560,94,125,68,1360,95,121,72,2460,96,129,76,1520,97,123,70,1880,98,109,80,1840,99,117,84,5820,100,127,64,1280
24,-124080,24273,1,125,74,1480,2,127,90,1800,3,117,74,1480,4,117,80,1600,5,116,68,1360,6,128,90,1800,7,117,62,1240,8,121,70,1460,9,122,68,1360,10,124,70,1400,11,117,68,1660,12,111,76,5180,13,127,76,3080,14,126,86,2380,15,125,74,2500,16,123,84,1680,17,121,70,1400,18,122,72,2460,19,134,72,1440,20,122,72,2580,21,118,70,2540,22,116,68,1420,23,108,76,1520,24,119,62,1240,25,125,66,1320,26,128,94,2120,27,125,92,3520,28,116,70,2420,29,108,90,4080,30,117,72,1440,31,111,76,1520,32,117,76,1520,33,117,72,1440,34,119,72,1440,35,115,70,1400,36,120,76,4640,37,131,74,3160,38,118,76,2360,39,119,68,1360,40,119,82,3320,41,120,60,1200,42,114,72,4560,43,119,74,2680,44,126,84,2940,45,120,68,1360,46,123,86,1720,47,117,80,1660,48,126,76,3380,49,118,72,3180,50,116,68,1360,51,117,78,4200,52,123,84,1680,53,118,86,4960,54,114,72,1440,55,117,78,3540,56,118,74,2920,57,122,72,3600,58,122,74,2080,59,111,76,1580,60,121,74,1720,61,121,72,2580,62,124,72,2280,63,121,90,2820,64,115,70,2240,65,121,74,2200,66,118,68,2560,67,121,72,1440,68,126,74,1480,69,122,86,3400,70,116,78,4440,71,120,70,2240,72,120,82,2480,73,115,76,3200,74,113,86,4000,75,124,88,1760,76,124,88,1760,77,120,68,1360,78,124,82,3500,79,120,74,3520,80,119,70,1400,81,114,70,1400,82,122,70,1400,83,118,68,1360,84,120,76,1520,85,124,68,1360,86,124,82,1640,87,123,80,4060,88,124,70,1400,89,119,66,1380,90,117,70,1400,91,121,82,4100,92,127,72,3240,93,120,70,1400,94,117,92,1840,95,119,74,2680,96,118,76,1520,97,114,84,2340,98,114,64,1580,99,116,76,5120,100,119,86,1720
25,-103600,25510,1,116,66,1320,2,122,74,1480,3,128,64,1280,4,121,68,1360,5,122,86,1720,6,118,72,1440,7,129,74,1480,8,122,94,1940,9,119,92,1840,10,110,78,1560,11,123,86,2020,12,120,78,5280,13,115,70,2960,14,121,70,2000,15,117,80,2680,16,115,76,1520,17,118,86,1720,18,117,72,2520,19,118,72,1440,20,118,70,2540,21,124,90,3300,22,126,92,2020,23,122,72,1440,24,127,76,1520,25,125,86,1720,26,119,74,1660,27,119,74,3100,28,129,80,2740,29,117,76,3200,30,135,78,1560,31,116,66,1320,32,123,70,1400,33,127,80,1600,34,125,72,1440,35,133,84,1680,36,110,80,4960,37,121,76,3320,38,124,76,2420,39,131,92,1840,40,122,70,2840,41,128,78,1560,42,126,78,5040,43,123,92,4060,44,121,70,2480,45,122,84,1680,46,120,74,1480,47,129,70,1580,48,116,74,3400,49,122,76,3440,50,130,102,2040,51,124,72,3840,52,118,74,1480,53,124,74,4180,54,125,74,1480,55,120,72,3060,56,129,80,3520,57,115,80,4240,58,115,68,2080,59,124,76,1760,60,118,64,1460,61,119,82,3140,62,108,78,2460,63,124,78,2400,64,127,80,2560,65,116,68,2080,66,128,104,4300,67,120,74,1480,68,116,86,1720,69,113,74,2920,70,120,78,4680,71,119,90,2640,72,114,70,2360,73,121,78,3180,74,112,70,3080,75,113,76,1520,76,118,78,1560,77,121,90,1800,78,114,64,2960,79,113,70,3080,80,124,98,1960,81,125,82,1640,82,120,90,1800,83,124,86,1720,84,118,66,1320,85,125,94,1880,86,124,66,1320,87,116,70,3440,88,120,78,1560,89,124,76,1580,90,131,76,1520,91,120,72,3480,92,117,80,3520,93,121,88,1760,94,120,74,1480,95,122,66,2400,96,121,62,1240,97,122,74,2080,98,114,80,1900,99,119,72,4920,100,118,72,1440
26,-115755,26711,1,124,92,1840,2,119,62,1240,3,128,92,1840,4,121,84,1680,5,122,70,1400,6,131,78,1560,7,114,74,1480,8,115,76,1580,9,125,70,1400,10,115,66,1320,11,115,78,1860,12,114,72,4980,13,121,78,3480,14,125,82,2240,15,120,70,2060,16,119,74,1480,17,116,72,1440,18,131,74,2140,19,127,80,1600,20,122,92,3400,21,118,74,2560,22,117,76,1640,23,113,76,1520,24,122,72,1440,25,115,72,1440,26,124,62,1660,27,133,72,2880,28,124,72,2520,29,112,72,3060,30,118,70,1400,31,127,82,1640,32,108,74,1480,33,121,66,1320,34,110,74,1480,35,124,74,1480,36,117,78,4680,37,121,66,3180,38,115,72,2520,39,117,78,1560,40,114,86,3280,41,117,64,1280,42,120,76,4760,43,119,80,3340,44,123,94,3320,45,119,64,1280,46,118,74,1480,47,124,72,1560,48,123,72,3240,49,117,66,3000,50,121,88,1760,51,109,82,4340,52,121,68,1360,53,111,80,4840,54,112,66,1320,55,125,78,3360,56,120,70,3020,57,118,72,3840,58,117,86,2440,59,117,66,1560,60,129,84,2100,61,123,70,2480,62,122,78,2640,63,118,70,2360,64,120,74,2320,65,121,78,2340,66,126,86,3460,67,120,66,1320,68,120,70,1400,69,127,78,3120,70,118,68,4000,71,129,88,2600,72,128,84,2520,73,107,78,3000,74,127,76,3140,75,118,70,1400,76,121,66,1320,77,122,74,1480,78,121,76,3320,79,125,96,4620,80,119,80,1600,81,118,64,1280,82,120,76,1520,83,120,76,1520,84,128,80,1600,85,124,82,1640,86,126,82,1640,87,128,88,4100,88,114,68,1360,89,119,64,1340,90,117,92,1840,91,118,76,3860,92,123,76,3380,93,122,78,1560,94,118,64,1280,95,124,84,3000,96,123,82,1640,97,111,62,1840,98,118,62,1540,99,131,88,6140,100,133,82,1640
27,-116375,27971,1,118,76,1520,2,125,78,1560,3,123,76,1520,4,117,76,1520,5,116,90,1800,6,122,72,1440,7,127,76,1520,8,121,72,1500,9,116,72,1440,10,117,72,1440,11,122,62,1540,12,125,74,5200,13,119,74,3100,14,118,72,1920,15,125,84,2460,16,119,70,1400,17,130,74,1480,18,115,82,2420,19,117,66,1320,20,116,80,2920,21,125,74,2680,22,121,74,1540,23,122,64,1280,24,110,74,1480,25,131,76,1520,26,119,80,1960,27,120,82,3500,28,113,78,2460,29,131,84,3300,30,119,80,1600,31,119,68,1360,32,122,80,1600,33,111,82,1640,34,131,76,1520,35,121,74,1480,36,119,76,4640,37,114,76,3200,38,130,70,2300,39,122,68,1360,40,116,64,2300,41,133,78,1560,42,118,72,4380,43,122,68,2800,44,120,80,2800,45,125,84,1680,46,126,64,1280,47,117,72,1500,48,113,80,3460,49,128,86,4060,50,118,78,1560,51,114,74,4120,52,119,94,1880,53,116,72,4440,54,122,86,1720,55,120,76,3320,56,121,90,3780,57,125,84,4320,58,129,76,2120,59,123,90,2040,60,126,76,1880,61,115,78,2760,62,117,68,2260,63,126,88,2960,64,121,64,2180,65,117,62,1900,66,121,80,3040,67,123,80,1600,68,121,84,1680,69,120,60,2220,70,122,84,4740,71,127,70,2180,72,121,72,2340,73,118,86,3580,74,115,72,3060,75,137,96,1920,76,118,88,1760,77,112,68,1360,78,115,72,3420,79,119,80,3700,80,124,68,1360,81,126,82,1640,82,122,62,1240,83,119,74,1480,84,126,62,1240,85,118,74,1480,86,119,70,1400,87,124,72,3420,88,121,94,1880,89,123,90,1860,90,122,72,1440,91,121,70,3380,92,114,70,3080,93,111,66,1320,94,130,86,1720,95,119,70,2600,96,119,72,1440,97,118,70,1880,98,129,72,1740,99,123,74,5020,100,129,70,1400
28,-122775,29188,1,126,72,1440,2,119,72,1440,3,120,70,1400,4,128,70,1400,5,122,74,1480,6,108,74,1480,7,117,68,1360,8,116,74,1540,9,130,82,1640,10,136,90,1800,11,123,76,1760,12,120,72,4980,13,119,76,3200,14,127,76,2000,15,119,74,2140,16,121,86,1720,17,116,74,1480,18,122,76,2180,19,128,82,1640,20,121,70,2780,21,121,70,2360,22,115,72,1500,23,117,84,1680,24,133,84,1680,25,118,76,1520,26,123,68,1720,27,119,76,3260,28,115,68,2140,29,118,66,2580,30,116,68,1360,31,126,86,1720,32,118,74,1480,33,116,74,1480,34,117,78,1560,35,119,68,1360,36,122,76,4640,37,114,72,3120,38,119,76,2720,39,119,96,1920,40,129,76,2900,41,120,70,1400,42,119,76,4700,43,111,76,3140,44,120,78,2820,45,120,66,1320,46,124,86,1720,47,130,78,1620,48,115,72,3120,49,120,80,3760,50,120,68,1360,51,124,84,4500,52,124,74,1480,53,128,80,4720,54,118,68,1360,55,115,74,3340,56,110,82,3260,57,118,74,3880,58,124,74,1960,59,124,78,1800,60,119,64,1640,61,116,64,2240,62,120,88,2960,63,117,70,2360,64,111,80,2620,65,126,74,2260,66,122,84,3300,67,119,66,1320,68,116,68,1360,69,119,70,2780,70,123,80,4660,71,116,72,2340,72,115,70,2420,73,122,82,3380,74,126,74,2740,75,127,74,1480,76,120,78,1560,77,124,80,1600,78,124,76,3380,79,124,74,3340,80,122,90,1800,81,118,66,1320,82,120,82,1640,83,123,64,1280,84,128,84,1680,85,123,68,1360,86,124,86,1720,87,117,88,4520,88,113,82,1640,89,118,70,1460,90,114,74,1480,91,119,94,4640,92,123,76,3440,93,116,90,1800,94,124,72,1440,95,120,84,3300,96,125,72,1440,97,122,94,2360,98,115,78,1800,99,118,72,4920,100,117,70,1400
29,-118160,30416,1,113,74,1480,2,126,76,1520,3,122,90,1800,4,115,74,1480,5,116,70,1400,6,128,94,1880,7,127,88,1760,8,122,70,1520,9,125,66,1320,10,125,78,1560,11,111,66,1500,12,119,82,5660,13,127,72,3240,14,116,70,1880,15,124,70,2180,16,118,64,1280,17,123,74,1480,18,117,68,2140,19,117,72,1440,20,112,82,3140,21,117,96,3180,22,135,70,1520,23,121,70,1400,24,133,70,1400,25,125,68,1360,26,118,86,2140,27,118,68,2980,28,118,84,2580,29,127,88,3320,30,117,84,1680,31,118,74,1480,32,122,70,1400,33,128,72,1440,34,115,70,1400,35,127,90,1800,36,115,78,4800,37,121,76,3080,38,122,62,2320,39,123,78,1560,40,117,66,2640,41,126,86,1720,42,124,70,4340,43,119,70,2900,44,123,72,2520,45,124,74,1480,46,118,78,1560,47,123,68,1480,48,129,84,3720,49,120,74,3400,50,117,84,1680,51,117,76,4100,52,114,66,1320,53,118,66,4020,54,126,80,1600,55,126,76,3140,56,119,74,2860,57,121,70,3380,58,119,68,1960,59,119,74,1720,60,132,82,2060,61,119,74,2740,62,121,80,2680,63,129,88,3140,64,119,68,2200,65,114,80,2200,66,116,76,3020,67,122,84,1680,68,122,90,1800,69,123,88,3080,70,109,70,4220,71,131,82,2720,72,128,82,2480,73,113,76,3140,74,113,74,3040,75,115,80,1600,76,126,68,1360,77,118,72,1440,78,114,74,3940,79,115,78,3780,80,112,74,1480,81,131,78,1560,82,121,74,1480,83,113,78,1560,84,124,68,1360,85,114,74,1480,86,114,70,1400,87,121,78,3780,88,117,72,1440,89,127,90,1920,90,126,72,1440,91,121,80,3820,92,118,70,3080,93,120,78,1560,94,114,72,1440,95,119,74,2620,96,112,78,1560,97,121,78,2040,98,115,60,1380,99,131,80,5560,100,128,84,1680
30,-125505,31633,1,130,78,1560,2,121,66,1320,3,119,74,1480,4,128,64,1280,5,128,80,1600,6,119,70,1400,7,123,72,1440,8,113,84,1920,9,117,80,1600,10,116,70,1400,11,121,84,2040,12,119,76,5300,13,109,74,3160,14,131,80,2080,15,114,80,2800,16,131,78,1560,17,114,68,1360,18,129,92,3040,19,134,84,1680,20,122,70,2780,21,118,70,2360,22,119,68,1600,23,119,86,1720,24,119,68,1360,25,124,94,1880,26,125,76,1820,27,122,74,3220,28,126,70,2120,29,123,74,2800,30,124,74,1480,31,124,68,1360,32,123,82,1640,33,111,80,1600,34,122,72,1440,35,122,72,1440,36,124,78,4740,37,118,72,2940,38,121,82,3200,39,111,66,1320,40,129,76,2720,41,119,72,1440,42,118,84,5280,43,122,84,3540,44,113,78,2700,45,114,68,1360,46,123,68,1360,47,120,88,2000,48,121,76,3320,49,118,78,3660,50,123,74,1480,51,121,72,3900,52,124,88,1760,53,127,80,4420,54,120,68,1360,55,115,74,3160,56,125,80,3340,57,117,88,4100,58,126,74,1900,59,128,64,1520,60,123,68,1660,61,122,62,2200,62,119,82,3200,63,118,68,2440,64,123,86,2560,65,116,72,2040,66,123,78,3420,67,123,70,1400,68,118,70,1400,69,120,74,2680,70,122,76,4640,71,124,76,2600,72,122,76,2360,73,117,76,3260,74,123,80,2920,75,120,72,1440,76,119,90,1800,77,131,74,1480,78,126,68,3520,79,120,74,3460,80,136,86,1720,81,123,72,1440,82,115,68,1360,83,117,64,1280,84,123,78,1560,85,130,78,1560,86,131,70,1400,87,117,74,3700,88,131,74,1480,89,125,78,1800,90,119,76,1520,91,122,80,3820,92,125,86,4120,93,117,68,1360,94,127,76,1520,95,121,66,2520,96,120,60,1200,97,120,72,1920,98,126,78,1920,99,120,74,5200,100,121,74,1480
31,-121645,32851,1,125,74,1480,2,121,86,1720,3,119,72,1440,4,125,88,1760,5,128,64,1280,6,132,88,1760,7,109,74,1480,8,119,74,1660,9,121,74,1480,10,129,76,1520,11,108,72,1740,12,121,70,4820,13,122,80,3400,14,123,70,1820,15,119,70,2240,16,124,72,1440,17,125,78,1560,18,124,76,2360,19,126,70,1400,20,120,80,3040,21,126,92,3100,22,131,78,1860,23,126,78,1560,24,125,90,1800,25,118,74,1480,26,112,72,1800,27,117,66,2940,28,118,78,2220,29,119,68,2620,30,121,72,1440,31,125,96,1920,32,113,72,1440,33,115,66,1320,34,108,72,1440,35,113,70,1400,36,115,78,4680,37,133,78,3120,38,115,70,2720,39,120,84,1680,40,114,72,2700,41,123,80,1600,42,122,78,4800,43,117,70,2780,44,117,72,2580,45,126,88,1760,46,124,88,1760,47,121,80,1900,48,118,68,2980,49,122,70,3200,50,116,72,1440,51,110,76,4220,52,118,74,1480,53,119,70,4160,54,121,84,1680,55,125,76,3140,56,122,68,2560,57,118,66,3180,58,114,68,1660,59,118,74,1660,60,123,86,2080,61,120,82,2900,62,123,68,2680,63,131,92,3460,64,116,80,2380,65,128,66,1980,66,119,72,2820,67,117,78,1560,68,131,88,1760,69,122,70,2660,70,114,70,4160,71,120,70,2720,72,116,66,2100,73,121,72,3060,74,120,70,2660,75,119,78,1560,76,118,76,1520,77,116,82,1640,78,116,86,4660,79,119,74,3460,80,130,70,1400,81,108,72,1440,82,130,90,1800,83,121,80,1600,84,114,70,1400,85,123,70,1400,86,119,70,1400,87,130,72,3420,88,117,70,1400,89,116,68,1540,90,117,66,1320,91,111,74,3460,92,115,74,3400,93,122,86,1720,94,122,70,1400,95,121,84,3300,96,125,74,1480,97,119,80,2020,98,122,66,1620,99,123,72,5040,100,116,72,1440
32,-117990,34044,1,112,68,1360,2,120,72,1440,3,124,74,1480,4,119,74,1480,5,128,88,1760,6,126,72,1440,7,126,86,1720,8,118,68,1540,9,118,66,1320,10,125,74,1480,11,118,72,1740,12,111,86,6100,13,116,68,2920,14,116,86,2140,15,125,78,2520,16,113,76,1520,17,116,64,1280,18,119,68,2320,19,117,72,1440,20,120,74,2800,21,124,76,2600,22,126,72,1680,23,120,68,1360,24,116,80,1600,25,123,70,1400,26,124,78,1920,27,125,86,3760,28,119,72,2100,29,125,80,3100,30,116,74,1480,31,119,82,1640,32,129,80,1600,33,127,92,1840,34,128,88,1760,35,127,76,1520,36,120,78,4740,37,125,76,2960,38,124,86,3520,39,118,72,1440,40,128,72,2820,41,120,70,1400,42,118,74,4540,43,126,82,3140,44,127,78,2940,45,119,76,1520,46,115,72,1440,47,117,74,1720,48,132,92,4240,49,122,92,4300,50,127,74,1480,51,117,70,3500,52,124,74,1480,53,124,76,4640,54,118,66,1320,55,115,76,3260,56,115,88,3320,57,123,90,4260,58,122,72,1860,59,124,72,1980,60,114,74,1840,61,121,64,2360,62,115,86,3520,63,126,76,2840,64,117,68,2260,65,124,88,2660,66,118,76,3020,67,120,72,1440,68,127,78,1560,69,117,78,2940,70,119,84,5160,71,115,88,3080,72,126,80,2500,73,112,78,3600,74,120,92,3340,75,123,68,1360,76,127,74,1480,77,121,78,1560,78,119,76,4160,79,127,80,4000,80,118,68,1360,81,121,78,1560,82,119,64,1280,83,114,74,1480,84,127,82,1640,85,113,76,1520,86,118,90,1800,87,114,76,3620,88,128,80,1600,89,120,88,1940,90,131,86,1720,91,127,86,3820,92,125,76,3380,93,116,78,1560,94,116,90,1800,95,118,70,2540,96,115,68,1360,97,120,68,1780,98,118,82,1940,99,111,84,6000,100,128,76,1520
33,-121350,35196,1,121,76,1520,2,118,76,1520,3,117,70,1400,4,122,68,1360,5,124,68,1360,6,112,74,1480,7,121,76,1520,8,123,88,2000,9,127,88,1760,10,116,72,1440,11,127,74,1720,12,115,76,5300,13,124,92,4060,14,125,74,1720,15,123,72,2520,16,120,72,1440,17,131,86,1720,18,118,88,2840,19,131,76,1520,20,115,74,3280,21,115,72,2820,22,112,72,1620,23,126,84,1680,24,123,64,1280,25,117,82,1640,26,117,66,1620,27,121,70,3080,28,129,76,2420,29,117,68,2560,30,122,72,1440,31,119,64,1280,32,125,70,1400,33,120,76,1520,34,119,78,1560,35,123,66,1320,36,120,76,4580,37,115,72,3000,38,119,76,2960,39,136,86,1720,40,115,72,2880,41,122,94,1880,42,120,74,4360,43,124,68,2440,44,120,72,2700,45,125,66,1320,46,136,82,1640,47,124,68,1540,48,122,76,3440,49,116,80,3760,50,113,82,1640,51,133,80,4060,52,115,70,1400,53,119,68,4120,54,120,84,1680,55,122,70,2900,56,120,74,2800,57,119,76,3560,58,113,70,1880,59,114,74,2020,60,130,80,1900,61,121,98,3340,62,124,78,3000,63,119,70,2480,64,125,80,2500,65,119,74,2200,66,121,62,2320,67,121,78,1560,68,121,70,1400,69,126,74,2920,70,124,74,4240,71,122,76,2600,72,121,76,2420,73,116,70,3080,74,120,70,2600,75,125,100,2000,76,112,86,1720,77,115,72,1440,78,120,68,3520,79,122,70,3260,80,122,82,1640,81,115,72,1440,82,127,84,1680,83,125,80,1600,84,119,72,1440,85,124,66,1320,86,117,70,1400,87,119,68,3340,88,123,64,1280,89,119,84,1920,90,126,72,1440,91,122,76,3500,92,116,70,3080,93,119,74,1480,94,118,74,1480,95,124,86,3100,96,123,82,1640,97,119,92,2080,98,122,66,1560,99,116,68,4840,100,120,68,1360
34,-110365,36418,1,118,64,1280,2,125,70,1400,3,129,78,1560,4,117,74,1480,5,119,90,1800,6,127,78,1560,7,114,70,1400,8,117,76,1760,9,118,76,1520,10,130,72,1440,11,116,84,2220,12,122,74,5020,13,120,74,3100,14,118,76,1760,15,112,70,2120,16,116,70,1400,17,127,74,1480,18,127,74,2200,19,116,74,1480,20,120,68,2680,21,128,72,2400,22,118,70,1640,23,117,78,1560,24,120,92,1840,25,126,66,1320,26,122,82,1880,27,114,90,4020,28,126,68,2140,29,126,90,3660,30,109,78,1560,31,130,86,1720,32,112,82,1640,33,127,68,1360,34,123,70,1400,35,126,80,1600,36,118,74,4360,37,134,82,3380,38,125,68,2680,39,126,72,1440,40,124,72,2760,41,121,76,1520,42,120,74,4540,43,117,80,3040,44,123,80,3220,45,118,80,1600,46,133,62,1240,47,118,88,2000,48,111,66,3120,49,119,78,3660,50,122,64,1280,51,123,74,4000,52,133,80,1600,53,119,86,5380,54,121,66,1320,55,114,86,3760,56,123,68,2560,57,126,72,3480,58,126,70,1880,59,127,76,2060,60,125,70,1640,61,118,76,2480,62,113,68,2680,63,127,86,3280,64,117,70,2240,65,123,70,2240,66,127,84,3120,67,116,68,1360,68,117,94,1880,69,116,72,2760,70,114,76,4640,71,112,70,2540,72,119,66,2160,73,121,88,3980,74,117,98,3820,75,127,76,1520,76,113,78,1560,77,127,74,1480,78,121,90,4500,79,119,88,4100,80,115,70,1400,81,127,76,1520,82,116,74,1480,83,116,64,1280,84,125,74,1480,85,117,78,1560,86,131,96,1920,87,136,90,4380,88,118,74,1480,89,123,72,1680,90,113,68,1360,91,112,80,4180,92,127,84,3600,93,127,66,1320,94,126,70,1400,95,120,72,2700,96,119,66,1320,97,130,68,1600,98,120,90,2340,99,127,86,6100,100,124,86,1720
35,-126665,37575,1,123,80,1600,2,114,76,1520,3,121,62,1240,4,122,70,1400,5,123,76,1520,6,120,70,1400,7,126,82,1640,8,120,68,1600,9,120,68,1360,10,120,78,1560,11,120,74,2020,12,114,76,5420,13,120,78,3660,14,121,68,1720,15,126,82,2540,16,126,78,1560,17,112,78,1560,18,113,84,2580,19,122,74,1480,20,118,88,3560,21,117,78,2580,22,130,82,1820,23,122,72,1440,24,117,78,1560,25,123,88,1760,26,113,70,1640,27,117,72,3180,28,117,82,2420,29,120,78,3180,30,115,70,1400,31,129,70,1400,32,117,74,1480,33,116,74,1480,34,118,76,1520,35,117,66,1320,36,126,80,4540,37,127,66,2760,38,123,86,3580,39,114,76,1520,40,113,76,3080,41,118,68,1360,42,121,70,4280,43,118,64,2360,44,118,72,2640,45,122,74,1480,46,132,76,1520,47,118,66,1500,48,117,78,3600,49,118,76,3320,50,121,82,1640,51,122,70,3620,52,127,70,1400,53,118,74,4600,54,120,90,1800,55,119,76,3440,56,121,82,3020,57,117,80,4120,58,115,72,1920,59,119,72,1980,60,112,88,2000,61,124,72,2460,62,124,84,3540,63,126,76,2720,64,129,82,2600,65,120,84,2820,66,122,64,2360,67,125,84,1680,68,121,78,1560,69,134,86,3280,70,126,66,3780,71,129,78,2580,72,121,78,2520,73,114,70,3140,74,131,78,3180,75,118,62,1240,76,120,68,1360,77,118,72,1440,78,113,74,3700,79,125,70,2840,80,128,90,1800,81,122,70,1400,82,122,66,1320,83,122,84,1680,84,109,62,1240,85,122,74,1480,86,126,74,1480,87,130,80,3820,88,121,68,1360,89,109,84,1920,90,122,78,1560,91,116,74,3700,92,120,76,3320,93,126,84,1680,94,119,72,1440,95,120,76,2900,96,121,86,1720,97,117,74,1840,98,127,84,2220,99,114,60,4200,100,121,76,1520
36,-128555,38724,1,117,62,1240,2,121,70,1400,3,115,78,1560,4,116,82,1640,5,120,62,1240,6,128,86,1720,7,116,68,1360,8,118,72,1740,9,123,84,1680,10,125,72,1440,11,120,68,1720,12,120,74,5200,13,118,70,3320,14,121,92,2320,15,118,64,2000,16,116,68,1360,17,118,68,1360,18,118,74,2200,19,114,66,1320,20,123,72,3060,21,122,68,2260,22,125,70,1580,23,114,74,1480,24,121,68,1360,25,117,74,1480,26,130,74,1660,27,120,84,3840,28,127,66,2400,29,121,76,3140,30,129,80,1600,31,112,76,1520,32,122,68,1360,33,122,68,1360,34,120,62,1240,35,127,78,1560,36,119,80,4720,37,125,90,3960,38,121,78,3180,39,119,66,1320,40,119,64,2480,41,119,88,1760,42,122,96,5220,43,126,84,3000,44,129,80,2860,45,118,70,1400,46,119,74,1480,47,127,86,1900,48,121,74,3340,49,116,76,3740,50,116,70,1400,51,110,84,4500,52,111,78,1560,53,117,72,4560,54,115,70,1400,55,121,74,3340,56,110,72,2580,57,123,72,3540,58,125,76,2300,59,125,74,2020,60,116,80,1780,61,112,70,2300,62,116,76,3140,63,119,70,2600,64,124,68,2320,65,120,72,2400,66,120,76,2840,67,119,72,1440,68,115,66,1320,69,126,72,2640,70,123,94,5180,71,123,70,2420,72,114,74,2440,73,124,86,3880,74,122,72,3060,75,129,80,1600,76,123,82,1640,77,125,76,1520,78,125,78,3780,79,110,74,3100,80,124,74,1480,81,108,82,1640,82,111,78,1560,83,117,70,1400,84,116,88,1760,85,116,72,1440,86,116,76,1520,87,124,78,3780,88,121,88,1760,89,115,68,1660,90,114,72,1440,91,122,76,3740,92,123,78,3600,93,127,68,1360,94,126,68,1360,95,125,78,2940,96,115,68,1360,97,126,74,1960,98,124,72,1800,99,122,78,5520,100,119,70,1400
37,-114655,39956,1,121,82,1640,2,119,78,1560,3,121,58,1160,4,124,70,1400,5,122,82,1640,6,123,76,1520,7,126,90,1800,8,125,80,2020,9,118,76,1520,10,114,76,1520,11,117,88,2300,12,121,76,5360,13,128,88,4100,14,117,70,1760,15,123,88,2480,16,126,80,1600,17,128,92,1840,18,118,68,2080,19,118,80,1600,20,111,82,3740,21,127,94,3020,22,115,88,2180,23,122,78,1560,24,125,86,1720,25,121,72,1440,26,115,78,1740,27,115,72,3000,28,121,76,2720,29,119,76,3260,30,127,66,1320,31,120,74,1480,32,116,92,1840,33,116,82,1640,34,123,70,1400,35,118,72,1440,36,126,78,4620,37,119,76,3320,38,115,70,2780,39,133,78,1560,40,125,80,3040,41,118,68,1360,42,120,78,4320,43,117,72,2700,44,121,74,2740,45,128,80,1600,46,125,66,1320,47,120,80,2020,48,116,76,3380,49,120,70,3260,50,133,88,1760,51,110,74,4060,52,118,70,1400,53,128,84,5100,54,125,82,1640,55,111,80,3760,56,126,76,2660,57,116,78,3780,58,119,62,2200,59,118,66,1860,60,121,72,1620,61,122,84,2820,62,123,72,2820,63,126,90,3120,64,120,86,2740,65,121,78,2640,66,126,70,2660,67,123,74,1480,68,122,92,1840,69,116,78,3000,70,115,80,4480,71,126,96,3120,72,127,82,2660,73,123,74,3040,74,111,74,3220,75,125,64,1280,76,115,72,1440,77,117,72,1440,78,117,78,4080,79,128,82,3380,80,119,68,1360,81,109,68,1360,82,117,72,1440,83,130,86,1720,84,118,74,1480,85,132,74,1480,86,123,74,1480,87,115,68,3280,88,113,66,1320,89,125,90,2220,90,127,80,1600,91,120,72,3360,92,116,70,3080,93,116,78,1560,94,120,80,1600,95,122,74,2620,96,126,80,1600,97,117,74,1840,98,112,80,2140,99,120,74,5260,100,129,78,1560
38,-126085,41073,1,118,68,1360,2,120,66,1320,3,117,72,1440,4,118,76,1520,5,117,76,1520,6,117,70,1400,7,126,70,1400,8,122,74,1840,9,120,68,1360,10,123,72,1440,11,123,70,1940,12,116,68,4720,13,120,72,3120,14,128,88,2240,15,113,74,2140,16,116,66,1320,17,121,80,1600,18,130,90,2460,19,124,72,1440,20,114,70,2900,21,120,80,2440,22,119,70,1640,23,112,72,1440,24,112,76,1520,25,114,76,1520,26,121,68,1600,27,126,84,3480,28,118,72,2580,29,113,74,3160,30,131,88,1760,31,120,66,1320,32,116,80,1600,33,121,72,1440,34,113,80,1600,35,127,72,1440,36,123,74,4420,37,112,68,2920,38,121,86,3880,39,123,72,1440,40,117,74,2620,41,128,86,1720,42,115,70,4100,43,130,86,3280,44,122,70,2480,45,126,66,1320,46,121,90,1800,47,119,76,1760,48,123,68,2860,49,122,90,3840,50,129,76,1520,51,124,78,3900,52,127,86,1720,53,122,74,4480,54,119,68,1360,55,115,76,3440,56,121,74,2560,57,119,68,3400,58,122,78,2520,59,121,82,2360,60,114,76,1760,61,120,72,2280,62,117,88,3920,63,122,76,2840,64,117,70,2240,65,122,68,2320,66,114,76,3080,67,115,66,1320,68,116,80,1600,69,122,70,2540,70,120,74,4120,71,123,80,2680,72,120,70,2240,73,114,74,3280,74,128,78,3240,75,123,92,1840,76,127,78,1560,77,126,82,1640,78,122,74,3880,79,121,66,2640,80,130,84,1680,81,124,78,1560,82,140,94,1880,83,124,76,1520,84,121,64,1280,85,119,68,1360,86,115,68,1360,87,115,86,3940,88,123,80,1600,89,119,82,2000,90,121,68,1360,91,117,76,3740,92,129,76,3140,93,120,66,1320,94,120,62,1240,95,114,70,2540,96,118,72,1440,97,122,70,1880,98,117,76,2060,99,120,64,4400,100,121,72,1440
39,-116120,42289,1,127,86,1720,2,121,92,1840,3,134,74,1480,4,118,70,1400,5,124,72,1440,6,127,78,1560,7,108,76,1520,8,114,68,1720,9,121,80,1600,10,107,82,1640,11,111,76,2120,12,119,90,6180,13,120,82,4040,14,121,68,1780,15,124,72,2100,16,122,78,1560,17,115,74,1480,18,121,72,2100,19,109,82,1640,20,122,90,4020,21,119,72,2220,22,120,90,2280,23,123,80,1600,24,124,74,1480,25,118,66,1320,26,111,92,2200,27,123,76,3320,28,128,78,2640,29,127,78,3180,30,125,74,1480,31,125,86,1720,32,125,68,1360,33,113,74,1480,34,118,70,1400,35,116,82,1640,36,114,80,4900,37,125,82,3260,38,117,72,3240,39,113,74,1480,40,120,78,3000,41,126,60,1200,42,125,84,4500,43,125,80,3040,44,122,82,2840,45,120,82,1640,46,121,74,1480,47,124,74,1960,48,125,90,4020,49,116,74,3340,50,113,76,1520,51,114,64,3500,52,122,68,1360,53,118,74,4480,54,119,86,1720,55,118,72,3240,56,108,66,2340,57,129,78,4200,58,115,64,2180,59,118,74,2020,60,121,72,1800,61,125,76,2300,62,125,76,3320,63,115,66,2580,64,131,82,2720,65,114,84,3300,66,120,72,2880,67,121,86,1720,68,115,64,1280,69,115,80,3040,70,122,86,5200,71,117,78,2640,72,123,90,2880,73,120,80,3400,74,120,72,3060,75,115,70,1400,76,118,72,1440,77,119,72,1440,78,121,74,3820,79,115,74,2860,80,122,80,1600,81,121,68,1360,82,131,80,1600,83,116,70,1400,84,119,80,1600,85,132,80,1600,86,115,100,2000,87,119,78,3780,88,113,74,1480,89,126,76,1880,90,117,90,1800,91,115,76,3740,92,118,70,3080,93,122,88,1760,94,121,76,1520,95,128,78,2640,96,128,74,1480,97,125,84,2100,98,123,72,2040,99,122,82,5660,100,114,72,1440
40,-128840,43459,1,121,66,1320,2,116,76,1520,3,118,78,1560,4,126,84,1680,5,107,78,1560,6,128,62,1240,7,119,64,1280,8,127,82,1880,9,117,72,1440,10,121,66,1320,11,124,80,2440,12,117,82,5360,13,124,76,3440,14,121,88,2180,15,108,80,2560,16,113,62,1240,17,124,76,1520,18,114,84,2640,19,116,70,1400,20,111,76,3320,21,128,74,2500,22,117,68,1720,23,113,74,1480,24,115,70,1400,25,127,94,1880,26,118,88,2360,27,116,68,2740,28,117,70,2360,29,117,70,2900,30,119,72,1440,31,117,74,1480,32,119,82,1640,33,126,88,1760,34,128,88,1760,35,123,70,1400,36,120,74,4420,37,119,74,3280,38,134,78,3480,39,128,90,1800,40,118,70,2660,41,125,88,1760,42,116,70,4040,43,116,66,2580,44,118,76,2720,45,126,70,1400,46,117,70,1400,47,115,70,1760,48,121,74,3340,49,123,72,3060,50,125,70,1400,51,123,78,3960,52,116,90,1800,53,119,76,4640,54,123,74,1480,55,130,84,3600,56,122,74,2560,57,120,72,3780,58,124,76,2360,59,123,68,1900,60,116,76,2120,61,115,74,2500,62,115,76,3440,63,120,84,3060,64,128,66,2160,65,120,74,2740,66,120,70,2660,67,116,74,1480,68,127,82,1640,69,118,72,2700,70,122,72,4080,71,123,72,2520,72,116,74,2320,73,121,70,2780,74,120,76,3020,75,130,80,1600,76,131,78,1560,77,124,68,1360,78,114,74,3940,79,126,74,2740,80,119,66,1320,81,117,82,1640,82,122,66,1320,83,127,72,1440,84,124,70,1400,85,127,68,1360,86,120,80,1600,87,118,72,3480,88,128,80,1600,89,121,68,1600,90,120,80,1600,91,120,72,3480,92,133,76,3080,93,113,72,1440,94,116,68,1360,95,119,70,2480,96,119,80,1600,97,118,72,1860,98,112,78,2400,99,117,70,4700,100,125,78,1560
41,-112805,44695,1,120,82,1640,2,116,66,1320,3,121,66,1320,4,119,62,1240,5,119,76,1520,6,129,80,1600,7,118,82,1640,8,122,72,1680,9,128,80,1600,10,122,92,1840,11,121,68,2080,12,127,70,4820,13,112,70,3380,14,119,72,1920,15,114,72,2220,16,121,84,1680,17,115,70,1400,18,119,78,2340,19,129,84,1680,20,127,78,3360,21,116,76,2660,22,122,84,2400,23,122,74,1480,24,130,76,1520,25,121,76,1520,26,124,68,1960,27,123,86,3220,28,130,82,2840,29,127,82,3260,30,127,74,1480,31,122,72,1440,32,127,76,1520,33,115,74,1480,34,121,76,1520,35,111,86,1720,36,111,80,4900,37,128,72,3300,38,123,82,3680,39,121,72,1440,40,125,88,3740,41,118,72,1440,42,130,82,4700,43,126,98,3700,44,126,76,2720,45,114,78,1560,46,133,86,1720,47,127,78,2280,48,112,68,2920,49,115,90,4140,50,110,88,1760,51,121,72,3900,52,123,76,1520,53,116,70,4160,54,118,64,1280,55,123,70,2960,56,110,64,2360,57,124,78,4020,58,118,68,2380,59,115,80,2260,60,126,72,2040,61,127,74,2620,62,121,78,3600,63,118,66,2580,64,120,76,2480,65,117,72,2820,66,115,86,3460,67,126,66,1320,68,120,72,1440,69,126,90,3780,70,120,88,5420,71,105,74,2620,72,121,72,2400,73,107,78,3060,74,120,68,2980,75,121,66,1320,76,121,72,1440,77,120,94,1880,78,125,80,4000,79,117,72,2820,80,126,82,1640,81,119,72,1440,82,126,80,1600,83,115,76,1520,84,109,74,1480,85,113,80,1600,86,121,72,1440,87,130,90,4620,88,116,66,1320,89,117,80,1840,90,124,68,1360,91,112,84,4500,92,123,76,3140,93,123,80,1600,94,125,96,1920,95,126,92,3040,96,123,70,1400,97,135,82,2120,98,119,70,2120,99,125,82,5600,100,114,68,1360
42,-131945,45829,1,120,68,1360,2,122,86,1720,3,117,76,1520,4,121,80,1600,5,123,66,1320,6,119,64,1280,7,123,64,1280,8,108,70,1640,9,121,70,1400,10,118,68,1360,11,122,90,2820,12,119,92,6400,13,122,68,2920,14,126,74,2140,15,121,74,2080,16,115,74,1480,17,127,82,1640,18,117,66,1920,19,119,70,1400,20,116,70,2900,21,121,72,2640,22,117,72,2040,23,117,74,1480,24,113,80,1600,25,118,70,1400,26,120,84,2400,27,117,74,2980,28,115,70,2540,29,121,76,3200,30,114,76,1520,31,116,70,1400,32,117,66,1320,33,128,80,1600,34,117,74,1480,35,123,76,1520,36,120,82,5060,37,117,78,3600,38,120,72,3180,39,115,74,1480,40,121,76,3020,41,128,72,1440,42,126,64,3680,43,119,76,2720,44,115,66,2400,45,123,74,1480,46,124,70,1400,47,120,70,2000,48,117,86,3940,49,124,70,3200,50,116,76,1520,51,124,74,4000,52,120,66,1320,53,129,76,4220,54,124,84,1680,55,110,76,3140,56,116,76,2720,57,115,72,3900,58,136,82,2720,59,121,70,1880,60,113,84,2400,61,113,76,2720,62,121,72,3180,63,120,76,2780,64,121,66,2340,65,128,78,2820,66,123,72,2640,67,118,76,1520,68,121,76,1520,69,124,78,3060,70,120,78,4560,71,118,80,2740,72,115,72,2460,73,114,78,3060,74,126,80,3280,75,116,82,1640,76,113,74,1480,77,118,78,1560,78,114,80,4000,79,130,78,2700,80,120,74,1480,81,126,80,1600,82,123,68,1360,83,115,64,1280,84,121,80,1600,85,122,74,1480,86,116,74,1480,87,128,78,3780,88,116,88,1760,89,120,66,1560,90,114,88,1760,91,112,74,3700,92,118,70,2720,93,119,70,1400,94,117,78,1560,95,123,74,2560,96,103,94,1880,97,124,76,2180,98,126,84,2700,99,116,70,4580,100,124,82,1640
43,-114425,47023,1,118,84,1680,2,112,70,1400,3,125,70,1400,4,115,68,1360,5,110,80,1600,6,123,94,1880,7,122,82,1640,8,126,86,2020,9,116,86,1720,10,130,94,1880,11,118,80,2560,12,119,74,4960,13,121,84,3840,14,115,76,2000,15,117,72,2220,16,124,74,1480,17,124,68,1360,18,127,92,2620,19,125,84,1680,20,125,86,3640,21,112,70,2480,22,131,74,2080,23,123,72,1440,24,118,70,1400,25,125,80,1600,26,121,78,2220,27,121,70,2900,28,131,80,2920,29,125,66,2640,30,121,70,1400,31,130,82,1640,32,120,90,1800,33,123,74,1480,34,125,74,1480,35,112,70,1400,36,112,74,4540,37,124,72,3240,38,119,84,3900,39,119,68,1360,40,124,64,2540,41,110,78,1560,42,123,86,4600,43,124,74,2800,44,126,84,2820,45,113,68,1360,46,116,78,1560,47,121,88,2360,48,123,74,3100,49,119,76,3560,50,121,64,1280,51,112,68,3640,52,121,80,1600,53,113,76,4280,54,118,74,1480,55,125,80,3220,56,117,76,2780,57,129,84,4500,58,127,66,2400,59,120,92,2680,60,114,70,2060,61,126,66,2400,62,121,84,3900,63,118,64,2240,64,125,92,3160,65,119,82,3200,66,117,78,2880,67,117,66,1320,68,118,70,1400,69,116,68,2620,70,115,74,4540,71,121,68,2260,72,128,82,2960,73,117,74,2980,74,121,68,2680,75,120,74,1480,76,128,88,1760,77,130,68,1360,78,116,68,3220,79,121,76,3080,80,122,70,1400,81,119,70,1400,82,124,94,1880,83,123,76,1520,84,116,62,1240,85,117,66,1320,86,123,74,1480,87,119,74,3700,88,121,78,1560,89,124,90,2100,90,118,74,1480,91,128,82,3860,92,129,92,3520,93,116,90,1800,94,123,72,1440,95,119,64,2360,96,111,74,1480,97,120,70,1880,98,118,72,2400,99,130,80,5380,100,113,74,1480
44,-118860,48253,1,124,70,1400,2,127,76,1520,3,113,78,1560,4,120,90,1800,5,116,70,1400,6,118,76,1520,7,113,66,1320,8,120,76,1820,9,122,74,1480,10,124,70,1400,11,118,68,2080,12,117,72,5100,13,118,72,3240,14,119,72,1860,15,133,72,2040,16,118,72,1440,17,115,82,1640,18,120,72,2040,19,116,70,1400,20,117,74,3100,21,127,80,2980,22,122,72,1860,23,117,76,1520,24,127,92,1840,25,117,66,1320,26,116,72,2100,27,119,94,3620,28,120,78,3180,29,123,90,3540,30,120,96,1920,31,122,72,1440,32,125,74,1480,33,116,72,1440,34,112,72,1440,35,123,78,1560,36,121,82,4820,37,113,76,3380,38,120,70,3140,39,115,88,1760,40,114,78,3180,41,114,72,1440,42,127,74,4000,43,117,66,2340,44,121,64,2180,45,127,84,1680,46,127,66,1320,47,112,70,1820,48,114,72,3060,49,116,68,3160,50,117,82,1640,51,127,80,4240,52,119,76,1520,53,121,70,3860,54,123,66,1320,55,115,72,3000,56,122,66,2340,57,120,68,3520,58,126,84,3120,59,125,82,2300,60,124,72,2100,61,121,84,3060,62,118,74,3220,63,123,84,3180,64,119,74,2620,65,121,74,2620,66,121,66,2340,67,126,78,1560,68,126,92,1840,69,126,92,3460,70,125,78,4500,71,123,92,3220,72,128,70,2540,73,123,74,3220,74,122,84,3420,75,112,70,1400,76,121,72,1440,77,116,78,1560,78,119,90,4680,79,116,72,2880,80,115,88,1760,81,121,86,1720,82,121,82,1640,83,118,66,1320,84,123,76,1520,85,132,74,1480,86,115,70,1400,87,121,68,3100,88,116,70,1400,89,114,76,1820,90,122,64,1280,91,124,70,3140,92,123,72,2820,93,125,82,1640,94,113,78,1560,95,119,78,2820,96,127,84,1680,97,121,98,2380,98,127,80,2320,99,123,76,5120,100,129,82,1640
45,-122445,49454,1,108,78,1560,2,122,66,1320,3,116,68,1360,4,121,76,1520,5,129,80,1600,6,125,68,1360,7,124,86,1720,8,116,66,1560,9,112,72,1440,10,115,82,1640,11,134,92,2680,12,119,76,5300,13,121,76,3500,14,124,72,1800,15,122,74,2260,16,133,70,1400,17,119,72,1440,18,121,78,2340,19,125,78,1560,20,127,76,3320,21,119,70,2660,22,108,70,1940,23,125,70,1400,24,120,78,1560,25,128,76,1520,26,130,82,2540,27,122,78,3000,28,120,68,2500,29,116,72,2760,30,127,74,1480,31,115,70,1400,32,117,70,1400,33,128,82,1640,34,123,74,1480,35,118,68,1360,36,116,76,4520,37,122,66,3120,38,122,86,3640,39,120,76,1520,40,115,72,2880,41,124,78,1560,42,116,74,3880,43,120,86,3280,44,125,86,2800,45,122,74,1480,46,121,80,1600,47,128,78,2100,48,125,82,3500,49,126,84,3660,50,120,74,1480,51,120,74,3880,52,122,72,1440,53,118,86,4660,54,115,88,1760,55,127,76,3380,56,124,90,2880,57,125,86,4360,58,119,72,2400,59,117,72,2100,60,109,80,2500,61,120,68,2620,62,120,74,3400,63,119,74,2680,64,123,72,2700,65,112,72,3000,66,119,88,3320,67,121,68,1360,68,121,76,1520,69,119,72,2880,70,115,74,4420,71,116,80,2860,72,115,78,2820,73,118,70,2840,74,119,66,2640,75,124,74,1480,76,118,74,1480,77,126,62,1240,78,127,76,3980,79,129,84,3180,80,118,82,1640,81,123,80,1600,82,117,74,1480,83,128,82,1640,84,117,70,1400,85,124,76,1520,86,127,80,1600,87,128,100,4460,88,130,86,1720,89,122,72,1680,90,119,90,1800,91,110,90,4260,92,117,80,2920,93,118,74,1480,94,114,62,1240,95,128,76,2600,96,119,70,1400,97,111,84,2040,98,117,76,2360,99,118,70,4760,100,114,70,1400
46,-120045,50641,1,119,68,1360,2,122,82,1640,3,118,88,1760,4,116,64,1280,5,124,72,1440,6,117,84,1680,7,119,66,1320,8,126,92,2200,9,130,80,1600,10,124,74,1480,11,126,78,2280,12,121,72,4980,13,123,74,3340,14,111,70,1700,15,116,68,2140,16,125,70,1400,17,124,72,1440,18,119,68,2140,19,118,74,1480,20,118,72,3120,21,130,100,3740,22,126,74,1840,23,109,74,1480,24,114,72,1440,25,112,70,1400,26,120,78,2340,27,115,68,2800,28,125,100,3560,29,135,88,3440,30,115,82,1640,31,125,76,1520,32,134,84,1680,33,122,72,1440,34,109,68,1360,35,128,82,1640,36,116,74,4600,37,118,84,3780,38,116,76,3320,39,119,72,1440,40,131,80,3100,41,120,72,1440,42,123,76,3980,43,116,74,2740,44,117,76,2420,45,116,62,1240,46,113,70,1400,47,120,64,1640,48,116,70,2960,49,122,74,3280,50,117,74,1480,51,126,80,4480,52,105,72,1440,53,122,78,4200,54,116,66,1320,55,121,72,3180,56,125,76,2600,57,115,80,3940,58,129,76,2900,59,128,76,2180,60,116,68,2140,61,126,84,3420,62,119,72,3240,63,125,72,2640,64,115,74,2620,65,125,74,2740,66,123,78,2820,67,121,86,1720,68,118,64,1280,69,122,76,3020,70,120,84,5160,71,120,70,2420,72,122,66,2460,73,123,80,3040,74,126,86,3400,75,114,64,1280,76,122,70,1400,77,123,80,1600,78,118,72,3660,79,124,70,2960,80,123,76,1520,81,116,72,1440,82,125,72,1440,83,116,64,1280,84,130,80,1600,85,121,68,1360,86,125,68,1360,87,125,90,4020,88,127,72,1440,89,112,76,1880,90,129,82,1640,91,115,78,3780,92,117,72,2760,93,121,68,1360,94,123,80,1600,95,120,66,2340,96,132,90,1800,97,116,76,1820,98,126,70,2120,99,121,82,5780,100,133,86,1720
47,-119805,51817,1,125,88,1760,2,116,58,1160,3,124,84,1680,4,125,80,1600,5,107,78,1560,6,124,78,1560,7,119,76,1520,8,120,72,1680,9,122,68,1360,10,116,70,1400,11,119,70,2120,12,118,92,6580,13,114,76,3380,14,126,78,2100,15,120,72,2280,16,114,72,1440,17,111,74,1480,18,125,86,2560,19,116,66,1320,20,130,78,3240,21,125,84,3120,22,113,76,2180,23,117,80,1600,24,132,78,1560,25,126,76,1520,26,113,72,2460,27,124,88,3680,28,125,78,3000,29,132,78,3120,30,117,68,1360,31,118,66,1320,32,129,74,1480,33,114,76,1520,34,129,84,1680,35,122,76,1520,36,123,80,4960,37,124,80,3700,38,126,74,3400,39,124,70,1400,40,122,64,2540,41,124,72,1440,42,115,70,3920,43,125,68,2440,44,120,70,2300,45,118,80,1600,46,125,78,1560,47,115,86,2380,48,122,88,4220,49,121,70,3020,50,126,66,1320,51,112,78,4500,52,118,80,1600,53,112,76,4160,54,123,72,1440,55,124,76,3260,56,120,66,2400,57,123,80,3940,58,124,72,2700,59,118,74,2080,60,118,92,2860,61,119,74,2920,62,120,78,3480,63,110,78,2640,64,125,78,3000,65,120,72,2700,66,112,70,2480,67,117,76,1520,68,132,84,1680,69,119,72,2700,70,122,74,4360,71,114,88,3080,72,123,78,3000,73,113,82,3560,74,122,72,3000,75,122,102,2040,76,117,84,1680,77,116,72,1440,78,127,80,4000,79,116,72,2700,80,118,66,1320,81,127,80,1600,82,115,78,1560,83,117,92,1840,84,119,74,1480,85,117,94,1880,86,121,88,1760,87,126,76,3320,88,107,80,1600,89,121,70,1640,90,125,76,1520,91,119,72,3240,92,132,80,3040,93,112,74,1480,94,116,68,1360,95,126,80,2680,96,122,76,1520,97,122,72,1980,98,116,70,2120,99,119,70,4880,100,123,76,1520
48,-128025,52931,1,124,68,1360,2,118,82,1640,3,113,80,1600,4,120,66,1320,5,114,74,1480,6,121,70,1400,7,123,66,1320,8,117,70,1700,9,117,82,1640,10,130,80,1600,11,130,88,2840,12,121,82,5840,13,125,76,3560,14,122,74,2080,15,119,72,2220,16,132,76,1520,17,121,76,1520,18,122,74,2260,19,130,92,1840,20,125,72,3180,21,115,72,2520,22,119,72,1860,23,127,74,1480,24,126,74,1480,25,119,68,1360,26,122,78,2520,27,123,78,3360,28,118,78,3240,29,122,76,3200,30,122,82,1640,31,124,74,1480,32,116,80,1600,33,114,66,1320,34,123,68,1360,35,115,72,1440,36,117,76,4640,37,120,72,3420,38,112,76,3260,39,111,76,1520,40,114,82,3440,41,113,76,1520,42,131,74,4240,43,121,86,2800,44,117,86,2560,45,115,74,1480,46,123,68,1360,47,122,74,1900,48,117,80,3820,49,118,98,4240,50,116,74,1480,51,117,74,4120,52,125,74,1480,53,121,72,3840,54,108,78,1560,55,111,70,2960,56,127,88,2960,57,118,72,3660,58,117,70,2780,59,126,70,2000,60,118,76,2480,61,125,66,2400,62,125,74,3220,63,115,76,2660,64,123,70,2480,65,117,68,2380,66,125,70,2480,67,120,72,1440,68,125,70,1400,69,127,82,3440,70,119,82,5120,71,115,76,2540,72,112,68,2440,73,116,76,3320,74,120,76,3200,75,112,86,1720,76,119,62,1240,77,130,84,1680,78,122,72,3600,79,126,82,3500,80,122,90,1800,81,117,70,1400,82,121,70,1400,83,118,68,1360,84,119,68,1360,85,125,78,1560,86,117,74,1480,87,118,76,3680,88,115,72,1440,89,118,92,2140,90,119,70,1400,91,124,80,3760,92,125,76,3140,93,127,84,1680,94,121,86,1720,95,116,68,2260,96,112,66,1320,97,109,80,2200,98,122,86,2800,99,123,86,5980,100,116,72,1440
49,-112820,54107,1,121,80,1600,2,122,68,1360,3,117,72,1440,4,125,92,1840,5,126,82,1640,6,114,84,1680,7,121,84,1680,8,133,92,2200,9,120,66,1320,10,116,74,1480,11,126,78,2520,12,119,66,4680,13,117,74,3460,14,118,72,2040,15,127,76,2480,16,111,78,1560,17,110,64,1280,18,118,74,2440,19,123,76,1520,20,118,76,3260,21,124,92,3460,22,118,76,2000,23,114,72,1440,24,119,70,1400,25,129,94,1880,26,114,72,2520,27,116,70,2960,28,123,74,3100,29,114,72,3120,30,112,60,1200,31,118,72,1440,32,128,72,1440,33,119,88,1760,34,126,90,1800,35,131,80,1600,36,122,76,4520,37,116,76,3500,38,120,70,2900,39,117,70,1400,40,119,68,2620,41,118,64,1280,42,117,72,4260,43,111,68,2020,44,124,70,2300,45,125,68,1360,46,113,92,1840,47,115,68,1840,48,121,74,3160,49,121,80,3580,50,123,72,1440,51,118,74,4120,52,119,74,1480,53,117,84,4680,54,121,76,1520,55,123,80,3700,56,118,66,2520,57,126,78,4080,58,126,76,2900,59,116,72,1920,60,124,74,2560,61,125,84,3300,62,118,68,2860,63,124,60,2220,64,109,76,2600,65,121,86,3040,66,117,72,2100,67,121,74,1480,68,116,78,1560,69,125,64,2540,70,122,76,4640,71,127,80,3100,72,128,82,2720,73,121,72,3000,74,124,72,3120,75,117,78,1560,76,121,84,1680,77,121,76,1520,78,109,78,4080,79,117,68,2740,80,112,70,1400,81,134,80,1600,82,120,92,1840,83,126,96,1920,84,126,98,1960,85,121,66,1320,86,125,66,1320,87,123,70,3260,88,126,84,1680,89,128,80,1960,90,134,98,1960,91,118,72,3300,92,122,74,2980,93,116,66,1320,94,121,84,1680,95,128,86,2620,96,122,80,1600,97,113,74,2080,98,114,76,2480,99,123,74,5080,100,128,78,1560
50,-113890,55298,1,110,58,1160,2,114,90,1800,3,131,76,1520,4,123,80,1600,5,117,72,1440,6,122,68,1360,7,117,70,1400,8,130,70,1760,9,125,84,1680,10,122,70,1400,11,121,72,2400,12,118,92,6700,13,125,76,3440,14,126,82,2420,15,113,60,2040,16,116,66,1320,17,119,82,1640,18,125,70,2240,19,112,68,1360,20,117,68,2980,21,116,84,3240,22,124,72,2100,23,129,86,1720,24,121,86,1720,25,120,68,1360,26,134,82,2780,27,127,80,3400,28,118,68,2860,29,133,94,3680,30,114,82,1640,31,129,76,1520,32,109,74,1480,33,119,80,1600,34,124,74,1480,35,124,76,1520,36,114,90,5760,37,120,76,3500,38,116,82,3380,39,131,86,1720,40,130,88,3740,41,122,88,1760,42,134,74,4180,43,120,82,2660,44,114,74,2260,45,116,82,1640,46,116,80,1600,47,118,94,2540,48,116,80,3760,49,118,78,3480,50,110,74,1480,51,123,74,4120,52,124,68,1360,53,121,80,4480,54,117,74,1480,55,113,78,3660,56,127,72,2580,57,121,74,3880,58,116,64,2480,59,131,76,2000,60,112,72,2580,61,119,76,3080,62,126,82,3380,63,118,82,2840,64,124,86,2680,65,117,74,2740,66,129,78,2580,67,119,70,1400,68,120,72,1440,69,115,86,3700,70,121,72,4440,71,121,72,2700,72,119,74,2440,73,116,74,3280,74,110,74,3280,75,121,66,1320,76,113,76,1520,77,112,68,1360,78,120,78,4020,79,124,90,3540,80,129,84,1680,81,124,72,1440,82,120,68,1360,83,120,82,1640,84,115,84,1680,85,126,88,1760,86,121,74,1480,87,126,86,4420,88,121,66,1320,89,122,76,1880,90,121,88,1760,91,118,84,4380,92,116,72,2880,93,122,86,1720,94,113,76,1520,95,119,70,2300,96,117,70,1400,97,130,92,2620,98,117,70,2360,99,118,76,5300,100,125,78,1560
51,-130930,56449,1,119,66,1320,2,124,70,1400,3,115,78,1560,4,112,70,1400,5,134,82,1640,6,106,78,1560,7,129,78,1560,8,121,70,1820,9,120,66,1320,10,120,80,1600,11,113,72,2400,12,121,74,5320,13,114,76,3440,14,117,68,2020,15,118,72,2340,16,127,88,1760,17,119,76,1520,18,115,78,2460,19,124,76,1520,20,132,86,3460,21,119,78,2820,22,115,70,1940,23,124,76,1520,24,113,70,1400,25,122,86,1720,26,126,76,2420,27,116,70,2840,28,117,88,3260,29,126,80,3160,30,121,70,1400,31,119,74,1480,32,125,76,1520,33,128,64,1280,34,118,74,1480,35,117,74,1480,36,112,78,4680,37,123,68,3280,38,121,74,3040,39,119,78,1560,40,129,68,2920,41,116,74,1480,42,122,74,4180,43,124,70,2240,44,123,76,2360,45,122,70,1400,46,125,76,1520,47,128,72,1980,48,120,74,3220,49,120,72,3360,50,124,80,1600,51,111,72,4020,52,119,96,1920,53,118,72,4140,54,124,68,1360,55,115,74,3340,56,117,78,2940,57,118,76,4160,58,125,76,2840,59,115,74,1960,60,128,74,2380,61,121,66,2580,62,120,74,3040,63,123,70,2360,64,116,76,2600,65,125,72,2700,66,121,72,2280,67,122,82,1640,68,118,68,1360,69,119,72,3000,70,116,74,4480,71,113,70,2600,72,123,72,2520,73,123,68,2800,74,125,72,3000,75,116,94,1880,76,121,74,1480,77,121,80,1600,78,125,70,3560,79,122,76,3080,80,120,70,1400,81,118,78,1560,82,119,88,1760,83,125,70,1400,84,124,76,1520,85,124,74,1480,86,114,66,1320,87,120,76,3680,88,119,88,1760,89,123,72,1860,90,118,82,1640,91,121,74,3640,92,130,86,3400,93,116,76,1520,94,122,68,1360,95,130,88,2780,96,136,88,1760,97,126,72,2100,98,133,84,2640,99,121,72,5040,100,115,70,1400
52,-127895,57579,1,122,80,1600,2,108,80,1600,3,118,68,1360,4,127,82,1640,5,126,70,1400,6,120,86,1720,7,120,68,1360,8,121,86,2080,9,125,80,1600,10,115,72,1440,11,119,74,2320,12,114,68,4840,13,121,72,3180,14,120,96,2820,15,126,72,2340,16,114,72,1440,17,123,66,1320,18,114,64,2180,19,114,70,1400,20,127,74,3040,21,123,82,3200,22,126,76,2180,23,115,68,1360,24,125,76,1520,25,114,72,1440,26,121,72,2280,27,123,86,3580,28,119,70,2600,29,115,74,3100,30,117,90,1800,31,121,72,1440,32,121,70,1400,33,122,82,1640,34,122,74,1480,35,121,74,1480,36,120,74,4360,37,122,82,3800,38,114,70,2960,39,125,72,1440,40,123,80,3520,41,123,72,1440,42,117,68,4060,43,114,80,2680,44,116,70,2180,45,121,78,1560,46,119,68,1360,47,109,76,2180,48,124,72,3180,49,112,78,3780,50,120,60,1200,51,121,84,4560,52,118,78,1560,53,117,78,4440,54,118,92,1840,55,125,78,3660,56,122,66,2460,57,118,74,4000,58,121,68,2380,59,125,70,1880,60,106,76,2360,61,121,86,3280,62,120,72,3000,63,114,82,2840,64,125,72,2520,65,114,74,2860,66,116,76,2600,67,115,72,1440,68,126,86,1720,69,122,78,3480,70,131,82,5180,71,120,84,3240,72,110,68,2440,73,119,96,3780,74,118,76,3140,75,120,84,1680,76,121,66,1320,77,117,70,1400,78,113,80,4360,79,112,70,2960,80,118,86,1720,81,121,68,1360,82,127,72,1440,83,113,82,1640,84,117,64,1280,85,120,70,1400,86,126,78,1560,87,126,74,3520,88,125,76,1520,89,114,74,1840,90,128,76,1520,91,117,72,3480,92,121,74,3040,93,125,72,1440,94,110,88,1760,95,125,78,2640,96,126,76,1520,97,117,78,2460,98,124,78,2400,99,114,76,5360,100,130,82,1640
53,-121255,58790,1,113,64,1280,2,113,68,1360,3,125,90,1800,4,117,70,1400,5,117,74,1480,6,115,72,1440,7,121,88,1760,8,114,78,1980,9,118,66,1320,10,131,80,1600,11,119,76,2120,12,121,88,6320,13,121,78,3600,14,122,78,2280,15,113,66,2280,16,131,82,1640,17,115,80,1600,18,123,80,2560,19,133,82,1640,20,111,90,3660,21,115,78,3120,22,118,60,1680,23,128,84,1680,24,121,68,1360,25,126,76,1520,26,114,76,2480,27,122,78,3240,28,125,88,3140,29,121,74,2980,30,122,74,1480,31,117,72,1440,32,117,86,1720,33,116,72,1440,34,119,66,1320,35,116,70,1400,36,110,80,4960,37,121,70,3200,38,121,74,3280,39,112,80,1600,40,115,68,2800,41,109,74,1480,42,122,90,5160,43,119,64,2120,44,130,82,2420,45,116,72,1440,46,122,98,1960,47,125,78,2040,48,118,86,4180,49,114,70,3260,50,123,80,1600,51,117,74,4000,52,121,70,1400,53,113,72,4140,54,121,78,1560,55,120,74,3400,56,121,92,3340,57,121,80,4540,58,117,82,2840,59,112,78,2040,60,121,92,2800,61,122,78,3120,62,116,78,3360,63,116,72,2400,64,116,72,2820,65,124,80,3040,66,123,68,2200,67,126,72,1440,68,118,76,1520,69,118,64,2720,70,121,70,4400,71,122,78,3000,72,121,74,2860,73,120,78,3240,74,119,64,2780,75,114,78,1560,76,115,76,1520,77,128,84,1680,78,120,72,3840,79,128,86,3460,80,128,78,1560,81,124,86,1720,82,117,74,1480,83,120,72,1440,84,127,88,1760,85,122,92,1840,86,115,68,1360,87,117,78,3600,88,116,70,1400,89,124,72,1860,90,118,70,1400,91,129,82,3680,92,115,76,3620,93,111,76,1520,94,114,78,1560,95,119,64,2360,96,118,68,1360,97,124,70,2120,98,118,66,1920,99,118,80,5560,100,121,66,1320
54,-119660,59969,1,123,88,1760,2,123,86,1720,3,112,72,1440,4,122,82,1640,5,126,70,1400,6,134,80,1600,7,118,74,1480,8,122,72,1800,9,128,86,1720,10,123,66,1320,11,123,72,2400,12,115,68,4840,13,115,74,3280,14,120,70,2120,15,127,74,2560,16,125,66,1320,17,121,68,1360,18,114,74,2560,19,124,70,1400,20,118,80,3220,21,123,72,2760,22,121,72,1920,23,121,74,1480,24,116,80,1600,25,118,72,1440,26,123,70,2180,27,120,70,2840,28,118,74,2680,29,115,76,3380,30,116,70,1400,31,128,76,1520,32,122,74,1480,33,135,74,1480,34,121,84,1680,35,124,78,1560,36,118,74,4420,37,113,92,4180,38,118,76,3320,39,124,64,1280,40,123,98,4240,41,125,72,1440,42,114,78,4500,43,134,78,2580,44,124,66,2100,45,132,76,1520,46,117,82,1640,47,119,68,1840,48,123,72,3180,49,126,94,4280,50,117,66,1320,51,128,86,4840,52,121,86,1720,53,130,82,4400,54,118,64,1280,55,114,74,3460,56,119,78,3000,57,119,80,4420,58,119,66,2340,59,114,68,1900,60,120,78,2340,61,118,70,2720,62,118,74,3280,63,128,78,2640,64,135,96,3720,65,118,78,2940,66,120,84,2700,67,116,72,1440,68,125,72,1440,69,125,90,4080,70,120,84,5100,71,108,70,2540,72,118,76,3320,73,116,72,2880,74,126,76,3380,75,119,74,1480,76,123,68,1360,77,117,76,1520,78,121,72,3660,79,123,80,3220,80,124,70,1400,81,124,80,1600,82,125,64,1280,83,117,72,1440,84,124,82,1640,85,114,76,1520,86,124,96,1920,87,125,70,3080,88,132,82,1640,89,115,68,1720,90,130,92,1840,91,124,68,3040,92,118,70,3140,93,120,82,1640,94,117,70,1400,95,117,72,2700,96,128,86,1720,97,113,80,2320,98,125,82,2600,99,124,76,5180,100,117,80,1600
55,-120795,61135,1,120,66,1320,2,119,68,1360,3,123,84,1680,4,118,72,1440,5,115,72,1440,6,127,66,1320,7,127,66,1320,8,110,74,1900,9,122,80,1600,10,114,80,1600,11,110,78,2220,12,124,86,6040,13,126,72,3060,14,121,90,2640,15,113,80,2560,16,118,82,1640,17,123,86,1720,18,127,80,2560,19,112,80,1600,20,114,72,2820,21,115,86,3400,22,114,76,2180,23,112,72,1440,24,118,66,1320,25,130,72,1440,26,116,88,2600,27,125,90,3420,28,126,72,2940,29,122,76,3380,30,130,82,1640,31,118,74,1480,32,118,68,1360,33,123,76,1520,34,114,72,1440,35,119,68,1360,36,112,82,5120,37,116,80,3640,38,122,74,3460,39,118,78,1560,40,122,80,3220,41,111,78,1560,42,124,78,4500,43,124,76,2420,44,128,96,2880,45,111,82,1640,46,122,78,1560,47,125,78,2220,48,110,82,3560,49,115,78,3660,50,122,82,1640,51,120,76,4340,52,120,78,1560,53,119,80,4720,54,131,92,1840,55,122,80,3760,56,124,72,2640,57,117,70,3740,58,121,80,2860,59,123,74,1900,60,126,64,2120,61,125,86,3400,62,120,76,3500,63,119,70,2480,64,125,76,2780,65,123,72,2580,66,121,82,2540,67,130,72,1440,68,112,70,1400,69,115,70,3020,70,122,76,4460,71,121,78,2760,72,124,66,2580,73,129,84,3300,74,120,72,3300,75,119,74,1480,76,129,88,1760,77,125,70,1400,78,118,74,3760,79,117,76,3020,80,110,80,1600,81,118,74,1480,82,119,78,1560,83,135,80,1600,84,114,72,1440,85,122,74,1480,86,118,86,1720,87,112,84,3840,88,125,70,1400,89,125,90,2220,90,125,80,1600,91,129,86,3880,92,119,84,3540,93,117,70,1400,94,133,84,1680,95,128,80,2860,96,117,78,1560,97,120,76,2360,98,121,66,1980,99,120,70,4760,100,118,68,1360
56,-135295,62299,1,127,86,1720,2,119,86,1720,3,116,72,1440,4,126,78,1560,5,129,82,1640,6,115,78,1560,7,123,86,1720,8,125,80,1960,9,114,66,1320,10,120,68,1360,11,120,76,2360,12,116,76,5300,13,112,74,3220,14,112,74,2200,15,118,68,2200,16,120,74,1480,17,120,70,1400,18,120,70,2240,19,114,70,1400,20,131,74,3040,21,121,74,2800,22,122,68,1780,23,126,76,1520,24,127,80,1600,25,118,84,1680,26,126,78,2340,27,123,74,2680,28,113,76,2780,29,119,76,3380,30,117,70,1400,31,124,72,1440,32,132,84,1680,33,116,70,1400,34,127,78,1560,35,122,80,1600,36,117,76,4700,37,127,70,3020,38,114,70,3260,39,126,70,1400,40,114,78,3360,41,116,72,1440,42,116,72,4140,43,119,66,2100,44,124,74,2320,45,114,72,1440,46,114,72,1440,47,115,66,1740,48,118,74,3160,49,121,72,3180,50,115,72,1440,51,118,68,3580,52,121,72,1440,53,118,68,3880,54,123,72,1440,55,114,68,3040,56,122,78,3120,57,117,86,4660,58,116,70,2480,59,119,72,1860,60,122,82,2420,61,119,74,2800,62,122,74,3340,63,133,76,2840,64,122,74,2800,65,112,78,2940,66,118,74,2260,67,114,74,1480,68,124,82,1640,69,128,76,3320,70,116,70,4280,71,117,74,2740,72,126,82,2960,73,123,74,2680,74,121,72,3300,75,123,70,1400,76,125,76,1520,77,114,80,1600,78,120,78,4140,79,126,74,3280,80,113,70,1400,81,123,72,1440,82,123,64,1280,83,124,76,1520,84,126,76,1520,85,114,72,1440,86,129,68,1360,87,116,72,3300,88,118,68,1360,89,116,78,1920,90,116,64,1280,91,123,76,3380,92,129,74,3100,93,126,94,1880,94,127,76,1520,95,119,64,2240,96,126,72,1440,97,119,70,2120,98,114,80,2440,99,127,82,5600,100,124,100,2000
57,-114290,63474,1,126,74,1480,2,124,78,1560,3,127,76,1520,4,121,66,1320,5,128,74,1480,6,117,68,1360,7,120,72,1440,8,117,64,1580,9,120,84,1680,10,127,96,1920,11,122,70,2060,12,118,74,5200,13,133,88,3860,14,125,94,2720,15,125,86,2620,16,117,70,1400,17,123,94,1880,18,118,88,2660,19,137,82,1640,20,112,88,3620,21,113,72,2760,22,121,88,2300,23,117,64,1280,24,120,70,1400,25,119,72,1440,26,121,72,2220,27,121,66,2460,28,120,70,2780,29,126,78,3540,30,130,74,1480,31,112,78,1560,32,129,76,1520,33,132,88,1760,34,117,74,1480,35,116,72,1440,36,115,76,4760,37,118,76,3440,38,130,80,3460,39,110,74,1480,40,121,66,2820,41,126,84,1680,42,133,80,4420,43,123,86,2860,44,112,74,2740,45,130,78,1560,46,127,84,1680,47,118,88,2300,48,122,68,2980,49,117,74,3280,50,128,76,1520,51,122,80,4420,52,115,66,1320,53,123,92,5260,54,109,66,1320,55,122,80,3760,56,120,66,2400,57,117,70,3740,58,125,78,2700,59,123,78,2100,60,120,72,2220,61,125,70,2720,62,109,72,3300,63,116,72,2700,64,118,66,2340,65,115,72,2700,66,122,74,2620,67,126,72,1440,68,120,78,1560,69,118,70,2900,70,129,80,4480,71,122,68,2320,72,119,68,2380,73,118,72,2580,74,115,74,3460,75,114,94,1880,76,119,60,1200,77,120,70,1400,78,126,74,3700,79,118,74,3160,80,126,72,1440,81,108,72,1440,82,125,86,1720,83,116,66,1320,84,115,70,1400,85,125,76,1520,86,115,76,1520,87,127,80,3760,88,129,90,1800,89,123,70,1700,90,123,80,1600,91,118,80,3760,92,113,90,3480,93,123,74,1480,94,121,68,1360,95,130,86,2860,96,118,74,1480,97,126,86,2560,98,120,72,2100,99,120,76,5180,100,115,76,1520
58,-119840,64666,1,112,74,1480,2,115,76,1520,3,117,72,1440,4,110,80,1600,5,113,74,1480,6,125,88,1760,7,120,76,1520,8,120,80,2140,9,120,76,1520,10,118,74,1480,11,111,72,2280,12,117,78,5520,13,128,76,3380,14,124,78,2280,15,122,70,2300,16,128,78,1560,17,114,78,1560,18,123,76,2420,19,135,64,1280,20,115,76,3140,21,125,72,2700,22,114,70,1760,23,121,80,1600,24,129,88,1760,25,122,72,1440,26,116,78,2580,27,114,80,3040,28,122,86,2980,29,120,78,3660,30,115,76,1520,31,120,70,1400,32,115,72,1440,33,124,72,1440,34,122,68,1360,35,129,86,1720,36,122,76,4700,37,128,68,3100,38,121,74,3460,39,123,80,1600,40,113,88,3920,41,115,76,1520,42,124,76,4220,43,117,76,2300,44,122,82,2780,45,124,64,1280,46,118,72,1440,47,128,68,1720,48,119,86,3640,49,121,74,3400,50,120,72,1440,51,115,74,4060,52,119,96,1920,53,113,76,4400,54,123,78,1560,55,118,72,3180,56,123,92,3520,57,116,84,4680,58,117,72,2460,59,121,74,2020,60,121,80,2620,61,118,72,2700,62,120,78,3540,63,129,72,2820,64,123,90,3480,65,131,80,2920,66,117,70,2180,67,114,80,1600,68,120,72,1440,69,129,92,4000,70,126,76,4400,71,125,80,2560,72,127,96,3600,73,130,82,3080,74,124,78,3660,75,114,80,1600,76,129,78,1560,77,117,90,1800,78,110,78,3900,79,130,70,2960,80,114,70,1400,81,122,76,1520,82,115,64,1280,83,123,88,1760,84,125,78,1560,85,118,72,1440,86,123,66,1320,87,121,78,3720,88,128,78,1560,89,111,90,2340,90,112,68,1360,91,124,80,3760,92,118,80,3160,93,114,68,1360,94,122,94,1880,95,122,72,2400,96,123,68,1360,97,123,72,2160,98,118,78,2400,99,116,72,4860,100,115,64,1280
59,-131700,65805,1,130,80,1600,2,116,66,1320,3,132,76,1520,4,113,66,1320,5,126,78,1560,6,119,74,1480,7,120,68,1360,8,117,68,1780,9,120,68,1360,10,123,70,1400,11,123,82,2480,12,122,76,5300,13,113,72,3240,14,116,76,2120,15,122,86,2800,16,119,72,1440,17,118,72,1440,18,118,74,2560,19,124,74,1480,20,123,76,3260,21,115,74,2680,22,128,90,2700,23,114,66,1320,24,124,72,1440,25,114,76,1520,26,123,72,2220,27,117,74,2860,28,115,78,2580,29,126,70,2960,30,117,68,1360,31,121,96,1920,32,129,76,1520,33,113,74,1480,34,119,80,1600,35,122,78,1560,36,120,76,4580,37,122,76,3440,38,115,64,2780,39,116,70,1400,40,118,78,3420,41,119,60,1200,42,116,72,3960,43,123,74,2560,44,115,68,2440,45,117,94,1880,46,129,76,1520,47,116,78,2460,48,112,76,3260,49,118,74,3400,50,122,78,1560,51,121,76,4340,52,120,82,1640,53,126,74,4240,54,117,72,1440,55,118,76,3200,56,117,74,2800,57,120,72,3720,58,133,74,2440,59,118,70,1880,60,116,68,2140,61,127,74,2680,62,119,68,2860,63,118,72,2700,64,111,76,2960,65,123,66,2280,66,121,90,2880,67,119,66,1320,68,121,72,1440,69,116,82,3500,70,116,68,4120,71,114,70,2360,72,126,78,3000,73,123,76,2900,74,113,66,2880,75,122,76,1520,76,124,64,1280,77,124,72,1440,78,117,68,3580,79,115,74,3160,80,130,78,1560,81,115,58,1160,82,116,84,1680,83,118,74,1480,84,112,66,1320,85,128,80,1600,86,115,78,1560,87,122,70,3320,88,120,68,1360,89,114,78,1980,90,123,78,1560,91,117,72,3360,92,124,76,3020,93,125,78,1560,94,111,78,1560,95,107,82,2660,96,119,92,1840,97,110,78,2160,98,118,68,2200,99,127,78,5160,100,125,82,1640
60,-113380,67017,1,117,68,1360,2,119,80,1600,3,119,82,1640,4,120,86,1720,5,117,70,1400,6,124,66,1320,7,128,94,1880,8,116,100,2660,9,119,86,1720,10,112,84,1680,11,119,70,2000,12,115,74,5140,13,129,78,3300,14,120,72,2040,15,113,70,2300,16,129,76,1520,17,130,80,1600,18,128,66,2220,19,115,66,1320,20,114,72,3000,21,129,72,2640,22,119,74,2320,23,122,86,1720,24,115,78,1560,25,119,68,1360,26,111,80,2740,27,121,68,2440,28,118,68,2440,29,116,82,3440,30,127,86,1720,31,122,78,1560,32,118,64,1280,33,129,82,1640,34,124,72,1440,35,115,70,1400,36,122,78,4740,37,114,72,3000,38,124,82,3560,39,130,80,1600,40,126,72,2940,41,135,80,1600,42,131,80,4420,43,114,72,2340,44,121,86,2920,45,120,78,1560,46,124,72,1440,47,120,72,2280,48,118,70,3020,49,121,88,4580,50,115,64,1280,51,116,72,3960,52,124,74,1480,53,120,74,4360,54,132,80,1600,55,124,74,3160,56,119,76,3140,57,124,86,4840,58,115,72,2340,59,125,90,2520,60,127,84,2820,61,109,78,2760,62,123,90,3720,63,129,88,3440,64,118,76,2900,65,131,92,3340,66,118,78,2460,67,121,98,1960,68,113,72,1440,69,118,72,2940,70,123,86,5320,71,122,72,2520,72,120,74,2860,73,112,68,2440,74,124,80,3400,75,116,72,1440,76,118,70,1400,77,108,82,1640,78,121,86,4480,79,132,66,2760,80,122,66,1320,81,124,82,1640,82,125,74,1480,83,119,70,1400,84,119,78,1560,85,119,68,1360,86,114,62,1240,87,120,90,3960,88,118,84,1680,89,119,78,2220,90,115,68,1360,91,128,80,3760,92,116,72,3120,93,114,64,1280,94,117,70,1400,95,115,70,2360,96,127,74,1480,97,114,68,1960,98,119,88,2360,99,114,76,5060,100,123,70,1400
61,-114645,68231,1,125,88,1760,2,118,76,1520,3,117,72,1440,4,125,74,1480,5,138,94,1880,6,128,88,1760,7,120,74,1480,8,122,94,2540,9,117,78,1560,10,117,70,1400,11,121,84,2100,12,124,84,5880,13,122,78,3600,14,120,74,2260,15,124,80,2740,16,120,68,1360,17,123,68,1360,18,120,78,2700,19,121,84,1680,20,129,84,3480,21,116,68,2500,22,123,70,2300,23,114,72,1440,24,122,72,1440,25,124,88,1760,26,119,74,2440,27,119,92,3160,28,119,88,3320,29,120,70,2840,30,120,76,1520,31,118,72,1440,32,132,80,1600,33,129,74,1480,34,110,72,1440,35,128,78,1560,36,115,74,4360,37,121,72,3120,38,118,58,2300,39,125,72,1440,40,116,74,2860,41,130,72,1440,42,121,78,4380,43,129,84,2760,44,112,70,2420,45,121,70,1400,46,110,80,1600,47,123,76,2420,48,118,90,4080,49,113,80,4000,50,119,80,1600,51,127,82,4520,52,114,72,1440,53,123,68,4060,54,127,74,1480,55,115,70,3080,56,123,66,2760,57,121,82,4400,58,127,86,3040,59,118,72,2160,60,114,78,2520,61,119,74,2620,62,114,68,2500,63,124,70,2720,64,124,70,2600,65,125,78,2880,66,118,74,2560,67,113,80,1600,68,130,84,1680,69,127,70,2780,70,121,78,4620,71,107,68,2320,72,114,72,2640,73,121,78,2880,74,115,70,2840,75,129,76,1520,76,132,84,1680,77,117,72,1440,78,123,76,3800,79,115,68,2740,80,116,74,1480,81,120,68,1360,82,114,76,1520,83,127,94,1880,84,122,72,1440,85,120,82,1640,86,123,92,1840,87,122,78,3420,88,128,72,1440,89,124,78,2220,90,122,88,1760,91,123,72,3300,92,131,88,3620,93,120,90,1800,94,129,82,1640,95,127,86,2920,96,110,74,1480,97,119,82,2420,98,123,76,1940,99,127,68,4480,100,118,82,1640
62,-128425,69379,1,116,74,1480,2,124,66,1320,3,129,78,1560,4,114,72,1440,5,131,78,1560,6,117,74,1480,7,123,68,1360,8,120,82,2180,9,125,72,1440,10,131,86,1720,11,117,76,1940,12,117,76,5300,13,124,68,2920,14,114,70,2180,15,119,70,2240,16,128,86,1720,17,115,96,1920,18,122,66,2160,19,111,76,1520,20,120,74,2860,21,123,92,3160,22,115,80,2680,23,127,74,1480,24,115,72,1440,25,118,76,1520,26,121,72,2400,27,123,72,2520,28,119,68,2620,29,122,84,3420,30,121,62,1240,31,136,78,1560,32,123,66,1320,33,115,76,1520,34,126,82,1640,35,119,72,1440,36,123,78,4320,37,117,72,3120,38,118,68,2920,39,110,76,1520,40,126,76,3020,41,118,80,1600,42,119,72,3900,43,124,76,2540,44,125,78,2760,45,114,94,1880,46,114,72,1440,47,118,70,2480,48,124,82,3560,49,121,78,3780,50,127,62,1240,51,126,74,4180,52,129,84,1680,53,117,80,4840,54,116,80,1600,55,123,80,3640,56,120,78,3060,57,125,78,4140,58,120,72,2520,59,126,78,2160,60,120,64,2240,61,121,70,2720,62,124,86,3280,63,113,82,3140,64,107,80,3100,65,117,68,2440,66,123,74,2500,67,117,62,1240,68,126,76,1520,69,115,72,2940,70,121,74,4600,71,119,76,2480,72,131,86,3220,73,122,68,2440,74,125,80,3340,75,116,74,1480,76,129,70,1400,77,134,84,1680,78,120,74,3940,79,126,78,3240,80,126,68,1360,81,117,80,1600,82,118,68,1360,83,124,86,1720,84,110,72,1440,85,115,70,1400,86,122,70,1400,87,123,72,3240,88,114,76,1520,89,114,70,1940,90,115,70,1400,91,115,78,3360,92,121,76,3080,93,120,80,1600,94,127,72,1440,95,126,80,2740,96,125,78,1560,97,118,70,2180,98,113,68,1780,99,119,78,5220,100,123,76,1520
63,-126030,70515,1,121,74,1480,2,118,86,1720,3,116,70,1400,4,132,76,1520,5,124,74,1480,6,122,66,1320,7,121,90,1800,8,123,76,1940,9,111,66,1320,10,125,64,1280,11,121,66,1800,12,125,70,4700,13,119,88,3800,14,127,76,2420,15,126,78,2640,16,120,72,1440,17,123,78,1560,18,126,88,2840,19,119,78,1560,20,126,80,3460,21,116,82,2960,22,121,68,2260,23,108,82,1640,24,136,84,1680,25,124,70,1400,26,115,72,2400,27,115,76,2660,28,122,76,2960,29,118,72,2880,30,111,70,1400,31,126,80,1600,32,115,86,1720,33,125,68,1360,34,124,72,1440,35,125,72,1440,36,112,70,3980,37,128,76,3080,38,131,78,2940,39,121,78,1560,40,116,70,2780,41,124,72,1440,42,125,74,4120,43,119,66,2340,44,118,74,2560,45,121,76,1520,46,128,76,1520,47,127,100,2900,48,121,74,3220,49,120,74,3220,50,118,76,1520,51,120,72,4080,52,123,74,1480,53,119,72,4260,54,124,66,1320,55,119,72,3180,56,122,68,2440,57,112,70,3560,58,122,76,2780,59,111,60,1500,60,127,74,2440,61,119,84,3000,62,116,70,2780,63,115,76,2840,64,111,78,2940,65,131,86,2800,66,118,68,2380,67,121,82,1640,68,122,72,1440,69,127,78,2940,70,115,66,4020,71,125,68,2200,72,126,74,2860,73,119,80,2740,74,119,72,2880,75,122,72,1440,76,117,68,1360,77,128,70,1400,78,118,68,3520,79,123,66,2640,80,119,84,1680,81,119,70,1400,82,126,88,1760,83,117,76,1520,84,124,80,1600,85,129,86,1720,86,109,74,1480,87,112,74,3160,88,122,72,1440,89,129,78,1980,90,127,80,1600,91,122,68,3040,92,112,70,3020,93,117,70,1400,94,118,74,1480,95,119,72,2640,96,114,72,1440,97,121,94,2780,98,129,74,1960,99,123,66,4380,100,120,70,1400
64,-111430,71739,1,114,68,1360,2,127,76,1520,3,124,76,1520,4,117,78,1560,5,114,68,1360,6,112,82,1640,7,114,74,1480,8,122,68,1720,9,122,84,1680,10,124,82,1640,11,121,88,2240,12,110,78,5460,13,125,76,3200,14,119,72,2040,15,122,64,2180,16,120,74,1480,17,115,68,1360,18,132,78,2460,19,125,72,1440,20,123,74,2980,21,119,72,2520,22,121,74,2320,23,116,70,1400,24,128,70,1400,25,119,76,1520,26,132,90,2880,27,120,60,2040,28,116,70,2720,29,128,78,3180,30,131,78,1560,31,123,70,1400,32,125,72,1440,33,118,88,1760,34,111,68,1360,35,115,78,1560,36,130,90,5100,37,119,84,3600,38,118,72,2760,39,118,74,1480,40,124,76,2900,41,107,80,1600,42,112,80,4720,43,119,96,3240,44,125,76,2780,45,121,68,1360,46,120,66,1320,47,117,76,2360,48,122,76,3440,49,116,76,3680,50,124,68,1360,51,126,82,4880,52,114,64,1280,53,115,88,5240,54,117,104,2080,55,123,80,3820,56,112,84,3060,57,122,78,3900,58,118,72,2580,59,115,84,2160,60,110,74,2560,61,123,68,2440,62,132,76,2840,63,123,68,2680,64,116,78,3180,65,125,72,2400,66,123,80,2920,67,113,74,1480,68,106,74,1480,69,116,70,2780,70,122,84,5100,71,114,82,2780,72,110,84,3300,73,117,68,2200,74,122,76,3140,75,112,80,1600,76,127,78,1560,77,119,76,1520,78,124,88,4220,79,126,86,3460,80,122,74,1480,81,119,96,1920,82,120,72,1440,83,120,68,1360,84,116,66,1320,85,123,72,1440,86,129,92,1840,87,128,86,3820,88,111,78,1560,89,118,70,1760,90,114,68,1360,91,116,88,3860,92,128,82,3440,93,130,82,1640,94,125,68,1360,95,127,80,3040,96,127,88,1760,97,122,76,2120,98,116,70,1880,99,124,84,5520,100,121,84,1680
65,-119100,72959,1,134,88,1760,2,119,72,1440,3,120,66,1320,4,116,68,1360,5,128,84,1680,6,118,72,1440,7,129,76,1520,8,118,92,2440,9,112,76,1520,10,115,68,1360,11,112,80,2080,12,115,72,5040,13,119,68,2920,14,131,76,2300,15,123,74,2560,16,118,74,1480,17,124,94,1880,18,127,74,2560,19,110,80,1600,20,120,72,2820,21,124,86,3280,22,111,62,2080,23,129,78,1560,24,116,78,1560,25,115,64,1280,26,126,78,2520,27,115,80,2740,28,128,86,3520,29,123,66,2520,30,127,74,1480,31,116,76,1520,32,114,74,1480,33,123,72,1440,34,122,76,1520,35,122,64,1280,36,121,84,4800,37,124,70,2720,38,137,72,2760,39,124,70,1400,40,119,74,3040,41,114,70,1400,42,119,80,4600,43,125,76,2540,44,122,70,2600,45,126,94,1880,46,112,88,1760,47,126,72,2280,48,115,66,3000,49,119,74,3460,50,114,84,1680,51,121,66,3600,52,123,76,1520,53,120,78,4860,54,124,86,1720,55,113,76,3620,56,113,72,2760,57,119,76,3740,58,130,96,3540,59,120,70,1760,60,122,72,2400,61,121,94,3440,62,114,80,2920,63,125,90,3060,64,116,72,2760,65,112,72,2340,66,118,70,2420,67,126,82,1640,68,122,82,1640,69,129,86,3280,70,123,72,4260,71,122,74,2320,72,123,72,2760,73,124,84,2820,74,123,68,2560,75,117,68,1360,76,119,68,1360,77,122,66,1320,78,110,74,3580,79,121,74,3220,80,117,76,1520,81,120,70,1400,82,121,76,1520,83,118,86,1720,84,124,86,1720,85,110,78,1560,86,119,76,1520,87,121,68,2920,88,120,66,1320,89,128,80,2200,90,127,82,1640,91,122,70,2960,92,118,74,3280,93,121,74,1480,94,120,86,1720,95,122,70,2600,96,120,70,1400,97,117,70,2180,98,128,80,2080,99,123,74,4900,100,112,76,1520
66,-117485,74197,1,128,68,1360,2,125,76,1520,3,121,78,1560,4,125,90,1800,5,121,72,1440,6,127,80,1600,7,120,72,1440,8,125,70,1880,9,123,64,1280,10,120,92,1840,11,116,68,1840,12,121,78,5340,13,129,86,3940,14,115,88,2900,15,122,70,2480,16,122,68,1360,17,113,76,1520,18,118,72,2520,19,111,68,1360,20,120,82,3560,21,113,68,2620,22,117,80,2320,23,123,68,1360,24,123,64,1280,25,122,74,1480,26,121,70,2360,27,112,64,2300,28,121,80,3400,29,119,80,2980,30,117,76,1520,31,126,72,1440,32,124,80,1600,33,112,76,1520,34,116,70,1400,35,119,76,1520,36,115,78,4500,37,119,82,3380,38,125,72,2700,39,112,80,1600,40,128,68,2680,41,131,78,1560,42,119,70,4040,43,114,70,2660,44,118,88,3020,45,124,80,1600,46,122,74,1480,47,115,72,2160,48,119,82,3560,49,124,78,3780,50,118,72,1440,51,116,94,5240,52,117,72,1440,53,120,72,4440,54,122,72,1440,55,123,70,3140,56,130,72,2640,57,116,72,3600,58,127,92,3340,59,127,84,2340,60,120,72,2400,61,123,74,2740,62,117,70,2660,63,119,80,2860,64,136,82,3200,65,127,72,2400,66,125,100,3260,67,118,70,1400,68,120,68,1360,69,117,72,2760,70,118,74,4240,71,106,66,2340,72,111,74,3040,73,117,70,2420,74,118,84,3060,75,123,88,1760,76,119,84,1680,77,114,82,1640,78,126,76,3800,79,122,68,2980,80,125,68,1360,81,121,92,1840,82,114,66,1320,83,127,80,1600,84,118,74,1480,85,122,70,1400,86,121,70,1400,87,120,96,3840,88,121,90,1800,89,117,76,2000,90,122,68,1360,91,114,78,3480,92,127,68,2920,93,119,72,1440,94,121,72,1440,95,121,96,3660,96,120,84,1680,97,133,86,2860,98,124,76,2000,99,121,70,4700,100,119,72,1440
67,-120965,75367,1,120,78,1560,2,119,66,1320,3,116,74,1480,4,120,68,1360,5,114,70,1400,6,122,70,1400,7,121,74,1480,8,117,78,2160,9,116,82,1640,10,118,82,1640,11,124,82,2120,12,115,70,4760,13,118,82,3560,14,115,74,2260,15,116,78,2580,16,125,86,1720,17,116,68,1360,18,131,78,2580,19,122,80,1600,20,122,78,3360,21,131,78,3000,22,123,70,2180,23,124,84,1680,24,115,76,1520,25,120,66,1320,26,120,102,3180,27,120,86,3280,28,123,76,3020,29,116,70,2780,30,123,66,1320,31,111,70,1400,32,117,66,1320,33,117,74,1480,34,127,82,1640,35,122,66,1320,36,126,74,4420,37,120,68,2680,38,115,80,3100,39,115,74,1480,40,120,70,2780,41,123,66,1320,42,120,86,4900,43,127,76,2540,44,126,74,2620,45,116,72,1440,46,114,72,1440,47,130,70,2180,48,124,70,3020,49,122,76,3740,50,126,74,1480,51,121,82,4400,52,134,76,1520,53,123,76,4820,54,112,76,1520,55,110,78,3720,56,112,68,2560,57,131,80,3760,58,122,80,2980,59,124,76,2120,60,123,78,2700,61,116,74,2920,62,126,82,3140,63,125,74,2680,64,126,76,3260,65,112,76,2480,66,116,82,2660,67,128,92,1840,68,119,84,1680,69,121,76,2900,70,121,80,4840,71,116,72,2580,72,122,82,3380,73,123,92,3400,74,129,76,2900,75,115,78,1560,76,126,68,1360,77,115,60,1200,78,116,72,3780,79,115,88,3920,80,118,86,1720,81,119,82,1640,82,129,82,1640,83,116,68,1360,84,122,72,1440,85,124,88,1760,86,113,90,1800,87,114,82,3260,88,120,76,1520,89,121,76,2120,90,118,86,1720,91,117,66,2940,92,120,80,3580,93,127,74,1480,94,108,74,1480,95,119,78,3120,96,116,76,1520,97,130,70,2180,98,119,72,1920,99,131,94,6140,100,127,78,1560
68,-130095,76527,1,125,70,1400,2,129,82,1640,3,126,74,1480,4,130,76,1520,5,135,84,1680,6,117,86,1720,7,117,68,1360,8,123,70,1640,9,124,70,1400,10,126,76,1520,11,119,72,1980,12,126,90,6120,13,122,72,3180,14,124,80,2500,15,120,68,2260,16,122,78,1560,17,127,96,1920,18,121,72,2340,19,114,62,1240,20,116,76,3080,21,120,74,2920,22,116,82,2720,23,125,74,1480,24,121,66,1320,25,122,90,1800,26,120,90,3000,27,122,76,2840,28,116,72,2880,29,125,78,2880,30,115,78,1560,31,125,72,1440,32,117,86,1720,33,122,64,1280,34,122,68,1360,35,117,82,1640,36,114,86,5140,37,120,78,2820,38,118,66,2580,39,122,72,1440,40,125,84,3120,41,117,86,1720,42,120,78,4440,43,120,68,2260,44,116,76,2540,45,135,94,1880,46,130,88,1760,47,124,74,2560,48,118,82,3680,49,122,72,3540,50,116,76,1520,51,118,72,3780,52,120,74,1480,53,117,72,4440,54,116,72,1440,55,125,74,3460,56,132,76,2780,57,117,72,3600,58,122,72,2700,59,114,68,1840,60,115,70,2600,61,127,72,2880,62,121,74,2740,63,115,70,2540,64,119,70,2900,65,124,70,2300,66,123,64,2180,67,126,78,1560,68,122,70,1400,69,121,70,2840,70,118,76,4640,71,122,74,2620,72,122,68,2860,73,112,76,2840,74,117,70,2720,75,120,72,1440,76,117,80,1600,77,116,80,1600,78,131,84,3960,79,119,78,3360,80,116,70,1400,81,124,72,1440,82,120,76,1520,83,126,84,1680,84,114,74,1480,85,110,70,1400,86,118,68,1360,87,118,72,3120,88,121,70,1400,89,115,64,1520,90,123,78,1560,91,116,78,3240,92,118,70,3140,93,115,76,1520,94,123,82,1640,95,123,68,2800,96,122,70,1400,97,114,76,2420,98,125,72,1980,99,124,82,5420,100,121,72,1440
69,-117925,77707,1,112,82,1640,2,121,70,1400,3,114,74,1480,4,119,74,1480,5,133,64,1280,6,119,80,1600,7,129,80,1600,8,111,80,2020,9,114,82,1640,10,123,68,1360,11,126,72,2160,12,115,80,5440,13,111,82,4100,14,121,70,2180,15,119,86,2980,16,114,70,1400,17,116,74,1480,18,114,78,2820,19,122,82,1640,20,124,82,3620,21,126,70,2960,22,119,68,2080,23,122,72,1440,24,115,76,1520,25,115,82,1640,26,113,82,2720,27,111,64,2360,28,127,82,3500,29,115,74,2800,30,121,72,1440,31,113,70,1400,32,126,72,1440,33,111,78,1560,34,118,98,1960,35,126,76,1520,36,120,80,4720,37,113,72,2700,38,125,82,3140,39,116,76,1520,40,118,70,2600,41,122,74,1480,42,120,74,4360,43,129,94,3140,44,122,72,2460,45,129,74,1480,46,128,78,1560,47,122,66,2040,48,123,74,3340,49,118,82,3920,50,124,68,1360,51,122,76,3980,52,117,74,1480,53,127,76,4460,54,126,82,1640,55,107,74,3400,56,119,74,2740,57,123,84,4320,58,113,70,2780,59,123,84,2280,60,126,78,2640,61,113,80,3160,62,113,76,3020,63,127,82,2660,64,124,106,4100,65,113,88,3140,66,113,84,2940,67,124,72,1440,68,117,86,1720,69,119,70,2600,70,127,76,4580,71,119,72,2460,72,118,86,3700,73,124,74,2560,74,132,78,2880,75,118,70,1400,76,124,68,1360,77,124,64,1280,78,124,70,3440,79,127,72,3180,80,131,78,1560,81,112,84,1680,82,121,70,1400,83,118,78,1560,84,127,72,1440,85,128,86,1720,86,127,84,1680,87,122,78,3060,88,119,88,1760,89,119,86,2140,90,113,70,1400,91,120,66,2820,92,129,82,3380,93,122,70,1400,94,116,74,1480,95,117,86,3280,96,118,72,1440,97,117,68,2140,98,111,72,2160,99,115,78,5280,100,114,74,1480
70,-127590,78889,1,118,68,1360,2,116,90,1800,3,127,78,1560,4,123,62,1240,5,122,76,1520,6,128,66,1320,7,121,64,1280,8,119,72,1740,9,120,70,1400,10,117,92,1840,11,115,72,2280,12,118,78,5220,13,116,72,3360,14,110,92,2920,15,121,74,2620,16,120,76,1520,17,122,80,1600,18,113,72,2580,19,121,72,1440,20,116,74,3100,21,112,76,3200,22,122,94,3020,23,112,72,1440,24,122,70,1400,25,124,72,1440,26,118,78,2580,27,121,80,2800,28,118,74,3040,29,126,78,3120,30,113,72,1440,31,127,80,1600,32,115,64,1280,33,114,70,1400,34,123,80,1600,35,120,72,1440,36,118,78,4560,37,124,80,2980,38,119,66,2700,39,117,66,1320,40,127,86,3280,41,116,66,1320,42,125,74,4300,43,122,84,2700,44,116,80,2500,45,117,64,1280,46,117,72,1440,47,117,82,2780,48,114,68,3160,49,117,76,3620,50,110,80,1600,51,120,72,3600,52,123,70,1400,53,113,72,4380,54,123,70,1400,55,127,84,3720,56,126,68,2380,57,122,70,3440,58,124,70,2660,59,114,72,2040,60,116,64,2300,61,123,74,3160,62,119,72,2820,63,121,66,2220,64,119,86,3220,65,120,74,2500,66,122,74,2500,67,111,74,1480,68,122,72,1440,69,120,80,3160,70,121,74,4480,71,124,74,2680,72,125,78,3060,73,122,72,2640,74,119,80,3160,75,123,86,1720,76,116,78,1560,77,114,70,1400,78,122,80,3700,79,114,84,3780,80,121,72,1440,81,116,74,1480,82,121,92,1840,83,124,70,1400,84,117,76,1520,85,121,74,1480,86,118,68,1360,87,118,74,3100,88,123,78,1560,89,125,70,1700,90,124,82,1640,91,118,80,3220,92,122,78,3240,93,113,82,1640,94,127,72,1440,95,116,70,2660,96,131,78,1560,97,125,106,3200,98,127,78,2400,99,126,82,5600,100,126,76,1520
71,-125100,80028,1,123,90,1800,2,118,78,1560,3,115,70,1400,4,117,70,1400,5,113,64,1280,6,122,84,1680,7,116,80,1600,8,122,80,2080,9,127,98,1960,10,120,80,1600,11,124,74,2320,12,113,80,5380,13,124,90,4440,14,114,74,2320,15,114,76,2900,16,120,72,1440,17,117,72,1440,18,131,84,3060,19,116,72,1440,20,120,84,3900,21,123,76,3080,22,118,72,2220,23,124,72,1440,24,119,78,1560,25,109,70,1400,26,126,70,2720,27,120,58,2360,28,125,80,3580,29,118,64,2360,30,132,80,1600,31,124,70,1400,32,122,78,1560,33,126,76,1520,34,118,72,1440,35,123,76,1520,36,120,76,4340,37,120,68,2800,38,121,84,3360,39,127,80,1600,40,123,68,2560,41,128,90,1800,42,117,66,3900,43,116,70,2420,44,117,68,2260,45,118,82,1640,46,131,82,1640,47,119,76,2300,48,122,80,3640,49,118,76,3680,50,115,68,1360,51,122,86,4600,52,115,84,1680,53,123,74,4360,54,117,82,1640,55,118,78,3540,56,119,86,3040,57,119,88,4340,58,118,82,3200,59,126,84,2340,60,119,86,3040,61,114,74,3040,62,124,78,3240,63,117,86,2620,64,135,80,3040,65,124,72,2700,66,120,72,2460,67,130,80,1600,68,111,76,1520,69,122,68,2560,70,122,70,4100,71,116,66,2340,72,117,70,2840,73,115,72,2640,74,121,72,2520,75,113,72,1440,76,125,68,1360,77,128,74,1480,78,116,72,3360,79,122,70,3440,80,118,74,1480,81,122,68,1360,82,114,76,1520,83,111,80,1600,84,125,70,1400,85,117,72,1440,86,129,80,1600,87,122,70,2660,88,120,72,1440,89,117,78,2040,90,117,64,1280,91,121,68,2620,92,120,74,2980,93,113,70,1400,94,110,72,1440,95,132,94,4040,96,125,70,1400,97,119,88,2600,98,119,72,2280,99,117,74,5080,100,121,72,1440
72,-126365,81260,1,114,72,1440,2,122,66,1320,3,131,82,1640,4,128,80,1600,5,125,90,1800,6,111,62,1240,7,116,66,1320,8,115,72,1920,9,119,74,1480,10,118,78,1560,11,113,66,2160,12,119,68,4540,13,118,76,3980,14,129,82,2300,15,119,66,2460,16,120,72,1440,17,129,78,1560,18,123,72,2580,19,130,78,1560,20,119,78,3540,21,113,70,2600,22,126,76,2420,23,106,74,1480,24,119,68,1360,25,124,74,1480,26,119,72,2460,27,114,64,2480,28,116,70,3140,29,115,84,3240,30,121,74,1480,31,113,78,1560,32,113,70,1400,33,114,66,1320,34,127,76,1520,35,117,70,1400,36,122,80,4780,37,122,76,2960,38,117,68,2620,39,121,70,1400,40,116,88,3260,41,120,74,1480,42,118,96,5520,43,132,80,3040,44,126,84,2820,45,118,72,1440,46,120,78,1560,47,117,70,2300,48,118,64,2720,49,126,74,3520,50,123,92,1840,51,121,76,3860,52,122,68,1360,53,112,74,4480,54,125,72,1440,55,123,72,3300,56,122,76,2780,57,121,76,4040,58,127,72,2700,59,119,74,2140,60,118,68,2380,61,122,70,2600,62,118,70,2660,63,123,74,2380,64,124,76,3020,65,114,78,2820,66,121,80,3040,67,120,68,1360,68,120,76,1520,69,119,82,3140,70,109,78,4620,71,129,76,2840,72,129,74,2980,73,136,76,2720,74,117,82,3200,75,132,80,1600,76,115,80,1600,77,116,70,1400,78,119,80,3820,79,116,88,4160,80,126,66,1320,81,118,90,1800,82,121,68,1360,83,112,64,1280,84,110,78,1560,85,132,84,1680,86,119,70,1400,87,114,82,3080,88,122,76,1520,89,123,74,1960,90,124,90,1800,91,120,82,3080,92,119,84,3840,93,129,82,1640,94,120,72,1440,95,123,72,2940,96,114,76,1520,97,122,70,2060,98,125,72,2280,99,128,88,6200,100,116,78,1560
73,-121280,82460,1,134,74,1480,2,125,92,1840,3,125,70,1400,4,121,68,1360,5,119,68,1360,6,116,82,1640,7,121,86,1720,8,126,80,2080,9,121,62,1240,10,123,70,1400,11,123,82,2720,12,120,80,5440,13,118,66,3240,14,122,74,2260,15,123,88,3140,16,123,74,1480,17,125,66,1320,18,113,72,2820,19,125,72,1440,20,120,68,2800,21,121,82,3380,22,120,68,2140,23,123,80,1600,24,124,80,1600,25,115,70,1400,26,127,84,3060,27,126,80,2920,28,132,76,3260,29,118,72,2640,30,114,74,1480,31,119,72,1440,32,127,74,1480,33,120,88,1760,34,121,68,1360,35,123,82,1640,36,116,74,4360,37,117,70,2840,38,121,92,3400,39,111,86,1720,40,119,72,2760,41,117,68,1360,42,127,80,4720,43,123,72,2640,44,122,76,2420,45,133,80,1600,46,124,74,1480,47,137,86,2500,48,119,82,3800,49,116,78,3720,50,114,82,1640,51,121,68,3700,52,122,94,1880,53,120,70,4160,54,108,70,1400,55,113,78,3420,56,113,66,2400,57,119,72,3720,58,116,70,2660,59,122,74,2260,60,126,90,3180,61,117,92,3580,62,132,88,3320,63,120,74,2380,64,124,70,2660,65,117,70,2600,66,120,66,2520,67,122,90,1800,68,123,72,1440,69,119,74,2800,70,124,74,4240,71,115,66,2400,72,119,72,2700,73,123,84,3000,74,121,74,2680,75,125,70,1400,76,119,66,1320,77,130,82,1640,78,122,74,3460,79,124,80,3880,80,126,82,1640,81,119,74,1480,82,115,72,1440,83,124,84,1680,84,112,68,1360,85,124,72,1440,86,124,90,1800,87,117,70,2720,88,119,68,1360,89,116,72,1920,90,110,78,1560,91,121,78,2880,92,124,78,3480,93,124,72,1440,94,125,74,1480,95,115,80,3220,96,123,74,1480,97,117,94,2660,98,113,72,2520,99,121,80,5620,100,122,74,1480
74,-126140,83623,1,124,74,1480,2,118,82,1640,3,115,74,1480,4,117,80,1600,5,125,82,1640,6,124,74,1480,7,120,72,1440,8,122,70,1880,9,120,86,1720,10,113,76,1520,11,114,72,2520,12,115,74,4960,13,129,98,4840,14,117,72,2280,15,121,72,2520,16,117,72,1440,17,129,82,1640,18,124,72,2520,19,114,72,1440,20,118,98,4000,21,112,78,3060,22,124,80,2440,23,118,72,1440,24,117,70,1400,25,129,74,1480,26,122,74,2500,27,123,66,2400,28,119,84,3780,29,130,78,2940,30,126,78,1560,31,124,72,1440,32,114,66,1320,33,122,74,1480,34,117,90,1800,35,120,72,1440,36,121,74,4360,37,133,82,3260,38,119,78,2940,39,120,72,1440,40,125,74,2920,41,123,90,1800,42,119,76,4520,43,112,76,2960,44,113,74,2500,45,130,70,1400,46,117,74,1480,47,132,76,2360,48,123,72,3240,49,122,70,3200,50,119,72,1440,51,117,76,3980,52,116,78,1560,53,120,84,4680,54,122,76,1520,55,121,80,3580,56,121,90,3120,57,116,82,4400,58,129,74,2740,59,113,66,1860,60,123,72,2460,61,127,82,3140,62,125,72,2820,63,124,72,2340,64,117,76,3020,65,129,88,3200,66,120,86,3160,67,114,72,1440,68,111,72,1440,69,118,72,2880,70,119,70,3920,71,125,82,2960,72,122,76,3020,73,119,70,2480,74,114,74,2860,75,118,76,1520,76,122,80,1600,77,121,66,1320,78,116,76,3740,79,119,74,3520,80,118,70,1400,81,125,72,1440,82,130,76,1520,83,112,76,1520,84,120,76,1520,85,111,80,1600,86,121,76,1520,87,130,80,2860,88,127,98,1960,89,128,82,2120,90,112,74,1480,91,117,72,2700,92,117,76,3320,93,106,74,1480,94,112,68,1360,95,119,78,3240,96,114,68,1360,97,130,80,2440,98,120,76,2600,99,122,72,5100,100,116,74,1480
75,-133160,84745,1,116,68,1360,2,119,76,1520,3,125,70,1400,4,124,64,1280,5,119,68,1360,6,121,72,1440,7,121,68,1360,8,119,74,1900,9,124,70,1400,10,117,72,1440,11,123,82,2840,12,126,80,5320,13,122,84,3900,14,127,88,2480,15,121,78,2700,16,137,82,1640,17,122,70,1400,18,110,74,2620,19,126,72,1440,20,125,78,3120,21,116,74,2920,22,118,70,2180,23,128,82,1640,24,134,86,1720,25,108,80,1600,26,123,68,2500,27,118,76,2660,28,118,66,3060,29,120,76,3020,30,118,74,1480,31,108,72,1440,32,124,84,1680,33,121,70,1400,34,120,78,1560,35,122,80,1600,36,117,78,4740,37,130,72,3060,38,121,74,2800,39,116,72,1440,40,115,78,3240,41,114,70,1400,42,120,70,4160,43,117,74,2800,44,127,72,2460,45,119,66,1320,46,125,68,1360,47,121,80,2380,48,114,76,3260,49,117,98,4480,50,123,72,1440,51,120,70,3740,52,121,68,1360,53,115,72,4200,54,113,66,1320,55,115,72,3180,56,120,72,2580,57,116,74,3760,58,123,74,2560,59,119,82,2480,60,111,78,2700,61,120,78,3000,62,120,70,2720,63,112,72,2340,64,126,66,2460,65,121,72,2580,66,118,72,2760,67,124,76,1520,68,125,78,1560,69,132,84,3360,70,131,82,4580,71,114,74,2680,72,113,68,2500,73,119,84,2820,74,129,80,3100,75,125,66,1320,76,115,64,1280,77,121,80,1600,78,122,72,3540,79,125,80,4120,80,124,84,1680,81,107,80,1600,82,119,76,1520,83,121,72,1440,84,125,70,1400,85,121,66,1320,86,117,72,1440,87,119,76,2960,88,120,76,1520,89,117,66,1740,90,124,84,1680,91,132,76,2960,92,120,70,2960,93,121,78,1560,94,126,82,1640,95,122,72,3000,96,126,82,1640,97,122,76,2240,98,120,74,2680,99,109,84,5940,100,121,70,1400
76,-115775,85951,1,125,88,1760,2,125,70,1400,3,114,76,1520,4,118,78,1560,5,127,92,1840,6,110,76,1520,7,127,84,1680,8,116,72,1860,9,108,84,1680,10,123,82,1640,11,114,74,2680,12,116,72,4740,13,118,68,3280,14,121,80,2320,15,110,70,2300,16,133,68,1360,17,118,86,1720,18,126,78,2460,19,108,68,1360,20,117,72,2760,21,120,76,2840,22,129,84,2400,23,119,74,1480,24,122,76,1520,25,115,68,1360,26,118,84,2700,27,127,64,2240,28,118,82,3620,29,123,72,2820,30,130,70,1400,31,120,76,1520,32,115,72,1440,33,121,98,1960,34,123,70,1400,35,112,70,1400,36,123,76,4580,37,119,70,3020,38,120,80,3520,39,134,90,1800,40,120,72,3060,41,128,78,1560,42,117,84,5160,43,120,74,3100,44,116,78,2700,45,127,84,1680,46,120,92,1840,47,120,72,2160,48,124,68,2800,49,119,80,3940,50,109,74,1480,51,123,92,4780,52,118,98,1960,53,121,74,4480,54,115,84,1680,55,121,76,3380,56,119,76,2660,57,128,72,3780,58,118,76,2900,59,127,74,2200,60,116,70,2420,61,118,70,2720,62,122,92,3760,63,127,78,2520,64,125,88,3080,65,111,72,2640,66,127,84,3300,67,117,74,1480,68,118,70,1400,69,125,76,3140,70,123,78,4440,71,130,74,2800,72,119,78,2880,73,119,72,2400,74,120,74,2860,75,125,86,1720,76,126,78,1560,77,116,74,1480,78,107,70,3680,79,118,66,3120,80,117,76,1520,81,110,68,1360,82,117,70,1400,83,118,70,1400,84,110,74,1480,85,115,80,1600,86,134,88,1760,87,121,74,2800,88,121,74,1480,89,126,84,2100,90,118,74,1480,91,118,74,2800,92,119,92,4120,93,121,74,1480,94,122,72,1440,95,115,82,3680,96,115,66,1320,97,116,66,2040,98,120,70,2600,99,118,74,5020,100,117,88,1760
77,-127400,87149,1,119,66,1320,2,113,74,1480,3,120,70,1400,4,121,64,1280,5,124,78,1560,6,123,74,1480,7,123,72,1440,8,127,84,2160,9,114,70,1400,10,117,70,1400,11,125,82,3080,12,134,84,5400,13,122,90,4440,14,113,76,2540,15,124,80,2740,16,116,70,1400,17,120,72,1440,18,118,74,2620,19,127,72,1440,20,132,86,3760,21,112,72,3000,22,120,70,2180,23,124,70,1400,24,116,64,1280,25,116,100,2000,26,118,76,2360,27,117,76,2660,28,120,70,3080,29,111,78,3240,30,118,72,1440,31,125,70,1400,32,127,84,1680,33,115,80,1600,34,116,80,1600,35,123,78,1560,36,109,82,5120,37,130,82,3260,38,120,64,2780,39,121,68,1360,40,118,72,2940,41,123,68,1360,42,125,72,4380,43,120,66,2520,44,122,70,2480,45,125,72,1440,46,121,72,1440,47,126,78,2340,48,112,82,3080,49,125,76,3800,50,121,78,1560,51,114,86,4600,52,118,74,1480,53,117,74,4300,54,122,70,1400,55,117,76,3260,56,124,70,2540,57,118,76,4040,58,123,70,2480,59,113,80,2380,60,128,74,2320,61,125,88,3320,62,117,82,3140,63,120,78,2700,64,123,80,2800,65,126,82,3020,66,119,68,2560,67,123,70,1400,68,127,86,1720,69,117,70,2900,70,116,76,4280,71,118,70,2660,72,118,74,2680,73,132,84,2820,74,125,80,3280,75,115,76,1520,76,119,62,1240,77,127,66,1320,78,117,78,3960,79,122,84,4140,80,119,70,1400,81,123,80,1600,82,129,82,1640,83,132,88,1760,84,122,78,1560,85,119,66,1320,86,131,74,1480,87,117,70,2900,88,115,68,1360,89,122,74,1960,90,124,72,1440,91,122,70,2900,92,114,78,3300,93,111,64,1280,94,113,70,1400,95,120,78,3420,96,123,86,1720,97,130,84,2700,98,115,90,3240,99,123,84,5880,100,120,76,1520
78,-123235,88321,1,130,78,1560,2,126,80,1600,3,124,88,1760,4,119,82,1640,5,118,70,1400,6,115,68,1360,7,109,70,1400,8,118,70,1700,9,126,78,1560,10,130,84,1680,11,123,78,2760,12,127,74,4900,13,120,74,3580,14,119,72,2100,15,122,68,2380,16,128,84,1680,17,120,70,1400,18,123,72,2460,19,112,78,1560,20,124,76,3020,21,123,82,3140,22,123,82,2360,23,111,74,1480,24,124,78,1560,25,120,74,1480,26,125,74,2500,27,123,70,2420,28,124,84,3660,29,118,70,2780,30,134,78,1560,31,116,74,1480,32,126,74,1480,33,120,70,1400,34,124,70,1400,35,117,68,1360,36,112,78,4800,37,121,74,3040,38,122,80,3280,39,112,86,1720,40,124,80,3520,41,114,84,1680,42,119,74,4600,43,117,86,3160,44,113,80,2740,45,111,74,1480,46,113,82,1640,47,122,68,2080,48,124,76,2840,49,118,76,3620,50,117,80,1600,51,122,78,4200,52,123,66,1320,53,126,76,4460,54,112,88,1760,55,119,72,3240,56,109,78,2940,57,127,72,3780,58,116,80,2980,59,120,72,2160,60,111,82,2660,61,121,78,3060,62,128,80,3280,63,115,72,2340,64,115,70,2480,65,114,68,2320,66,121,78,3000,67,117,84,1680,68,117,76,1520,69,127,88,3680,70,125,72,4020,71,128,78,2940,72,123,60,2280,73,131,68,2380,74,116,72,2820,75,112,62,1240,76,132,80,1600,77,127,76,1520,78,124,68,3640,79,120,72,3480,80,129,94,1880,81,107,62,1240,82,126,64,1280,83,126,76,1520,84,116,66,1320,85,128,84,1680,86,114,76,1520,87,126,84,3360,88,119,92,1840,89,117,72,1740,90,105,70,1400,91,118,84,3360,92,126,78,3540,93,112,82,1640,94,133,82,1640,95,113,70,2840,96,117,70,1400,97,117,68,2020,98,118,74,2680,99,114,74,5200,100,124,70,1400
79,-128070,89478,1,123,70,1400,2,126,64,1280,3,117,74,1480,4,121,62,1240,5,127,82,1640,6,125,94,1880,7,119,78,1560,8,123,88,2120,9,116,70,1400,10,124,74,1480,11,114,68,2320,12,114,68,4480,13,120,70,3320,14,122,74,2260,15,121,84,3240,16,125,70,1400,17,117,84,1680,18,112,88,3320,19,116,72,1440,20,118,76,3020,21,113,70,2720,22,115,70,2120,23,123,80,1600,24,121,68,1360,25,116,70,1400,26,116,74,2320,27,116,82,2840,28,118,74,3100,29,115,92,3940,30,123,80,1600,31,123,66,1320,32,118,74,1480,33,125,84,1680,34,114,72,1440,35,123,86,1720,36,122,76,4520,37,124,70,3080,38,118,66,2580,39,114,76,1520,40,117,72,3120,41,116,66,1320,42,118,72,4500,43,118,74,2680,44,118,64,2180,45,120,72,1440,46,122,72,1440,47,116,82,2360,48,117,62,2440,49,124,74,3580,50,121,76,1520,51,115,76,4040,52,115,78,1560,53,113,76,4460,54,112,76,1520,55,129,78,3600,56,117,68,2440,57,114,70,3680,58,124,74,2680,59,123,78,2400,60,119,70,2240,61,116,70,2720,62,121,70,2660,63,130,86,2680,64,132,88,3440,65,124,80,2800,66,117,70,2600,67,122,74,1480,68,121,74,1480,69,123,82,3320,70,110,74,4120,71,119,72,2880,72,117,80,3280,73,115,72,2640,74,125,90,3900,75,121,84,1680,76,126,70,1400,77,117,66,1320,78,117,78,3960,79,114,78,3840,80,122,84,1680,81,110,80,1600,82,125,80,1600,83,119,70,1400,84,125,90,1800,85,121,74,1480,86,118,72,1440,87,118,66,2640,88,124,78,1560,89,129,82,2000,90,125,68,1360,91,121,74,2800,92,121,78,3540,93,120,68,1360,94,129,68,1360,95,122,80,3400,96,127,90,1800,97,123,86,2500,98,125,64,2240,99,129,86,5860,100,113,76,1520
80,-128040,90588,1,111,76,1520,2,125,84,1680,3,125,62,1240,4,110,84,1680,5,124,72,1440,6,117,88,1760,7,125,74,1480,8,113,72,1740,9,127,78,1560,10,117,72,1440,11,119,86,3040,12,117,74,4960,13,117,90,4320,14,117,64,2060,15,112,72,2580,16,117,78,1560,17,125,72,1440,18,122,64,2420,19,127,86,1720,20,125,80,3460,21,121,86,3580,22,131,76,2180,23,118,76,1520,24,114,82,1640,25,134,84,1680,26,116,74,2560,27,122,66,2400,28,124,74,3220,29,122,80,3400,30,110,74,1480,31,116,84,1680,32,124,74,1480,33,118,74,1480,34,127,82,1640,35,122,74,1480,36,116,78,4800,37,112,78,3540,38,121,80,2980,39,118,74,1480,40,125,78,3120,41,128,76,1520,42,127,76,4580,43,122,78,2940,44,129,86,2860,45,115,72,1440,46,110,72,1440,47,116,72,2100,48,130,80,3160,49,118,74,3640,50,117,72,1440,51,122,76,4340,52,117,72,1440,53,121,80,4780,54,118,72,1440,55,120,74,3520,56,115,86,2980,57,124,72,3840,58,114,68,2440,59,121,74,2320,60,132,80,2680,61,124,84,3540,62,117,96,3300,63,123,74,2320,64,125,72,2700,65,120,70,2540,66,123,74,2860,67,115,70,1400,68,120,72,1440,69,118,76,3080,70,119,76,4100,71,124,76,3020,72,125,68,2620,73,123,80,2680,74,118,80,3400,75,117,66,1320,76,113,68,1360,77,125,90,1800,78,124,72,3780,79,123,72,3420,80,117,78,1560,81,115,72,1440,82,119,64,1280,83,127,84,1680,84,117,78,1560,85,124,72,1440,86,125,80,1600,87,125,76,2960,88,118,72,1440,89,119,72,1740,90,127,92,1840,91,120,72,2880,92,111,74,3220,93,120,86,1720,94,115,72,1440,95,111,72,3120,96,117,76,1520,97,113,74,2260,98,121,88,3080,99,122,76,5240,100,126,72,1440
81,-132150,91686,1,118,72,1440,2,117,68,1360,3,122,88,1760,4,106,68,1360,5,113,76,1520,6,113,78,1560,7,116,72,1440,8,125,80,1960,9,121,66,1320,10,130,76,1520,11,121,70,2540,12,123,68,4360,13,122,76,3860,14,120,86,2560,15,117,84,3240,16,119,64,1280,17,111,72,1440,18,124,86,3280,19,121,68,1360,20,119,76,3260,21,124,68,2680,22,117,80,2320,23,121,68,1360,24,123,66,1320,25,131,70,1400,26,123,76,2540,27,126,84,2760,28,119,74,3340,29,121,72,2880,30,126,76,1520,31,118,72,1440,32,119,72,1440,33,128,66,1320,34,121,68,1360,35,117,70,1400,36,121,72,4320,37,114,72,3420,38,117,66,2460,39,127,66,1320,40,119,72,3000,41,124,68,1360,42,117,74,4600,43,122,72,2520,44,121,72,2460,45,127,84,1680,46,125,82,1640,47,132,80,2320,48,119,68,2620,49,124,70,3380,50,128,74,1480,51,115,74,4240,52,136,82,1640,53,118,74,4300,54,128,84,1680,55,121,70,3200,56,121,72,2700,57,111,82,4220,58,125,86,2980,59,112,66,2100,60,125,68,2380,61,113,70,2720,62,123,72,2580,63,120,72,2460,64,114,78,3000,65,125,90,3120,66,117,66,2400,67,126,78,1560,68,121,74,1480,69,122,72,3000,70,120,74,3940,71,120,70,2900,72,118,72,2880,73,112,74,2560,74,119,72,2880,75,128,90,1800,76,123,86,1720,77,120,74,1480,78,124,78,4080,79,117,80,3700,80,121,66,1320,81,127,78,1560,82,125,86,1720,83,117,76,1520,84,122,64,1280,85,112,78,1560,86,118,68,1360,87,115,80,3460,88,131,84,1680,89,125,78,1920,90,118,70,1400,91,125,84,3540,92,128,84,3660,93,120,70,1400,94,134,78,1560,95,125,74,3100,96,124,74,1480,97,128,82,2480,98,118,72,2580,99,118,76,5360,100,112,70,1400
82,-110495,92911,1,128,82,1640,2,128,92,1840,3,113,68,1360,4,120,72,1440,5,124,72,1440,6,117,66,1320,7,135,84,1680,8,120,70,1700,9,119,88,1760,10,114,80,1600,11,119,90,3060,12,120,90,5940,13,117,74,3880,14,121,78,2280,15,122,70,2600,16,124,80,1600,17,131,70,1400,18,119,68,2560,19,111,84,1680,20,123,76,3260,21,119,84,3660,22,118,70,2120,23,114,96,1920,24,118,78,1560,25,121,78,1560,26,116,72,2460,27,112,70,2240,28,126,68,3160,29,121,82,3620,30,123,74,1480,31,131,84,1680,32,128,76,1520,33,125,86,1720,34,126,88,1760,35,131,82,1640,36,119,96,6060,37,127,86,4120,38,124,92,3460,39,123,94,1880,40,129,88,3740,41,124,82,1640,42,126,78,4800,43,115,80,2800,44,117,76,2600,45,120,82,1640,46,118,72,1440,47,125,72,2160,48,124,72,3000,49,116,80,3640,50,111,78,1560,51,118,84,4800,52,131,68,1360,53,122,80,4780,54,115,74,1480,55,121,80,3700,56,110,70,2300,57,113,68,3400,58,116,72,2580,59,115,84,2460,60,121,80,2620,61,122,84,3660,62,110,84,3300,63,126,74,2500,64,119,72,2820,65,117,80,2740,66,126,80,2800,67,122,68,1360,68,121,68,1360,69,116,76,3500,70,117,70,3920,71,123,86,3220,72,122,70,2780,73,125,80,2440,74,118,80,3580,75,126,66,1320,76,113,66,1320,77,116,64,1280,78,120,72,3960,79,115,70,3080,80,119,80,1600,81,124,62,1240,82,119,70,1400,83,123,74,1480,84,117,84,1680,85,113,72,1440,86,132,90,1800,87,122,68,2740,88,125,72,1440,89,117,72,1740,90,134,86,1720,91,120,70,2780,92,121,74,3160,93,125,104,2080,94,123,70,1400,95,117,74,3160,96,116,68,1360,97,118,74,2200,98,127,80,2860,99,119,72,4860,100,124,70,1400
83,-119450,94103,1,124,76,1520,2,123,74,1480,3,118,82,1640,4,126,76,1520,5,111,74,1480,6,134,78,1560,7,127,68,1360,8,128,94,2360,9,128,66,1320,10,119,70,1400,11,120,76,2480,12,120,82,5360,13,127,74,4060,14,111,70,2240,15,117,92,3460,16,123,68,1360,17,121,68,1360,18,125,92,3460,19,119,68,1360,20,118,72,3120,21,122,82,3620,22,123,80,2320,23,121,76,1520,24,129,66,1320,25,108,72,1440,26,126,82,2780,27,127,86,2800,28,119,86,4060,29,115,78,3420,30,111,68,1360,31,124,72,1440,32,120,74,1480,33,121,76,1520,34,117,74,1480,35,126,70,1400,36,126,82,5120,37,123,66,3180,38,121,76,2900,39,114,80,1600,40,122,78,3420,41,115,70,1400,42,117,70,4280,43,124,80,2800,44,120,64,2240,45,124,72,1440,46,128,78,1560,47,113,76,2240,48,110,76,3020,49,119,72,3480,50,111,58,1160,51,117,76,4340,52,113,72,1440,53,119,72,4140,54,122,74,1480,55,114,72,3180,56,123,82,2840,57,117,76,3860,58,130,90,3240,59,123,70,2180,60,120,72,2580,61,115,72,3420,62,114,74,2860,63,115,72,2460,64,124,82,3740,65,119,76,2660,66,120,74,2680,67,115,88,1760,68,123,88,1760,69,125,72,3300,70,117,86,4900,71,115,74,2980,72,117,98,4060,73,121,78,2640,74,120,76,3380,75,123,78,1560,76,121,84,1680,77,124,82,1640,78,122,74,4000,79,128,86,3760,80,117,70,1400,81,125,88,1760,82,123,96,1920,83,113,70,1400,84,117,66,1320,85,125,78,1560,86,120,74,1480,87,113,88,3620,88,117,76,1520,89,131,82,2120,90,130,72,1440,91,129,90,3660,92,120,72,3060,93,116,82,1640,94,114,74,1480,95,125,76,3080,96,122,86,1720,97,126,72,2280,98,123,74,2440,99,122,90,6240,100,113,74,1480
84,-134895,95239,1,119,66,1320,2,115,64,1280,3,123,76,1520,4,121,68,1360,5,127,86,1720,6,125,84,1680,7,116,82,1640,8,124,76,1880,9,125,78,1560,10,126,92,1840,11,119,72,2400,12,117,76,5060,13,118,78,4080,14,129,82,2540,15,124,76,2720,16,118,82,1640,17,116,84,1680,18,111,74,2680,19,126,90,1800,20,128,84,3420,21,113,72,3120,22,120,68,2080,23,112,70,1400,24,124,82,1640,25,126,80,1600,26,118,72,2460,27,118,76,2600,28,123,72,3240,29,119,68,2860,30,125,80,1600,31,110,76,1520,32,114,66,1320,33,119,66,1320,34,121,70,1400,35,112,72,1440,36,120,80,5020,37,122,76,3800,38,110,70,2720,39,117,74,1480,40,120,70,2960,41,130,80,1600,42,123,82,5180,43,118,76,2720,44,124,78,2880,45,102,74,1480,46,122,74,1480,47,119,72,2160,48,119,70,2840,49,117,74,3700,50,111,86,1720,51,121,78,4440,52,128,70,1400,53,114,78,4800,54,117,68,1360,55,128,80,3520,56,118,72,2580,57,123,66,3420,58,125,76,2540,59,115,86,2740,60,123,72,2460,61,126,72,3120,62,124,76,2840,63,129,80,2680,64,120,72,3060,65,118,68,2320,66,120,76,2720,67,123,76,1520,68,117,78,1560,69,112,68,2920,70,122,80,4480,71,121,74,3040,72,122,88,3380,73,117,74,2560,74,117,68,2860,75,118,70,1400,76,117,68,1360,77,118,70,1400,78,113,74,4120,79,120,72,3420,80,126,84,1680,81,119,74,1480,82,120,80,1600,83,125,72,1440,84,129,84,1680,85,117,68,1360,86,114,66,1320,87,116,76,3020,88,120,70,1400,89,121,70,1760,90,116,80,1600,91,125,76,3020,92,122,84,3900,93,123,66,1320,94,129,74,1480,95,117,72,3000,96,115,72,1440,97,116,80,2500,98,114,70,2360,99,121,82,5660,100,129,82,1640
85,-116705,96480,1,130,82,1640,2,119,74,1480,3,120,70,1400,4,116,80,1600,5,118,74,1480,6,120,76,1520,7,124,70,1400,8,118,68,1720,9,124,72,1440,10,119,80,1600,11,121,74,2560,12,127,76,5060,13,123,72,3840,14,124,70,2000,15,113,66,2340,16,122,68,1360,17,122,68,1360,18,126,74,2500,19,120,74,1480,20,122,76,3140,21,126,84,3600,22,123,90,2640,23,128,76,1520,24,116,68,1360,25,120,70,1400,26,124,82,2960,27,116,72,2400,28,117,76,3260,29,118,90,3900,30,117,70,1400,31,127,68,1360,32,123,76,1520,33,127,96,1920,34,116,88,1760,35,129,74,1480,36,122,74,4540,37,114,68,3400,38,123,72,2700,39,126,72,1440,40,117,92,3700,41,125,70,1400,42,111,72,4320,43,122,74,2680,44,113,72,2520,45,116,76,1520,46,109,68,1360,47,125,74,2320,48,117,90,3480,49,125,72,3480,50,119,70,1400,51,117,70,3800,52,115,66,1320,53,123,76,4520,54,130,84,1680,55,122,78,3480,56,133,78,2820,57,112,76,3920,58,118,72,2400,59,114,70,2120,60,109,78,2880,61,111,74,3400,62,114,68,2620,63,123,70,2300,64,126,68,2620,65,125,90,2940,66,122,72,2640,67,117,72,1440,68,122,74,1480,69,127,82,3500,70,117,74,4180,71,113,76,3260,72,114,72,2700,73,124,68,2320,74,119,100,4100,75,128,84,1680,76,116,86,1720,77,131,92,1840,78,132,84,4320,79,122,72,3420,80,116,72,1440,81,125,72,1440,82,121,74,1480,83,114,74,1480,84,122,72,1440,85,132,90,1800,86,122,94,1880,87,116,74,3040,88,123,86,1720,89,124,96,2280,90,118,70,1400,91,118,72,3000,92,121,72,3120,93,116,88,1760,94,108,74,1480,95,128,76,2960,96,132,88,1760,97,122,70,2000,98,129,78,2640,99,115,76,5360,100,124,76,1520
86,-126900,97594,1,124,70,1400,2,121,68,1360,3,123,92,1840,4,115,62,1240,5,118,68,1360,6,119,68,1360,7,116,82,1640,8,132,84,1980,9,115,72,1440,10,118,74,1480,11,125,66,2280,12,120,70,4520,13,115,74,3880,14,118,84,2760,15,119,92,2920,16,113,80,1600,17,114,78,1560,18,114,76,2600,19,124,70,1400,20,118,72,3060,21,120,70,2960,22,122,78,2340,23,124,74,1480,24,117,80,1600,25,123,94,1880,26,120,78,2880,27,132,84,3120,28,121,72,3180,29,124,72,3060,30,125,82,1640,31,117,72,1440,32,113,64,1280,33,122,78,1560,34,123,70,1400,35,117,74,1480,36,119,72,4320,37,118,84,4320,38,116,78,3180,39,112,84,1680,40,124,74,2920,41,116,74,1480,42,125,80,4840,43,114,72,2820,44,125,70,2480,45,121,64,1280,46,121,76,1520,47,117,74,2260,48,118,72,3000,49,115,76,3560,50,126,86,1720,51,122,86,4780,52,123,84,1680,53,119,70,4040,54,124,64,1280,55,117,70,2960,56,120,80,2920,57,120,74,3760,58,126,76,2480,59,126,86,2560,60,117,78,2880,61,116,74,3040,62,121,88,3380,63,125,80,2560,64,118,72,3000,65,116,74,2440,66,121,76,2900,67,131,76,1520,68,118,72,1440,69,119,72,2880,70,118,70,4100,71,121,68,2740,72,137,86,3280,73,114,84,3120,74,120,78,3180,75,121,74,1480,76,128,72,1440,77,127,80,1600,78,123,74,3820,79,109,78,3780,80,125,74,1480,81,110,82,1640,82,117,66,1320,83,125,74,1480,84,110,74,1480,85,131,78,1560,86,112,72,1440,87,126,70,2960,88,118,70,1400,89,117,84,1980,90,126,82,1640,91,118,72,3000,92,114,78,3480,93,119,64,1280,94,122,82,1640,95,115,74,3220,96,130,72,1440,97,115,98,3040,98,124,72,2400,99,127,80,5680,100,116,64,1280
87,-124860,98718,1,115,80,1600,2,114,82,1640,3,116,86,1720,4,119,74,1480,5,127,84,1680,6,122,94,1880,7,123,72,1440,8,122,78,1860,9,128,80,1600,10,120,72,1440,11,116,74,2320,12,115,84,5640,13,128,82,4400,14,121,70,2180,15,126,78,2640,16,115,72,1440,17,113,70,1400,18,123,70,2480,19,113,72,1440,20,121,82,3500,21,118,90,3480,22,116,74,2260,23,117,74,1480,24,121,68,1360,25,118,74,1480,26,116,78,2880,27,126,70,2420,28,117,80,3580,29,114,68,2800,30,115,74,1480,31,132,70,1400,32,114,76,1520,33,116,66,1320,34,110,80,1600,35,125,68,1360,36,126,86,5020,37,123,76,3920,38,122,74,2860,39,118,74,1480,40,116,68,2620,41,121,74,1480,42,121,70,4280,43,130,86,2980,44,113,68,2440,45,117,74,1480,46,121,72,1440,47,125,74,2260,48,128,74,3340,49,122,84,4320,50,122,76,1520,51,113,82,4580,52,113,68,1360,53,119,98,5380,54,124,78,1560,55,126,94,4220,56,121,72,2520,57,118,66,3540,58,114,70,2480,59,122,74,2380,60,123,70,2720,61,121,80,3280,62,117,82,3020,63,117,64,2120,64,129,76,2960,65,124,78,2700,66,115,62,2500,67,115,80,1600,68,130,76,1520,69,130,74,2740,70,122,90,5280,71,129,82,3260,72,124,82,3080,73,118,72,2460,74,119,74,2920,75,117,68,1360,76,113,76,1520,77,118,66,1320,78,112,74,3940,79,117,78,3900,80,112,66,1320,81,118,68,1360,82,126,82,1640,83,116,76,1520,84,122,80,1600,85,122,74,1480,86,134,90,1800,87,110,82,3380,88,118,88,1760,89,120,76,1820,90,116,72,1440,91,130,76,3260,92,114,74,3160,93,128,80,1600,94,114,72,1440,95,123,76,3140,96,113,78,1560,97,121,82,2420,98,117,76,2360,99,112,82,6080,100,117,82,1640
88,-128895,99809,1,120,66,1320,2,123,70,1400,3,127,72,1440,4,121,64,1280,5,122,72,1440,6,117,72,1440,7,111,78,1560,8,115,72,1740,9,126,70,1400,10,118,78,1560,11,125,74,2380,12,117,80,5320,13,120,78,3840,14,122,90,2520,15,114,72,2400,16,125,84,1680,17,127,74,1480,18,122,76,2480,19,130,84,1680,20,120,76,3080,21,123,84,3420,22,131,74,2260,23,125,68,1360,24,118,90,1800,25,124,68,1360,26,120,78,3000,27,119,76,2780,28,116,74,3280,29,114,86,3520,30,121,74,1480,31,124,74,1480,32,124,68,1360,33,120,92,1840,34,120,72,1440,35,120,92,1840,36,119,86,5080,37,118,64,3140,38,118,70,2540,39,125,64,1280,40,128,82,3140,41,120,72,1440,42,120,76,4460,43,119,80,2860,44,119,76,2600,45,123,70,1400,46,120,74,1480,47,116,72,2220,48,117,72,3120,49,117,74,3520,50,120,74,1480,51,117,70,3740,52,119,72,1440,53,123,84,4560,54,115,70,1400,55,117,76,3320,56,111,70,2720,57,128,76,3980,58,126,76,2600,59,117,70,2360,60,112,90,3240,61,116,78,3300,62,121,68,2500,63,119,78,2640,64,119,70,2780,65,116,70,2540,66,126,82,2900,67,118,72,1440,68,116,74,1480,69,117,76,3020,70,120,76,4220,71,120,74,3040,72,120,78,2940,73,129,78,2820,74,123,76,3320,75,121,100,2000,76,121,72,1440,77,120,104,2080,78,123,82,4280,79,115,70,3440,80,119,84,1680,81,121,80,1600,82,118,64,1280,83,126,70,1400,84,116,74,1480,85,110,66,1320,86,128,74,1480,87,113,72,2940,88,125,76,1520,89,116,74,1780,90,130,80,1600,91,120,76,3020,92,125,76,3140,93,122,70,1400,94,131,78,1560,95,117,68,2680,96,120,72,1440,97,117,78,2280,98,119,72,2340,99,115,72,5220,100,116,70,1400
89,-122405,101003,1,122,86,1720,2,109,82,1640,3,110,74,1480,4,117,74,1480,5,112,76,1520,6,125,78,1560,7,112,64,1280,8,125,80,1900,9,114,78,1560,10,120,68,1360,11,114,74,2500,12,120,80,5320,13,116,74,3700,14,112,74,2080,15,132,84,2820,16,118,74,1480,17,113,82,1640,18,114,60,2340,19,123,68,1360,20,119,72,2880,21,114,78,3300,22,111,74,2260,23,125,90,1800,24,123,78,1560,25,121,84,1680,26,118,78,3000,27,128,70,2660,28,126,72,3300,29,116,74,3040,30,122,74,1480,31,112,66,1320,32,123,90,1800,33,117,72,1440,34,121,76,1520,35,119,84,1680,36,119,82,4940,37,115,80,3700,38,127,88,3200,39,115,78,1560,40,123,70,2540,41,117,74,1480,42,119,74,4300,43,125,74,2680,44,126,72,2520,45,116,82,1640,46,119,68,1360,47,134,90,2580,48,125,74,3160,49,121,74,3700,50,120,74,1480,51,126,94,4820,52,126,70,1400,53,118,76,4040,54,132,86,1720,55,120,64,2720,56,130,78,3000,57,112,74,4180,58,116,70,2480,59,129,78,2640,60,115,78,3000,61,125,72,3180,62,117,90,3240,63,130,70,2120,64,123,82,2960,65,133,86,2980,66,118,66,2520,67,126,76,1520,68,125,66,1320,69,121,64,2420,70,112,76,4220,71,119,68,2800,72,117,70,2720,73,122,74,2740,74,117,72,3000,75,118,74,1480,76,111,74,1480,77,131,74,1480,78,116,68,3520,79,117,82,4100,80,126,74,1480,81,112,70,1400,82,121,88,1760,83,109,80,1600,84,129,74,1480,85,120,82,1640,86,112,74,1480,87,130,82,3320,88,122,68,1360,89,122,68,1660,90,127,78,1560,91,110,74,3160,92,118,70,2960,93,118,76,1520,94,124,72,1440,95,127,82,3320,96,113,70,1400,97,124,66,1920,98,127,72,2460,99,130,84,6060,100,130,84,1680
90,-122545,102196,1,115,78,1560,2,116,76,1520,3,130,72,1440,4,125,72,1440,5,121,74,1480,6,115,70,1400,7,124,80,1600,8,118,62,1480,9,116,74,1480,10,120,94,1880,11,123,80,2800,12,114,76,4880,13,122,72,3840,14,128,86,2260,15,128,80,2920,16,122,70,1400,17,118,66,1320,18,120,76,2840,19,129,94,1880,20,127,84,3420,21,120,80,3640,22,128,76,2120,23,116,70,1400,24,112,70,1400,25,109,72,1440,26,117,72,2760,27,120,70,2660,28,116,68,3040,29,125,76,3560,30,116,72,1440,31,128,86,1720,32,120,76,1520,33,125,72,1440,34,114,74,1480,35,122,76,1520,36,123,82,4880,37,122,70,3020,38,120,66,2160,39,118,68,1360,40,114,82,3320,41,128,68,1360,42,111,78,4740,43,115,74,2740,44,113,74,2560,45,118,76,1520,46,127,86,1720,47,129,68,1960,48,120,70,2780,49,120,76,3680,50,124,66,1320,51,120,78,3900,52,109,80,1600,53,124,80,4660,54,128,78,1560,55,124,82,3620,56,116,72,2820,57,134,80,4120,58,126,80,2620,59,123,66,2100,60,124,72,2760,61,110,82,3680,62,120,64,2120,63,122,70,2240,64,112,74,2860,65,124,72,2580,66,126,70,2660,67,116,66,1320,68,121,80,1600,69,128,84,3360,70,126,78,4380,71,122,82,3200,72,127,74,2860,73,115,74,2740,74,123,92,3880,75,126,68,1360,76,131,78,1560,77,115,82,1640,78,129,84,4080,79,118,70,3500,80,118,78,1560,81,129,74,1480,82,113,68,1360,83,122,66,1320,84,113,78,1560,85,121,68,1360,86,122,82,1640,87,121,72,2880,88,113,86,1720,89,119,94,2120,90,119,68,1360,91,122,70,2840,92,129,90,3720,93,118,66,1320,94,106,78,1560,95,124,74,3040,96,128,74,1480,97,120,92,2380,98,110,82,2840,99,124,80,5620,100,128,70,1400
91,-121445,103392,1,115,66,1320,2,126,66,1320,3,120,70,1400,4,111,76,1520,5,115,68,1360,6,130,82,1640,7,111,70,1400,8,129,78,1800,9,128,72,1440,10,116,84,1680,11,112,72,2400,12,121,76,4940,13,117,72,3900,14,117,72,1980,15,122,76,2600,16,113,88,1760,17,126,92,1840,18,117,66,2400,19,123,78,1560,20,123,72,2940,21,116,78,3540,22,124,72,2280,23,128,88,1760,24,122,72,1440,25,128,82,1640,26,126,76,2960,27,129,84,3120,28,127,84,3720,29,124,74,3280,30,136,80,1600,31,119,72,1440,32,121,70,1400,33,114,74,1480,34,131,76,1520,35,116,72,1440,36,117,76,4580,37,122,92,3760,38,122,88,2900,39,124,92,1840,40,119,76,2900,41,115,80,1600,42,118,74,4360,43,127,80,3220,44,125,76,2600,45,121,70,1400,46,120,80,1600,47,117,74,2320,48,121,86,3280,49,119,72,3480,50,119,82,1640,51,121,72,3660,52,111,72,1440,53,122,72,4080,54,122,70,1400,55,117,70,2960,56,126,80,2920,57,119,70,3560,58,119,74,2560,59,124,86,2500,60,110,72,2880,61,117,78,3540,62,125,84,2820,63,115,84,2520,64,129,80,3100,65,122,66,2160,66,110,80,3220,67,125,102,2040,68,120,70,1400,69,122,70,2780,70,116,74,4060,71,120,70,2960,72,109,76,3020,73,123,78,3000,74,120,84,3480,75,124,80,1600,76,127,68,1360,77,117,66,1320,78,123,78,3960,79,127,82,3500,80,124,68,1360,81,116,76,1520,82,120,80,1600,83,116,82,1640,84,120,68,1360,85,122,88,1760,86,114,78,1560,87,117,80,3520,88,123,74,1480,89,117,88,2000,90,124,82,1640,91,118,86,3640,92,121,82,3320,93,130,82,1640,94,120,80,1600,95,115,74,3100,96,116,72,1440,97,120,76,2060,98,117,66,2280,99,121,74,5260,100,115,68,1360
92,-118500,104633,1,121,82,1640,2,116,86,1720,3,122,88,1760,4,123,66,1320,5,121,90,1800,6,120,68,1360,7,124,78,1560,8,121,64,1460,9,113,76,1520,10,120,76,1520,11,136,86,3100,12,110,72,4680,13,131,74,3760,14,129,78,2100,15,113,80,3280,16,119,70,1400,17,122,76,1520,18,129,90,3480,19,115,66,1320,20,111,82,3260,21,126,76,3380,22,109,78,2400,23,120,66,1320,24,107,76,1520,25,121,72,1440,26,117,74,3220,27,126,74,2740,28,119,64,2660,29,114,60,2460,30,127,74,1480,31,126,78,1560,32,117,84,1680,33,124,80,1600,34,118,76,1520,35,128,80,1600,36,123,76,4640,37,116,74,3400,38,125,74,2560,39,123,78,1560,40,130,82,3380,41,122,72,1440,42,120,78,4620,43,123,68,2620,44,112,66,2520,45,114,84,1680,46,119,74,1480,47,122,68,2200,48,121,76,3020,49,123,74,3460,50,122,78,1560,51,118,76,3860,52,122,72,1440,53,121,94,5540,54,117,90,1800,55,128,96,4380,56,112,66,2460,57,124,82,3740,58,123,68,2080,59,114,74,2140,60,124,82,3380,61,115,72,3300,62,124,78,2640,63,121,70,2240,64,116,72,3000,65,120,86,2680,66,110,64,2540,67,121,80,1600,68,132,90,1800,69,114,86,3460,70,128,82,4700,71,127,84,3120,72,126,78,3120,73,115,70,2660,74,122,70,2660,75,115,62,1240,76,120,82,1640,77,123,82,1640,78,112,72,3720,79,116,66,2820,80,122,86,1720,81,127,64,1280,82,121,74,1480,83,121,68,1360,84,127,88,1760,85,118,72,1440,86,118,70,1400,87,116,70,2780,88,114,70,1400,89,120,76,1700,90,116,80,1600,91,122,68,2740,92,116,80,3280,93,125,76,1520,94,116,76,1520,95,121,80,3340,96,135,78,1560,97,116,64,1820,98,118,82,3020,99,117,76,5480,100,118,88,1760
93,-115610,105844,1,112,74,1480,2,117,76,1520,3,116,82,1640,4,119,86,1720,5,123,72,1440,6,121,84,1680,7,119,62,1240,8,115,84,1860,9,120,70,1400,10,123,74,1480,11,130,74,2620,12,125,74,4600,13,121,76,4160,14,124,72,2100,15,120,70,2480,16,125,96,1920,17,116,66,1320,18,126,60,2280,19,127,86,1720,20,118,78,3300,21,112,84,4020,22,115,70,2180,23,116,90,1800,24,123,86,1720,25,117,74,1480,26,123,70,2900,27,115,78,3060,28,128,80,3400,29,121,80,3460,30,110,78,1560,31,121,70,1400,32,123,78,1560,33,116,74,1480,34,120,66,1320,35,121,74,1480,36,112,66,3960,37,117,70,3140,38,120,72,2460,39,123,72,1440,40,127,72,2880,41,115,74,1480,42,118,72,4260,43,122,92,3700,44,117,74,2500,45,120,70,1400,46,125,66,1320,47,122,82,2420,48,117,78,3300,49,117,72,3360,50,115,72,1440,51,119,70,3680,52,116,78,1560,53,119,80,4480,54,124,80,1600,55,120,76,3380,56,127,88,3020,57,118,74,3700,58,119,84,2580,59,133,74,2140,60,117,74,2980,61,130,90,4140,62,118,74,2500,63,116,88,2780,64,142,94,3800,65,124,76,2480,66,116,90,3660,67,113,72,1440,68,125,70,1400,69,123,74,2920,70,119,76,4280,71,118,74,2860,72,116,74,3400,73,131,88,3260,74,115,96,3780,75,123,84,1680,76,123,70,1400,77,118,72,1440,78,129,80,4000,79,114,86,3580,80,116,70,1400,81,118,80,1600,82,110,64,1280,83,120,92,1840,84,120,74,1480,85,126,78,1560,86,129,94,1880,87,134,90,3300,88,129,70,1400,89,126,70,1580,90,120,72,1440,91,115,82,3140,92,120,74,3040,93,116,68,1360,94,122,76,1520,95,116,74,2980,96,117,78,1560,97,122,74,2140,98,122,76,2660,99,125,78,5520,100,121,70,1400
94,-122765,106996,1,123,82,1640,2,124,68,1360,3,122,82,1640,4,121,74,1480,5,109,68,1360,6,117,74,1480,7,126,86,1720,8,116,68,1540,9,111,100,2000,10,112,66,1320,11,114,82,2780,12,111,68,4180,13,115,68,3760,14,117,80,2560,15,128,84,2940,16,115,86,1720,17,136,80,1600,18,122,78,2820,19,120,74,1480,20,124,74,3040,21,123,78,3600,22,126,76,2180,23,122,76,1520,24,121,70,1400,25,127,72,1440,26,115,80,3220,27,121,70,2540,28,114,72,3000,29,116,66,2760,30,113,68,1360,31,118,90,1800,32,119,72,1440,33,128,72,1440,34,124,96,1920,35,114,70,1400,36,118,90,5040,37,126,80,3700,38,121,72,2460,39,111,82,1640,40,112,82,3320,41,123,72,1440,42,124,88,5300,43,115,84,3240,44,124,66,2400,45,122,86,1720,46,120,84,1680,47,114,72,2100,48,125,64,2720,49,133,82,3680,50,132,88,1760,51,115,76,3920,52,118,68,1360,53,126,72,4200,54,114,70,1400,55,119,70,3080,56,119,72,2700,57,123,74,3580,58,123,70,2120,59,118,80,2380,60,127,74,3100,61,120,78,3600,62,123,68,2380,63,122,74,2380,64,136,80,3160,65,117,68,2200,66,122,74,3040,67,131,84,1680,68,112,74,1480,69,121,78,3240,70,123,74,4180,71,119,70,2780,72,121,68,2920,73,119,74,2620,74,115,82,3080,75,116,68,1360,76,113,74,1480,77,126,76,1520,78,123,78,3840,79,122,78,3060,80,128,78,1560,81,125,72,1440,82,121,80,1600,83,117,84,1680,84,118,70,1400,85,120,72,1440,86,119,78,1560,87,126,78,2940,88,117,76,1520,89,117,80,1780,90,119,72,1440,91,127,68,2740,92,118,74,3160,93,119,88,1760,94,121,70,1400,95,128,74,3100,96,125,70,1400,97,109,74,2440,98,118,72,2580,99,118,68,4900,100,116,88,1760
95,-119490,108189,1,115,72,1440,2,117,88,1760,3,118,76,1520,4,116,68,1360,5,126,88,1760,6,124,74,1480,7,121,74,1480,8,127,88,1940,9,115,86,1720,10,124,90,1800,11,120,70,2660,12,121,74,4480,13,122,88,4760,14,123,74,2380,15,122,72,2580,16,122,74,1480,17,127,72,1440,18,119,64,2420,19,119,66,1320,20,117,78,3420,21,115,74,3340,22,120,62,1900,23,118,70,1400,24,125,90,1800,25,115,74,1480,26,118,68,2740,27,115,90,3060,28,125,86,3760,29,124,86,3100,30,121,82,1640,31,123,76,1520,32,124,74,1480,33,113,76,1520,34,116,78,1560,35,132,80,1600,36,115,80,4420,37,120,74,3460,38,118,82,3020,39,116,72,1440,40,116,68,2860,41,105,80,1600,42,119,74,4420,43,121,76,2960,44,127,84,2940,45,117,76,1520,46,122,70,1400,47,124,80,2260,48,118,78,3180,49,129,70,3080,50,126,72,1440,51,126,72,3720,52,120,90,1800,53,117,82,4940,54,124,86,1720,55,124,88,3800,56,127,72,2640,57,116,76,3860,58,112,84,2580,59,123,68,1960,60,112,80,2980,61,122,74,3340,62,126,94,3260,63,113,68,2200,64,123,80,3340,65,131,88,2900,66,113,70,2840,67,123,72,1440,68,131,70,1400,69,117,72,2940,70,114,80,4600,71,125,82,3140,72,127,94,3620,73,122,72,2700,74,121,72,2820,75,122,90,1800,76,126,78,1560,77,118,68,1360,78,110,74,3820,79,112,82,3500,80,120,68,1360,81,111,74,1480,82,123,68,1360,83,122,74,1480,84,125,86,1720,85,122,72,1440,86,125,74,1480,87,121,72,2820,88,120,70,1400,89,122,74,1660,90,121,74,1480,91,113,70,2780,92,126,70,2900,93,131,70,1400,94,125,88,1760,95,118,76,3140,96,108,72,1440,97,124,82,2540,98,123,78,2820,99,131,82,6020,100,120,74,1480
96,-128865,109323,1,128,84,1680,2,121,76,1520,3,123,68,1360,4,125,84,1680,5,121,74,1480,6,115,68,1360,7,115,68,1360,8,123,78,1860,9,122,72,1440,10,122,76,1520,11,128,90,3240,12,115,70,4340,13,119,72,3840,14,118,74,2320,15,116,78,3000,16,117,70,1400,17,112,76,1520,18,129,80,3040,19,127,88,1760,20,119,74,3040,21,128,84,3840,22,124,90,2640,23,125,78,1560,24,120,68,1360,25,127,72,1440,26,123,92,3580,27,116,74,2620,28,119,72,3000,29,116,66,2580,30,109,68,1360,31,117,68,1360,32,116,68,1360,33,120,74,1480,34,123,62,1240,35,122,76,1520,36,119,74,4300,37,123,76,3740,38,118,60,2040,39,132,88,1760,40,128,86,3820,41,113,72,1440,42,121,82,5060,43,109,72,3060,44,121,68,2380,45,120,64,1280,46,118,86,1720,47,119,70,2240,48,121,68,2920,49,121,68,3220,50,117,78,1560,51,118,78,4200,52,115,74,1480,53,121,72,4020,54,116,72,1440,55,118,76,3080,56,105,74,2740,57,122,72,3600,58,118,68,2080,59,121,82,2240,60,118,78,3300,61,107,74,3640,62,117,72,2280,63,115,74,2440,64,122,68,2800,65,129,76,2420,66,122,80,3220,67,106,84,1680,68,111,76,1520,69,122,94,3980,70,123,82,4640,71,116,72,2820,72,118,78,3000,73,113,74,2620,74,123,74,2740,75,115,78,1560,76,118,64,1280,77,122,76,1520,78,122,80,3940,79,118,70,2660,80,125,86,1720,81,122,72,1440,82,125,96,1920,83,117,70,1400,84,123,76,1520,85,117,76,1520,86,118,72,1440,87,116,72,2940,88,126,82,1640,89,119,76,1820,90,115,68,1360,91,122,76,3020,92,116,80,3580,93,118,80,1600,94,114,74,1480,95,125,70,3140,96,127,84,1680,97,118,74,2320,98,115,74,2920,99,119,68,4960,100,115,70,1400
97,-126630,110485,1,123,76,1520,2,117,70,1400,3,114,84,1680,4,118,68,1360,5,115,64,1280,6,123,90,1800,7,122,90,1800,8,119,66,1500,9,112,74,1480,10,112,66,1320,11,121,80,2920,12,125,84,5280,13,122,82,4280,14,123,66,2160,15,125,72,2820,16,126,84,1680,17,119,66,1320,18,122,70,2780,19,119,76,1520,20,122,76,3320,21,114,74,3340,22,117,76,2300,23,119,68,1360,24,128,88,1760,25,110,76,1520,26,121,78,2760,27,118,74,2740,28,125,76,3200,29,124,86,3340,30,119,76,1520,31,125,82,1640,32,117,90,1800,33,120,70,1400,34,126,82,1640,35,113,68,1360,36,120,76,4640,37,113,68,3160,38,122,82,2780,39,124,76,1520,40,120,74,3280,41,124,76,1520,42,114,74,4480,43,121,80,3280,44,123,88,3140,45,122,86,1720,46,122,74,1480,47,128,80,2380,48,113,86,3640,49,120,78,3360,50,121,72,1440,51,127,74,3820,52,121,74,1480,53,117,74,4300,54,130,88,1760,55,122,72,2880,56,120,84,2940,57,121,78,4020,58,118,84,2520,59,116,68,1960,60,117,68,2560,61,121,70,3260,62,130,76,2660,63,122,72,2280,64,112,84,3360,65,118,80,2800,66,116,76,3200,67,113,68,1360,68,122,66,1320,69,120,80,3400,70,114,78,4440,71,131,78,2820,72,126,78,3240,73,127,80,2860,74,113,80,3220,75,117,70,1400,76,127,74,1480,77,114,70,1400,78,115,72,3540,79,126,94,3620,80,113,78,1560,81,116,78,1560,82,121,68,1360,83,127,80,1600,84,116,70,1400,85,124,70,1400,86,128,76,1520,87,125,80,3280,88,120,72,1440,89,126,72,1620,90,127,94,1880,91,119,72,3120,92,121,68,2920,93,127,72,1440,94,133,88,1760,95,115,78,3300,96,120,76,1520,97,126,70,2240,98,121,72,2760,99,119,78,5820,100,127,80,1600
98,-122545,111668,1,115,66,1320,2,126,82,1640,3,127,72,1440,4,126,80,1600,5,125,80,1600,6,113,76,1520,7,121,66,1320,8,126,94,2120,9,128,74,1480,10,125,88,1760,11,118,76,2720,12,120,78,5040,13,120,68,3520,14,128,96,3060,15,114,80,3100,16,117,70,1400,17,126,78,1560,18,122,80,3100,19,123,66,1320,20,118,70,2840,21,123,88,4040,22,125,72,1980,23,124,90,1800,24,118,74,1480,25,117,74,1480,26,119,78,3000,27,123,74,2800,28,122,68,2920,29,120,72,2880,30,129,66,1320,31,118,70,1400,32,120,84,1680,33,124,92,1840,34,122,76,1520,35,123,78,1560,36,119,72,4500,37,128,82,3680,38,120,66,2280,39,117,68,1360,40,122,70,2960,41,115,70,1400,42,125,80,4960,43,114,68,2800,44,117,74,2620,45,116,72,1440,46,116,74,1480,47,124,74,2020,48,116,72,3360,49,117,68,3040,50,117,74,1480,51,116,84,4440,52,115,68,1360,53,128,74,4300,54,121,78,1560,55,109,78,3240,56,120,78,2700,57,117,74,3760,58,120,72,2280,59,131,88,2360,60,125,92,3280,61,116,84,3960,62,120,70,2360,63,102,74,2440,64,116,76,2960,65,123,66,2460,66,119,70,2840,67,126,88,1760,68,119,88,1760,69,120,72,3000,70,115,72,3960,71,120,72,2880,72,122,70,2840,73,121,72,2760,74,118,68,2800,75,130,84,1680,76,115,86,1720,77,129,80,1600,78,135,88,4160,79,118,76,3020,80,121,70,1400,81,123,68,1360,82,131,90,1800,83,119,72,1440,84,134,84,1680,85,109,82,1640,86,120,74,1480,87,115,74,2980,88,118,76,1520,89,120,82,1880,90,118,76,1520,91,129,68,2860,92,116,84,3540,93,117,78,1560,94,127,78,1560,95,118,74,3400,96,120,70,1400,97,116,70,2540,98,120,70,2600,99,121,72,5220,100,113,68,1360
99,-121240,112796,1,122,90,1800,2,117,62,1240,3,112,72,1440,4,125,72,1440,5,115,68,1360,6,120,72,1440,7,115,80,1600,8,120,74,1540,9,113,82,1640,10,119,72,1440,11,121,76,2720,12,112,74,4600,13,115,84,4440,14,123,82,2480,15,115,72,2700,16,127,74,1480,17,118,70,1400,18,118,68,2620,19,121,90,1800,20,131,86,3700,21,117,76,3320,22,109,76,2060,23,117,82,1640,24,123,72,1440,25,120,64,1280,26,122,68,2500,27,116,76,3020,28,117,76,3260,29,120,80,3580,30,126,76,1520,31,126,92,1840,32,123,80,1600,33,124,76,1520,34,112,68,1360,35,117,70,1400,36,127,68,4120,37,120,72,3180,38,121,84,3000,39,124,86,1720,40,122,94,3800,41,128,82,1640,42,118,76,4640,43,121,82,3380,44,126,72,2460,45,134,86,1720,46,124,72,1440,47,119,66,1860,48,129,78,3360,49,121,94,4040,50,126,68,1360,51,119,70,3620,52,124,90,1800,53,110,74,4420,54,116,70,1400,55,120,80,3520,56,114,72,2640,57,121,74,3700,58,122,74,2440,59,122,74,2020,60,117,82,2780,61,121,74,3280,62,122,92,3160,63,115,74,2500,64,123,78,3300,65,116,78,2580,66,119,86,3460,67,117,72,1440,68,127,76,1520,69,121,76,3440,70,130,94,5300,71,116,76,2900,72,114,86,3460,73,124,76,3020,74,126,88,3740,75,118,64,1280,76,119,74,1480,77,122,72,1440,78,126,82,4040,79,120,74,3100,80,120,92,1840,81,119,78,1560,82,124,84,1680,83,126,72,1440,84,124,76,1520,85,114,74,1480,86,119,74,1480,87,126,84,3660,88,128,68,1360,89,118,74,1540,90,120,68,1360,91,115,80,3580,92,117,76,3200,93,116,72,1440,94,118,70,1400,95,123,70,3080,96,124,88,1760,97,121,70,2240,98,115,84,2880,99,118,86,6340,100,120,82,1640
