Step,TotalEnergy,NumTrans,CellID_1,Area_1,Perimeter_1,ContactEnergy_1,CentroidX_1,CentroidY_1,MCS_1,CellID_2,Area_2,Perimeter_2,ContactEnergy_2,CentroidX_2,CentroidY_2,MCS_2,CellID_3,Area_3,Perimeter_3,ContactEnergy_3,CentroidX_3,CentroidY_3,MCS_3,CellID_4,Area_4,Perimeter_4,ContactEnergy_4,CentroidX_4,CentroidY_4,MCS_4,CellID_5,Area_5,Perimeter_5,ContactEnergy_5,CentroidX_5,CentroidY_5,MCS_5,CellID_6,Area_6,Perimeter_6,ContactEnergy_6,CentroidX_6,CentroidY_6,MCS_6,CellID_7,Area_7,Perimeter_7,ContactEnergy_7,CentroidX_7,CentroidY_7,MCS_7,CellID_8,Area_8,Perimeter_8,ContactEnergy_8,CentroidX_8,CentroidY_8,MCS_8,CellID_9,Area_9,Perimeter_9,ContactEnergy_9,CentroidX_9,CentroidY_9,MCS_9,CellID_10,Area_10,Perimeter_10,ContactEnergy_10,CentroidX_10,CentroidY_10,MCS_10,CellID_11,Area_11,Perimeter_11,ContactEnergy_11,CentroidX_11,CentroidY_11,MCS_11,CellID_12,Area_12,Perimeter_12,ContactEnergy_12,CentroidX_12,CentroidY_12,MCS_12,CellID_13,Area_13,Perimeter_13,ContactEnergy_13,CentroidX_13,CentroidY_13,MCS_13,CellID_14,Area_14,Perimeter_14,ContactEnergy_14,CentroidX_14,CentroidY_14,MCS_14,CellID_15,Area_15,Perimeter_15,ContactEnergy_15,CentroidX_15,CentroidY_15,MCS_15,CellID_16,Area_16,Perimeter_16,ContactEnergy_16,CentroidX_16,CentroidY_16,MCS_16,CellID_17,Area_17,Perimeter_17,ContactEnergy_17,CentroidX_17,CentroidY_17,MCS_17,CellID_18,Area_18,Perimeter_18,ContactEnergy_18,CentroidX_18,CentroidY_18,MCS_18,CellID_19,Area_19,Perimeter_19,ContactEnergy_19,CentroidX_19,CentroidY_19,MCS_19,CellID_20,Area_20,Perimeter_20,ContactEnergy_20,CentroidX_20,CentroidY_20,MCS_20,CellID_21,Area_21,Perimeter_21,ContactEnergy_21,CentroidX_21,CentroidY_21,MCS_21,CellID_22,Area_22,Perimeter_22,ContactEnergy_22,CentroidX_22,CentroidY_22,MCS_22,CellID_23,Area_23,Perimeter_23,ContactEnergy_23,CentroidX_23,CentroidY_23,MCS_23,CellID_24,Area_24,Perimeter_24,ContactEnergy_24,CentroidX_24,CentroidY_24,MCS_24,CellID_25,Area_25,Perimeter_25,ContactEnergy_25,CentroidX_25,CentroidY_25,MCS_25,CellID_26,Area_26,Perimeter_26,ContactEnergy_26,CentroidX_26,CentroidY_26,MCS_26,CellID_27,Area_27,Perimeter_27,ContactEnergy_27,CentroidX_27,CentroidY_27,MCS_27,CellID_28,Area_28,Perimeter_28,ContactEnergy_28,CentroidX_28,CentroidY_28,MCS_28,CellID_29,Area_29,Perimeter_29,ContactEnergy_29,CentroidX_29,CentroidY_29,MCS_29,CellID_30,Area_30,Perimeter_30,ContactEnergy_30,CentroidX_30,CentroidY_30,MCS_30,CellID_31,Area_31,Perimeter_31,ContactEnergy_31,CentroidX_31,CentroidY_31,MCS_31,CellID_32,Area_32,Perimeter_32,ContactEnergy_32,CentroidX_32,CentroidY_32,MCS_32,CellID_33,Area_33,Perimeter_33,ContactEnergy_33,CentroidX_33,CentroidY_33,MCS_33,CellID_34,Area_34,Perimeter_34,ContactEnergy_34,CentroidX_34,CentroidY_34,MCS_34,CellID_35,Area_35,Perimeter_35,ContactEnergy_35,CentroidX_35,CentroidY_35,MCS_35,CellID_36,Area_36,Perimeter_36,ContactEnergy_36,CentroidX_36,CentroidY_36,MCS_36,CellID_37,Area_37,Perimeter_37,ContactEnergy_37,CentroidX_37,CentroidY_37,MCS_37,CellID_38,Area_38,Perimeter_38,ContactEnergy_38,CentroidX_38,CentroidY_38,MCS_38,CellID_39,Area_39,Perimeter_39,ContactEnergy_39,CentroidX_39,CentroidY_39,MCS_39,CellID_40,Area_40,Perimeter_40,ContactEnergy_40,CentroidX_40,CentroidY_40,MCS_40,CellID_41,Area_41,Perimeter_41,ContactEnergy_41,CentroidX_41,CentroidY_41,MCS_41,CellID_42,Area_42,Perimeter_42,ContactEnergy_42,CentroidX_42,CentroidY_42,MCS_42,CellID_43,Area_43,Perimeter_43,ContactEnergy_43,CentroidX_43,CentroidY_43,MCS_43,CellID_44,Area_44,Perimeter_44,ContactEnergy_44,CentroidX_44,CentroidY_44,MCS_44,CellID_45,Area_45,Perimeter_45,ContactEnergy_45,CentroidX_45,CentroidY_45,MCS_45,CellID_46,Area_46,Perimeter_46,ContactEnergy_46,CentroidX_46,CentroidY_46,MCS_46,CellID_47,Area_47,Perimeter_47,ContactEnergy_47,CentroidX_47,CentroidY_47,MCS_47,CellID_48,Area_48,Perimeter_48,ContactEnergy_48,CentroidX_48,CentroidY_48,MCS_48,CellID_49,Area_49,Perimeter_49,ContactEnergy_49,CentroidX_49,CentroidY_49,MCS_49,CellID_50,Area_50,Perimeter_50,ContactEnergy_50,CentroidX_50,CentroidY_50,MCS_50,CellID_51,Area_51,Perimeter_51,ContactEnergy_51,CentroidX_51,CentroidY_51,MCS_51,CellID_52,Area_52,Perimeter_52,ContactEnergy_52,CentroidX_52,CentroidY_52,MCS_52,CellID_53,Area_53,Perimeter_53,ContactEnergy_53,CentroidX_53,CentroidY_53,MCS_53,CellID_54,Area_54,Perimeter_54,ContactEnergy_54,CentroidX_54,CentroidY_54,MCS_54,CellID_55,Area_55,Perimeter_55,ContactEnergy_55,CentroidX_55,CentroidY_55,MCS_55,CellID_56,Area_56,Perimeter_56,ContactEnergy_56,CentroidX_56,CentroidY_56,MCS_56,CellID_57,Area_57,Perimeter_57,ContactEnergy_57,CentroidX_57,CentroidY_57,MCS_57,CellID_58,Area_58,Perimeter_58,ContactEnergy_58,CentroidX_58,CentroidY_58,MCS_58,CellID_59,Area_59,Perimeter_59,ContactEnergy_59,CentroidX_59,CentroidY_59,MCS_59,CellID_60,Area_60,Perimeter_60,ContactEnergy_60,CentroidX_60,CentroidY_60,MCS_60,CellID_61,Area_61,Perimeter_61,ContactEnergy_61,CentroidX_61,CentroidY_61,MCS_61,CellID_62,Area_62,Perimeter_62,ContactEnergy_62,CentroidX_62,CentroidY_62,MCS_62,CellID_63,Area_63,Perimeter_63,ContactEnergy_63,CentroidX_63,CentroidY_63,MCS_63,CellID_64,Area_64,Perimeter_64,ContactEnergy_64,CentroidX_64,CentroidY_64,MCS_64,CellID_65,Area_65,Perimeter_65,ContactEnergy_65,CentroidX_65,CentroidY_65,MCS_65,CellID_66,Area_66,Perimeter_66,ContactEnergy_66,CentroidX_66,CentroidY_66,MCS_66,CellID_67,Area_67,Perimeter_67,ContactEnergy_67,CentroidX_67,CentroidY_67,MCS_67,CellID_68,Area_68,Perimeter_68,ContactEnergy_68,CentroidX_68,CentroidY_68,MCS_68,CellID_69,Area_69,Perimeter_69,ContactEnergy_69,CentroidX_69,CentroidY_69,MCS_69,CellID_70,Area_70,Perimeter_70,ContactEnergy_70,CentroidX_70,CentroidY_70,MCS_70,CellID_71,Area_71,Perimeter_71,ContactEnergy_71,CentroidX_71,CentroidY_71,MCS_71,CellID_72,Area_72,Perimeter_72,ContactEnergy_72,CentroidX_72,CentroidY_72,MCS_72,CellID_73,Area_73,Perimeter_73,ContactEnergy_73,CentroidX_73,CentroidY_73,MCS_73,CellID_74,Area_74,Perimeter_74,ContactEnergy_74,CentroidX_74,CentroidY_74,MCS_74,CellID_75,Area_75,Perimeter_75,ContactEnergy_75,CentroidX_75,CentroidY_75,MCS_75,CellID_76,Area_76,Perimeter_76,ContactEnergy_76,CentroidX_76,CentroidY_76,MCS_76,CellID_77,Area_77,Perimeter_77,ContactEnergy_77,CentroidX_77,CentroidY_77,MCS_77,CellID_78,Area_78,Perimeter_78,ContactEnergy_78,CentroidX_78,CentroidY_78,MCS_78,CellID_79,Area_79,Perimeter_79,ContactEnergy_79,CentroidX_79,CentroidY_79,MCS_79,CellID_80,Area_80,Perimeter_80,ContactEnergy_80,CentroidX_80,CentroidY_80,MCS_80,CellID_81,Area_81,Perimeter_81,ContactEnergy_81,CentroidX_81,CentroidY_81,MCS_81,CellID_82,Area_82,Perimeter_82,ContactEnergy_82,CentroidX_82,CentroidY_82,MCS_82,CellID_83,Area_83,Perimeter_83,ContactEnergy_83,CentroidX_83,CentroidY_83,MCS_83,CellID_84,Area_84,Perimeter_84,ContactEnergy_84,CentroidX_84,CentroidY_84,MCS_84,CellID_85,Area_85,Perimeter_85,ContactEnergy_85,CentroidX_85,CentroidY_85,MCS_85,CellID_86,Area_86,Perimeter_86,ContactEnergy_86,CentroidX_86,CentroidY_86,MCS_86,CellID_87,Area_87,Perimeter_87,ContactEnergy_87,CentroidX_87,CentroidY_87,MCS_87,CellID_88,Area_88,Perimeter_88,ContactEnergy_88,CentroidX_88,CentroidY_88,MCS_88,CellID_89,Area_89,Perimeter_89,ContactEnergy_89,CentroidX_89,CentroidY_89,MCS_89,CellID_90,Area_90,Perimeter_90,ContactEnergy_90,CentroidX_90,CentroidY_90,MCS_90,CellID_91,Area_91,Perimeter_91,ContactEnergy_91,CentroidX_91,CentroidY_91,MCS_91,CellID_92,Area_92,Perimeter_92,ContactEnergy_92,CentroidX_92,CentroidY_92,MCS_92,CellID_93,Area_93,Perimeter_93,ContactEnergy_93,CentroidX_93,CentroidY_93,MCS_93,CellID_94,Area_94,Perimeter_94,ContactEnergy_94,CentroidX_94,CentroidY_94,MCS_94,CellID_95,Area_95,Perimeter_95,ContactEnergy_95,CentroidX_95,CentroidY_95,MCS_95,CellID_96,Area_96,Perimeter_96,ContactEnergy_96,CentroidX_96,CentroidY_96,MCS_96,CellID_97,Area_97,Perimeter_97,ContactEnergy_97,CentroidX_97,CentroidY_97,MCS_97,CellID_98,Area_98,Perimeter_98,ContactEnergy_98,CentroidX_98,CentroidY_98,MCS_98,CellID_99,Area_99,Perimeter_99,ContactEnergy_99,CentroidX_99,CentroidY_99,MCS_99,CellID_100,Area_100,Perimeter_100,ContactEnergy_100,CentroidX_100,CentroidY_100,MCS_100
0,7295135,325,1,8,14,280,2,8,18,360,3,8,14,280,4,9,12,240,5,8,14,280,6,11,16,320,7,13,22,440,8,10,14,280,9,10,16,320,10,10,18,360,11,11,20,400,12,11,20,400,13,10,18,360,14,13,20,400,15,9,12,240,16,12,18,360,17,10,18,360,18,9,16,320,19,11,20,400,20,13,18,360,21,12,18,660,22,11,20,400,23,12,18,360,24,11,20,400,25,7,14,580,26,13,16,320,27,10,22,680,28,12,20,580,29,9,20,400,30,12,18,360,31,10,18,360,32,11,20,400,33,15,18,360,34,10,18,360,35,10,14,280,36,8,18,360,37,9,16,320,38,10,16,320,39,11,20,400,40,12,18,360,41,11,14,280,42,12,22,440,43,9,16,320,44,11,16,320,45,12,18,360,46,11,24,480,47,9,16,320,48,14,20,400,49,11,20,400,50,13,18,360,51,10,18,360,52,14,18,360,53,8,14,280,54,10,16,560,55,10,18,360,56,12,18,360,57,10,14,280,58,8,18,360,59,14,18,360,60,10,18,360,61,11,20,400,62,10,18,360,63,13,18,360,64,10,18,360,65,11,20,400,66,8,18,540,67,10,18,360,68,14,22,440,69,10,18,360,70,8,14,280,71,11,20,400,72,12,18,360,73,13,20,400,74,10,14,280,75,13,20,400,76,12,18,360,77,12,18,360,78,12,16,320,79,14,20,400,80,8,18,360,81,9,20,400,82,13,20,400,83,14,22,440,84,9,16,320,85,11,20,400,86,10,18,360,87,13,16,320,88,12,18,360,89,10,18,360,90,9,16,320,91,8,18,360,92,9,16,320,93,9,16,320,94,11,16,320,95,14,22,440,96,10,18,360,97,13,20,400,98,10,18,360,99,11,16,320,100,12,18,360
1,6741210,703,1,7,16,320,2,12,22,440,3,11,18,360,4,11,24,480,5,9,20,460,6,13,18,360,7,17,24,480,8,13,20,400,9,14,22,560,10,16,26,520,11,16,22,440,12,17,20,520,13,12,20,400,14,18,22,440,15,12,20,400,16,13,18,360,17,11,20,400,18,12,22,440,19,15,20,400,20,18,26,520,21,13,20,700,22,17,20,400,23,17,24,480,24,15,16,320,25,8,16,620,26,14,22,440,27,14,24,780,28,14,20,640,29,13,18,360,30,15,22,440,31,16,24,480,32,17,24,480,33,17,24,480,34,12,18,360,35,14,26,520,36,12,20,400,37,10,18,420,38,15,20,400,39,17,24,480,40,14,20,400,41,16,20,400,42,15,28,560,43,10,20,400,44,14,18,360,45,17,22,440,46,18,28,560,47,12,20,400,48,17,24,480,49,18,24,480,50,17,20,400,51,12,20,400,52,16,20,400,53,10,22,440,54,11,18,660,55,12,22,440,56,16,22,440,57,12,18,360,58,9,20,400,59,19,24,480,60,15,22,440,61,16,24,480,62,15,26,520,63,15,18,360,64,12,18,360,65,16,20,400,66,13,20,640,67,13,20,400,68,17,22,440,69,17,24,480,70,9,16,320,71,13,20,400,72,15,18,360,73,20,30,600,74,12,18,360,75,18,24,480,76,19,22,440,77,18,22,440,78,17,22,440,79,20,24,480,80,12,16,320,81,10,20,400,82,18,24,480,83,19,28,560,84,12,22,440,85,13,22,440,86,13,22,440,87,16,26,520,88,15,20,400,89,12,20,400,90,12,20,400,91,11,20,400,92,13,20,400,93,13,20,400,94,13,18,360,95,18,22,440,96,14,26,520,97,16,24,480,98,14,20,400,99,13,20,400,100,15,24,480
2,6164955,1118,1,8,18,360,2,18,24,480,3,14,20,400,4,18,26,520,5,11,22,560,6,17,18,360,7,19,26,520,8,21,32,640,9,16,20,580,10,20,28,560,11,24,26,520,12,21,26,700,13,15,20,400,14,20,26,520,15,18,24,480,16,13,20,400,17,18,26,520,18,17,20,400,19,16,20,400,20,23,28,560,21,15,20,760,22,19,24,480,23,20,24,480,24,16,26,520,25,13,20,760,26,19,28,620,27,15,26,820,28,20,28,980,29,17,18,360,30,19,24,480,31,19,30,600,32,20,24,480,33,19,28,560,34,14,18,360,35,21,34,680,36,18,24,540,37,12,18,480,38,19,24,480,39,21,28,560,40,18,24,480,41,24,28,560,42,23,32,640,43,14,24,480,44,19,20,400,45,23,28,560,46,22,34,680,47,15,20,400,48,24,32,640,49,28,30,600,50,23,26,520,51,15,24,480,52,19,24,480,53,13,26,520,54,15,20,700,55,19,24,480,56,19,26,520,57,19,24,480,58,12,22,440,59,24,28,560,60,20,22,440,61,21,24,480,62,18,26,520,63,21,24,480,64,14,20,400,65,20,26,520,66,15,24,900,67,14,20,400,68,19,24,480,69,19,26,520,70,11,20,400,71,18,26,520,72,17,20,400,73,26,34,680,74,13,20,400,75,23,28,560,76,23,28,560,77,23,26,520,78,17,22,440,79,29,34,680,80,16,20,400,81,14,20,400,82,23,26,520,83,24,32,640,84,12,22,440,85,16,24,480,86,19,24,480,87,23,34,680,88,18,26,520,89,18,28,560,90,16,22,440,91,17,26,520,92,15,20,400,93,17,24,480,94,15,20,400,95,21,28,560,96,18,30,600,97,20,32,640,98,18,22,440,99,15,20,400,100,20,26,520
3,5558040,1597,1,11,20,400,2,22,22,440,3,16,22,440,4,23,28,560,5,16,18,540,6,20,26,520,7,22,26,520,8,31,34,680,9,20,26,1060,10,28,32,640,11,28,28,560,12,27,38,1300,13,18,26,520,14,26,30,600,15,23,26,520,16,17,26,520,17,23,30,600,18,21,26,520,19,20,22,620,20,29,34,680,21,17,22,980,22,25,28,560,23,26,28,560,24,20,26,520,25,22,26,1060,26,23,30,660,27,18,30,1020,28,21,28,980,29,19,24,480,30,25,28,560,31,24,38,760,32,22,26,520,33,26,34,680,34,19,20,400,35,23,34,680,36,27,28,620,37,15,18,540,38,24,26,520,39,24,28,560,40,21,28,680,41,30,34,680,42,29,36,720,43,18,26,520,44,24,26,520,45,30,36,1020,46,23,36,720,47,18,24,480,48,27,32,640,49,31,32,640,50,29,28,560,51,20,28,560,52,25,28,560,53,16,26,520,54,17,26,940,55,24,24,480,56,24,32,640,57,21,28,560,58,15,26,520,59,29,34,680,60,27,26,520,61,28,28,560,62,24,28,560,63,26,32,640,64,20,22,440,65,24,26,520,66,18,26,940,67,18,24,480,68,28,34,680,69,23,30,600,70,14,22,440,71,21,28,560,72,19,26,520,73,35,34,680,74,15,20,400,75,28,30,600,76,33,30,600,77,28,34,680,78,22,22,440,79,40,40,800,80,18,22,440,81,19,24,480,82,31,26,520,83,29,34,680,84,14,24,480,85,19,26,520,86,23,30,600,87,28,36,720,88,20,22,440,89,23,28,560,90,21,28,560,91,19,26,520,92,20,28,560,93,24,32,640,94,16,20,400,95,33,38,760,96,22,30,600,97,25,30,600,98,23,28,560,99,18,22,440,100,26,34,680
4,4864665,2172,1,15,26,520,2,27,30,600,3,19,24,480,4,26,34,680,5,18,28,920,6,27,28,560,7,32,34,680,8,41,38,760,9,21,26,1180,10,35,42,840,11,33,34,680,12,33,38,1420,13,23,32,640,14,34,42,840,15,28,28,560,16,23,30,600,17,31,34,680,18,26,30,600,19,20,22,740,20,37,32,640,21,20,32,1600,22,32,30,600,23,35,34,680,24,28,30,600,25,25,38,1720,26,29,34,860,27,24,36,1380,28,28,34,1280,29,22,24,480,30,29,32,640,31,30,36,720,32,28,30,600,33,33,38,760,34,21,30,600,35,31,40,800,36,31,30,780,37,18,30,960,38,29,32,640,39,28,30,600,40,28,34,1040,41,39,44,880,42,38,36,720,43,27,36,720,44,31,28,560,45,40,36,1380,46,30,40,800,47,22,28,560,48,37,36,720,49,38,36,720,50,35,36,780,51,25,28,560,52,29,30,600,53,23,34,680,54,19,32,1300,55,30,32,640,56,30,34,680,57,28,30,660,58,17,28,560,59,37,38,760,60,35,32,640,61,35,32,640,62,28,32,640,63,30,34,680,64,25,28,560,65,25,26,520,66,19,28,1160,67,22,28,560,68,34,38,760,69,28,32,640,70,18,22,440,71,24,28,560,72,23,32,640,73,42,36,720,74,17,22,440,75,34,38,760,76,40,38,760,77,36,36,720,78,25,30,600,79,48,48,960,80,19,24,480,81,26,26,520,82,36,40,800,83,38,36,720,84,21,30,600,85,25,34,680,86,26,32,640,87,36,40,800,88,23,24,480,89,29,34,680,90,25,28,560,91,24,30,600,92,30,36,720,93,31,36,720,94,22,30,600,95,38,34,680,96,27,36,720,97,31,34,680,98,27,30,600,99,19,24,480,100,31,32,640
5,4145315,2834,1,24,32,640,2,30,30,600,3,26,28,560,4,36,36,720,5,22,30,1020,6,32,34,680,7,36,38,760,8,47,38,760,9,25,26,1120,10,45,44,880,11,41,34,680,12,33,38,1360,13,33,36,720,14,41,46,920,15,36,32,640,16,27,36,720,17,37,40,800,18,33,34,680,19,25,30,1080,20,40,32,640,21,22,36,1800,22,42,38,760,23,43,40,800,24,34,32,640,25,31,40,1880,26,34,36,960,27,28,46,1820,28,34,38,1480,29,28,30,600,30,34,34,680,31,37,42,840,32,34,32,640,33,38,42,840,34,26,28,560,35,40,44,880,36,37,34,920,37,25,32,1060,38,36,38,760,39,36,36,720,40,37,38,1180,41,49,50,1000,42,44,36,720,43,35,40,800,44,38,40,800,45,43,44,1780,46,37,42,840,47,29,32,640,48,44,44,880,49,45,40,800,50,40,40,1100,51,27,30,600,52,35,34,680,53,30,36,720,54,26,36,1620,55,41,38,760,56,37,42,840,57,35,36,1020,58,24,30,600,59,44,40,800,60,42,34,680,61,42,40,800,62,36,40,800,63,34,38,760,64,30,34,680,65,29,28,560,66,23,36,1440,67,27,32,640,68,43,40,800,69,36,42,840,70,23,28,560,71,32,36,720,72,29,34,680,73,48,40,800,74,21,26,520,75,43,42,840,76,49,38,760,77,49,40,800,78,33,36,720,79,59,54,1080,80,26,32,640,81,31,30,600,82,43,48,960,83,47,42,840,84,24,32,640,85,36,38,760,86,35,38,760,87,44,46,920,88,28,28,560,89,34,38,760,90,34,36,720,91,29,34,680,92,36,38,760,93,41,42,900,94,26,28,560,95,44,30,600,96,32,38,760,97,36,32,640,98,33,40,800,99,22,28,620,100,36,36,720
6,3427150,3548,1,29,40,800,2,35,36,720,3,33,32,640,4,43,42,840,5,28,34,1220,6,36,36,720,7,43,44,880,8,59,46,920,9,29,32,1360,10,52,46,920,11,49,42,840,12,41,44,1600,13,37,36,720,14,50,48,960,15,43,36,720,16,35,38,760,17,46,44,880,18,39,40,800,19,29,34,1460,20,48,40,800,21,29,42,2040,22,50,36,720,23,50,42,840,24,42,42,840,25,35,44,2080,26,42,42,1440,27,34,48,1860,28,38,48,2040,29,35,34,680,30,39,36,720,31,45,48,960,32,41,34,680,33,49,52,1040,34,31,34,680,35,47,50,1000,36,43,44,1480,37,32,36,1260,38,45,46,920,39,44,46,920,40,43,42,1440,41,59,50,1000,42,51,42,840,43,43,50,1000,44,45,44,880,45,50,56,2500,46,41,44,880,47,36,32,640,48,54,48,960,49,56,46,1040,50,47,48,1440,51,34,36,720,52,40,36,720,53,41,44,880,54,29,38,1660,55,47,38,760,56,44,46,920,57,40,38,1240,58,31,34,680,59,50,42,840,60,49,42,840,61,48,40,800,62,45,52,1040,63,40,40,800,64,38,36,720,65,38,32,640,66,30,48,2040,67,32,36,720,68,50,50,1000,69,46,52,1040,70,31,36,720,71,39,36,720,72,40,42,840,73,55,48,960,74,24,30,600,75,53,48,960,76,57,38,760,77,54,40,800,78,41,40,800,79,67,56,1120,80,31,36,720,81,38,32,640,82,54,54,1080,83,51,48,960,84,30,38,760,85,44,42,840,86,43,40,800,87,52,48,960,88,34,36,720,89,36,38,760,90,41,46,920,91,34,40,800,92,40,34,680,93,43,44,1000,94,34,32,640,95,49,42,840,96,39,46,920,97,42,40,920,98,45,42,840,99,31,32,760,100,44,34,680
7,2750420,4336,1,36,40,800,2,47,44,880,3,39,36,720,4,55,52,1040,5,34,40,1520,6,42,34,680,7,54,50,1000,8,71,50,1000,9,30,36,1560,10,62,54,1080,11,61,44,880,12,46,48,1800,13,43,42,840,14,58,44,880,15,50,44,880,16,47,42,840,17,52,44,880,18,51,44,880,19,36,36,1740,20,55,42,840,21,32,46,2240,22,57,40,800,23,61,44,880,24,50,44,880,25,41,50,2320,26,49,42,1620,27,39,52,1940,28,41,54,2460,29,45,38,760,30,44,40,800,31,55,50,1000,32,48,42,840,33,65,56,1120,34,36,40,800,35,54,52,1040,36,48,52,1820,37,38,38,1480,38,60,50,1000,39,56,48,960,40,44,42,1440,41,65,56,1120,42,61,50,1000,43,52,56,1120,44,57,56,1120,45,54,56,2740,46,47,48,960,47,41,36,720,48,66,56,1120,49,65,48,1080,50,55,42,1440,51,42,42,900,52,47,42,840,53,51,52,1040,54,34,38,1660,55,51,40,800,56,54,48,960,57,48,42,1440,58,35,40,800,59,57,46,920,60,52,46,920,61,55,42,840,62,55,60,1200,63,48,46,920,64,42,40,800,65,40,36,720,66,39,54,2460,67,37,36,720,68,62,56,1120,69,51,56,1120,70,39,42,900,71,46,38,760,72,48,44,880,73,65,52,1040,74,26,32,640,75,58,52,1040,76,65,48,960,77,64,54,1080,78,49,46,920,79,77,60,1200,80,39,36,720,81,48,42,840,82,64,56,1120,83,60,46,920,84,39,50,1000,85,54,46,920,86,52,44,880,87,65,54,1080,88,41,38,760,89,40,40,800,90,50,52,1040,91,40,40,800,92,45,40,800,93,48,46,1100,94,40,34,680,95,58,40,800,96,47,50,1000,97,53,46,1040,98,50,52,1040,99,44,36,900,100,51,44,880
8,2110090,5173,1,45,48,960,2,57,46,920,3,49,46,920,4,65,56,1120,5,37,42,1740,6,53,40,800,7,61,52,1040,8,81,58,1160,9,36,40,1940,10,67,56,1120,11,71,52,1040,12,53,64,2420,13,48,42,840,14,64,46,920,15,60,48,960,16,55,46,920,17,66,46,920,18,63,48,960,19,41,42,2160,20,64,50,1000,21,39,56,2800,22,63,46,920,23,69,48,960,24,58,44,880,25,47,58,2840,26,54,50,2020,27,47,58,2120,28,48,70,3140,29,47,40,800,30,51,46,920,31,66,62,1240,32,60,44,1000,33,78,66,1320,34,44,42,900,35,64,60,1200,36,56,58,2180,37,42,44,1780,38,67,58,1160,39,64,54,1080,40,51,50,1900,41,75,62,1240,42,70,48,960,43,60,58,1220,44,70,66,1320,45,63,68,3580,46,56,54,1140,47,47,38,760,48,79,62,1240,49,76,52,1280,50,64,48,1680,51,50,46,1220,52,51,44,880,53,57,54,1080,54,40,44,1840,55,57,46,920,56,66,54,1080,57,56,48,1680,58,41,48,960,59,62,52,1040,60,60,50,1000,61,61,44,940,62,66,62,1240,63,53,50,1000,64,45,44,1000,65,48,40,800,66,47,56,2860,67,46,48,960,68,77,62,1240,69,63,62,1240,70,48,44,1180,71,54,48,960,72,54,44,880,73,76,60,1200,74,34,36,720,75,70,54,1080,76,76,58,1160,77,74,48,960,78,54,50,1000,79,87,62,1240,80,44,38,880,81,60,46,920,82,76,66,1320,83,69,52,1040,84,47,52,1040,85,66,52,1040,86,60,46,920,87,76,62,1240,88,48,44,880,89,47,44,880,90,53,52,1040,91,44,46,920,92,53,46,920,93,57,48,1260,94,46,42,840,95,63,48,960,96,56,48,960,97,62,54,1440,98,56,54,1080,99,48,42,1140,100,59,40,800
9,1540245,6089,1,51,50,1000,2,67,56,1120,3,56,46,920,4,71,58,1160,5,44,52,2120,6,63,48,960,7,69,60,1200,8,92,66,1320,9,39,42,2160,10,74,56,1120,11,81,58,1160,12,60,68,2680,13,54,46,920,14,70,52,1040,15,68,46,920,16,66,56,1120,17,77,56,1120,18,69,52,1040,19,43,48,2520,20,73,50,1000,21,47,60,3060,22,67,50,1000,23,83,56,1360,24,72,52,1040,25,53,60,3060,26,55,60,2700,27,62,62,2320,28,57,78,3480,29,57,50,1000,30,58,50,1000,31,77,60,1200,32,70,54,1260,33,93,68,1360,34,53,44,1000,35,77,64,1280,36,64,60,2700,37,46,54,2220,38,74,60,1200,39,78,64,1280,40,61,56,2200,41,87,64,1280,42,82,50,1000,43,70,62,1360,44,83,64,1280,45,70,78,4200,46,64,60,1440,47,57,40,800,48,90,68,1360,49,87,62,1900,50,71,54,1860,51,54,48,1560,52,59,48,960,53,65,62,1240,54,44,48,2040,55,66,46,920,56,76,58,1160,57,62,56,1900,58,50,48,960,59,72,56,1120,60,71,54,1080,61,73,56,1360,62,80,60,1200,63,59,54,1080,64,53,46,1280,65,54,44,880,66,51,60,3120,67,55,54,1080,68,90,64,1520,69,77,62,1240,70,52,52,1640,71,66,52,1040,72,66,50,1060,73,88,68,1360,74,40,44,880,75,80,56,1120,76,81,62,1240,77,80,54,1080,78,65,48,960,79,98,66,1320,80,46,44,1060,81,67,48,960,82,92,74,1480,83,80,60,1200,84,56,48,960,85,77,60,1200,86,69,56,1120,87,92,64,1280,88,55,52,1040,89,54,44,880,90,62,56,1120,91,49,50,1000,92,62,44,880,93,65,50,1600,94,52,48,960,95,73,54,1080,96,61,52,1040,97,73,54,1980,98,69,58,1160,99,54,44,1480,100,58,56,1120
10,1006475,7105,1,61,52,1040,2,77,54,1080,3,69,56,1120,4,80,68,1360,5,52,60,2520,6,70,48,960,7,80,64,1280,8,102,66,1380,9,47,60,2940,10,84,66,1320,11,93,64,1280,12,69,74,3220,13,61,52,1040,14,78,56,1120,15,81,54,1080,16,78,56,1120,17,85,70,1400,18,76,60,1200,19,46,58,2960,20,81,58,1160,21,57,60,3300,22,83,56,1120,23,94,62,1480,24,82,62,1240,25,58,70,3500,26,60,72,3240,27,75,66,2640,28,62,84,3780,29,69,58,1160,30,68,54,1080,31,96,70,1400,32,76,56,1300,33,105,66,1320,34,58,50,1120,35,90,68,1360,36,71,72,3240,37,48,56,2680,38,82,60,1200,39,93,60,1200,40,66,60,2280,41,97,74,1480,42,90,70,1400,43,83,70,1520,44,93,70,1400,45,76,80,4240,46,75,54,1680,47,66,52,1040,48,99,70,1400,49,96,68,2620,50,78,64,2600,51,59,54,2040,52,68,56,1120,53,77,52,1040,54,48,54,2400,55,78,54,1080,56,89,60,1200,57,75,62,2560,58,59,52,1100,59,80,62,1240,60,87,62,1240,61,81,58,1760,62,96,68,1360,63,65,56,1120,64,63,58,2120,65,68,54,1080,66,59,68,3460,67,68,58,1160,68,99,70,1640,69,90,76,1520,70,61,56,2080,71,76,60,1200,72,72,56,1360,73,102,78,1560,74,47,52,1040,75,93,68,1360,76,92,66,1320,77,89,52,1040,78,76,54,1080,79,108,74,1480,80,52,50,1180,81,77,54,1080,82,106,78,1560,83,91,66,1320,84,64,50,1000,85,90,70,1400,86,78,62,1240,87,100,68,1360,88,66,58,1160,89,60,50,1000,90,75,64,1280,91,62,52,1040,92,71,54,1080,93,74,58,1940,94,62,52,1040,95,84,56,1120,96,74,68,1360,97,77,60,2460,98,84,62,1240,99,58,50,1780,100,67,52,1040
11,595425,8188,1,70,62,1240,2,91,64,1280,3,78,60,1200,4,91,64,1280,5,62,64,2720,6,77,56,1120,7,91,64,1280,8,108,72,1500,9,52,58,3200,10,95,62,1240,11,108,76,1520,12,80,90,3840,13,73,64,1280,14,88,60,1200,15,88,52,1040,16,89,66,1320,17,102,74,1480,18,86,64,1280,19,52,60,3180,20,91,64,1280,21,67,70,3740,22,95,58,1160,23,109,68,1660,24,95,68,1360,25,64,76,3860,26,79,80,3640,27,81,72,3060,28,69,72,3060,29,76,56,1120,30,76,56,1120,31,109,68,1360,32,87,60,1500,33,121,76,1520,34,69,62,1600,35,105,68,1360,36,76,72,3480,37,55,56,2740,38,94,72,1440,39,104,60,1200,40,74,64,2660,41,106,84,1680,42,103,66,1320,43,93,70,1760,44,105,80,1600,45,81,84,4560,46,89,66,1920,47,78,60,1200,48,109,72,1440,49,101,70,2960,50,79,62,2500,51,62,56,2200,52,77,58,1160,53,84,54,1080,54,63,66,2940,55,89,52,1040,56,97,70,1400,57,88,60,2460,58,65,58,1220,59,93,62,1240,60,100,62,1240,61,91,66,1920,62,110,68,1360,63,76,68,1360,64,72,62,2260,65,79,64,1280,66,70,58,2780,67,78,62,1240,68,109,66,1620,69,100,76,1520,70,66,58,2240,71,91,68,1360,72,84,50,1420,73,119,82,1640,74,58,50,1000,75,102,68,1360,76,105,76,1520,77,94,62,1240,78,88,66,1320,79,122,84,1680,80,59,58,1460,81,90,56,1120,82,119,74,1480,83,104,72,1440,84,72,56,1120,85,102,60,1200,86,95,62,1240,87,116,82,1640,88,75,62,1240,89,69,56,1120,90,83,60,1200,91,73,56,1120,92,79,60,1200,93,82,64,2060,94,71,58,1160,95,94,64,1280,96,91,70,1400,97,88,60,2700,98,94,72,1440,99,65,54,1860,100,75,54,1080
12,301330,9349,1,77,68,1360,2,108,68,1360,3,86,62,1240,4,105,64,1280,5,67,64,3140,6,85,62,1240,7,102,62,1240,8,123,68,1480,9,63,52,2720,10,105,76,1520,11,126,76,1520,12,86,92,3520,13,85,68,1360,14,96,66,1320,15,98,62,1240,16,103,68,1360,17,120,80,1600,18,96,66,1320,19,63,58,3140,20,109,70,1400,21,69,80,4480,22,103,76,1520,23,120,82,2060,24,106,64,1280,25,76,86,4600,26,90,88,3860,27,88,74,3220,28,88,68,3220,29,85,58,1160,30,85,60,1200,31,126,70,1400,32,92,62,1660,33,123,62,1240,34,83,70,1880,35,117,68,1360,36,85,74,3580,37,61,60,3360,38,108,64,1280,39,114,78,1560,40,81,66,2640,41,115,68,1360,42,116,68,1360,43,99,68,1840,44,111,70,1400,45,78,78,4260,46,103,80,2680,47,87,56,1120,48,121,78,1560,49,114,78,3660,50,90,72,3120,51,68,66,2520,52,88,66,1320,53,92,58,1160,54,74,74,3220,55,93,66,1320,56,115,82,1640,57,92,70,3080,58,77,72,1560,59,112,74,1480,60,109,68,1360,61,103,70,2480,62,118,74,1480,63,87,62,1240,64,79,72,2760,65,94,66,1320,66,69,62,3100,67,88,62,1240,68,114,76,1940,69,115,74,1480,70,73,60,2400,71,107,62,1240,72,90,64,1940,73,122,66,1320,74,65,58,1160,75,119,76,1520,76,120,80,1600,77,104,68,1360,78,100,58,1160,79,117,66,1320,80,70,68,1780,81,98,70,1400,82,118,66,1320,83,119,72,1440,84,79,58,1160,85,106,78,1560,86,107,72,1440,87,130,66,1320,88,86,66,1320,89,77,62,1240,90,94,72,1440,91,84,54,1080,92,92,68,1360,93,90,70,2480,94,76,60,1200,95,109,68,1360,96,101,76,1520,97,93,72,3660,98,107,68,1360,99,78,58,2240,100,87,60,1200
13,109835,10521,1,90,68,1360,2,116,78,1560,3,98,68,1420,4,118,70,1400,5,72,70,3380,6,95,74,1480,7,103,74,1480,8,118,84,1920,9,71,56,2860,10,118,76,1520,11,122,70,1400,12,85,76,3260,13,98,74,1480,14,107,70,1400,15,111,66,1320,16,115,72,1440,17,123,66,1320,18,114,78,1560,19,68,64,3500,20,120,74,1480,21,77,70,3740,22,120,84,1680,23,116,66,1800,24,115,84,1680,25,80,74,3820,26,93,76,3380,27,99,72,3180,28,91,78,3660,29,90,64,1280,30,96,68,1360,31,110,68,1360,32,106,70,1820,33,119,72,1440,34,96,80,2500,35,121,88,1760,36,92,74,3340,37,72,76,4160,38,119,70,1400,39,118,72,1440,40,88,66,2820,41,133,86,1720,42,121,82,1640,43,111,76,2420,44,132,82,1640,45,87,88,4880,46,111,72,2580,47,98,64,1280,48,116,72,1440,49,113,78,3960,50,97,78,3600,51,77,60,2880,52,100,66,1320,53,100,68,1420,54,85,78,3300,55,103,68,1360,56,123,68,1420,57,97,78,3600,58,90,66,1560,59,127,80,1600,60,119,70,1460,61,116,70,2540,62,125,66,1320,63,103,74,1480,64,91,80,2980,65,105,62,1240,66,76,66,3420,67,99,62,1240,68,126,66,1800,69,123,66,1320,70,78,64,2960,71,109,74,1480,72,96,66,2220,73,119,82,1640,74,78,60,1200,75,120,68,1360,76,119,74,1480,77,118,76,1520,78,107,70,1400,79,126,82,1640,80,76,66,1740,81,116,68,1360,82,130,84,1680,83,130,78,1560,84,93,66,1320,85,123,66,1320,86,119,76,1520,87,120,78,1560,88,98,78,1560,89,94,70,1400,90,102,66,1320,91,92,64,1280,92,104,74,1480,93,101,70,2780,94,86,64,1280,95,123,72,1440,96,112,78,1560,97,96,76,3740,98,123,70,1400,99,84,66,2700,100,99,64,1280
14,2875,11774,1,104,68,1360,2,118,70,1400,3,107,80,1840,4,124,90,1860,5,83,74,3520,6,113,78,1560,7,118,74,1480,8,124,74,2020,9,76,64,3560,10,126,72,1440,11,117,86,1720,12,96,92,4120,13,109,72,1440,14,123,78,1560,15,119,82,1640,16,133,70,1400,17,121,90,1800,18,112,58,1160,19,79,72,3780,20,120,62,1240,21,88,82,4400,22,120,76,1520,23,123,84,2160,24,121,70,1400,25,84,88,4340,26,97,76,3260,27,97,80,3340,28,93,86,4060,29,101,72,1440,30,112,64,1280,31,121,66,1320,32,115,66,1800,33,127,74,1480,34,107,80,2500,35,121,72,1440,36,102,76,3260,37,77,82,4220,38,124,88,1760,39,127,74,1480,40,97,62,2800,41,126,78,1560,42,116,70,1400,43,120,68,2260,44,128,68,1360,45,89,86,4780,46,127,80,3040,47,115,66,1320,48,134,88,1760,49,109,70,3620,50,101,72,3120,51,80,68,3220,52,110,70,1400,53,116,74,1720,54,104,78,3300,55,118,70,1400,56,118,88,2000,57,110,72,3120,58,101,72,1980,59,120,70,1400,60,134,82,1880,61,115,88,3200,62,123,86,1780,63,124,76,1520,64,103,78,2760,65,113,78,1560,66,89,76,3860,67,108,78,1560,68,125,88,2240,69,113,88,1760,70,89,72,3300,71,119,74,1480,72,103,60,2220,73,126,74,1480,74,96,72,1440,75,123,86,1720,76,124,70,1580,77,124,64,1280,78,126,74,1480,79,124,70,1400,80,85,62,1720,81,126,88,1760,82,120,72,1440,83,123,68,1360,84,103,66,1320,85,119,80,1600,86,119,58,1160,87,123,66,1320,88,114,88,1760,89,106,70,1400,90,113,68,1360,91,103,70,1400,92,117,82,1640,93,108,72,2940,94,101,62,1240,95,112,78,1560,96,112,70,1400,97,108,76,3620,98,118,76,1520,99,96,60,2700,100,116,74,1480
15,-62795,12963,1,117,72,1440,2,136,92,1840,3,113,62,1540,4,113,68,1360,5,95,72,3180,6,118,66,1320,7,126,70,1400,8,115,68,2200,9,84,66,3600,10,115,80,1600,11,123,82,1640,12,94,84,3960,13,124,80,1600,14,117,66,1320,15,124,66,1320,16,119,74,1480,17,118,74,1480,18,118,70,1400,19,86,62,3400,20,125,78,1560,21,92,78,4020,22,117,62,1240,23,122,72,1860,24,122,88,1760,25,94,82,3860,26,112,68,2920,27,108,76,3200,28,91,78,3600,29,114,78,1560,30,123,72,1440,31,118,82,1640,32,118,82,2360,33,117,74,1480,34,117,66,2280,35,120,74,1540,36,106,72,3000,37,85,78,3960,38,116,70,1400,39,118,78,1560,40,97,70,3380,41,118,72,1440,42,129,86,1720,43,116,76,2480,44,119,70,1400,45,99,90,4860,46,122,66,2400,47,131,82,1640,48,128,72,1440,49,114,82,4400,50,112,78,3420,51,85,78,3900,52,123,80,1600,53,129,66,1620,54,115,84,3360,55,122,88,1760,56,123,68,1540,57,118,78,3420,58,115,78,2400,59,126,98,1960,60,135,64,1460,61,121,72,2520,62,119,64,1280,63,118,66,1320,64,114,66,2520,65,114,70,1400,66,103,74,3520,67,118,64,1280,68,116,76,1940,69,120,70,1400,70,96,80,3940,71,126,60,1200,72,106,76,2660,73,116,76,1520,74,106,82,1640,75,117,66,1320,76,114,72,1680,77,118,74,1480,78,120,72,1440,79,110,76,1580,80,96,68,2080,81,125,74,1480,82,117,72,1440,83,114,84,1680,84,113,74,1480,85,120,74,1480,86,129,70,1400,87,116,86,1720,88,119,80,1600,89,118,76,1520,90,120,74,1480,91,122,66,1320,92,124,68,1360,93,116,82,3680,94,113,70,1400,95,116,64,1280,96,124,80,1600,97,117,76,3800,98,119,66,1320,99,103,72,3480,100,124,66,1320
16,-85875,14224,1,130,76,1520,2,126,72,1440,3,113,90,2040,4,126,70,1400,5,103,70,3260,6,123,80,1600,7,112,86,1720,8,120,84,2700,9,102,80,4120,10,124,64,1280,11,119,66,1320,12,95,88,4280,13,113,66,1320,14,125,74,1480,15,114,76,1520,16,121,66,1320,17,116,68,1360,18,131,82,1640,19,93,74,3940,20,117,64,1280,21,103,80,3940,22,121,78,1560,23,107,72,1920,24,116,76,1520,25,94,80,3640,26,122,86,3940,27,114,76,3080,28,110,82,3740,29,118,58,1160,30,110,76,1520,31,123,60,1200,32,128,70,2000,33,125,68,1360,34,126,84,2760,35,116,66,1380,36,120,80,3820,37,94,82,4040,38,128,76,1520,39,123,74,1480,40,105,66,2940,41,127,74,1480,42,128,70,1400,43,118,72,2520,44,121,92,1840,45,95,82,4400,46,123,98,3520,47,127,70,1400,48,115,72,1440,49,119,72,3780,50,115,66,2760,51,96,80,3700,52,115,66,1320,53,129,74,1720,54,115,70,2960,55,118,78,1560,56,113,80,2140,57,121,64,2720,58,119,64,2300,59,121,78,1560,60,124,70,1940,61,115,82,3200,62,127,78,1560,63,129,76,1520,64,120,84,2880,65,127,78,1560,66,102,76,3620,67,123,80,1600,68,129,70,1880,69,122,84,1680,70,100,78,3660,71,124,80,1600,72,116,74,2740,73,122,70,1400,74,110,58,1160,75,123,80,1600,76,125,80,1900,77,129,66,1320,78,119,74,1480,79,118,76,1580,80,108,70,2000,81,116,68,1360,82,138,80,1600,83,125,68,1360,84,127,74,1480,85,116,60,1200,86,116,70,1400,87,121,70,1400,88,127,78,1560,89,123,62,1240,90,117,64,1280,91,127,90,1800,92,117,78,1560,93,116,76,3320,94,126,82,1640,95,123,80,1600,96,120,66,1320,97,122,70,3500,98,122,78,1560,99,115,70,3200,100,114,80,1600
17,-101565,15468,1,123,78,1560,2,111,82,1640,3,112,80,1720,4,107,80,1600,5,112,76,3500,6,118,66,1320,7,121,80,1600,8,121,70,2300,9,106,74,3700,10,124,82,1640,11,128,88,1760,12,100,80,3820,13,122,80,1600,14,110,62,1240,15,120,68,1360,16,112,86,1720,17,131,98,1960,18,129,74,1480,19,101,78,3720,20,128,80,1600,21,107,80,4060,22,115,64,1280,23,122,80,2140,24,122,68,1360,25,107,80,3760,26,118,82,3980,27,121,74,3280,28,108,76,3620,29,123,78,1560,30,121,68,1360,31,129,92,1840,32,117,76,2060,33,128,92,1840,34,117,70,2360,35,119,80,1720,36,119,78,3900,37,105,78,3720,38,120,74,1480,39,116,72,1440,40,111,74,3160,41,113,76,1520,42,117,66,1320,43,129,76,2480,44,123,72,1440,45,98,80,4120,46,121,80,2920,47,116,68,1360,48,130,88,1760,49,124,84,4620,50,126,88,3380,51,112,76,3260,52,125,72,1440,53,117,80,1720,54,123,78,3360,55,120,68,1360,56,125,70,1820,57,112,74,3100,58,126,70,2300,59,122,74,1480,60,115,72,1860,61,121,74,2800,62,121,56,1120,63,119,66,1320,64,124,80,2920,65,125,58,1160,66,114,80,3700,67,122,64,1280,68,116,72,1980,69,119,76,1520,70,105,72,3180,71,118,64,1280,72,116,66,2580,73,113,88,1760,74,118,68,1360,75,117,68,1360,76,119,74,1840,77,121,82,1640,78,124,68,1360,79,127,70,1520,80,121,76,2060,81,121,86,1720,82,120,78,1560,83,123,90,1800,84,107,82,1640,85,117,74,1480,86,124,74,1480,87,116,88,1760,88,116,70,1400,89,118,76,1520,90,125,84,1680,91,125,72,1440,92,123,64,1280,93,116,72,3300,94,116,68,1360,95,111,66,1320,96,117,88,1760,97,119,86,4420,98,118,74,1480,99,125,74,3340,100,119,70,1460
18,-119105,16633,1,120,72,1440,2,113,70,1400,3,118,74,1600,4,112,76,1520,5,115,76,3860,6,122,84,1680,7,116,68,1360,8,120,84,3060,9,108,68,3340,10,119,68,1360,11,121,68,1360,12,111,82,3620,13,115,66,1320,14,113,82,1640,15,119,88,1760,16,120,74,1480,17,120,80,1600,18,122,76,1520,19,111,86,3820,20,124,72,1440,21,116,70,3980,22,121,88,1760,23,119,72,2040,24,113,74,1480,25,117,86,4000,26,124,80,3880,27,119,66,2880,28,118,82,3500,29,116,72,1440,30,124,92,1840,31,126,82,1640,32,123,68,1960,33,121,76,1520,34,129,76,2420,35,120,68,1480,36,120,78,3840,37,114,76,3800,38,115,66,1320,39,125,72,1440,40,116,74,3100,41,123,66,1320,42,121,74,1480,43,118,74,2380,44,115,66,1320,45,105,84,4200,46,118,68,2560,47,125,86,1720,48,125,70,1400,49,119,68,3460,50,116,78,2880,51,114,74,3220,52,110,64,1280,53,122,66,1440,54,115,66,2880,55,121,86,1720,56,112,82,2120,57,125,76,2840,58,113,82,3020,59,114,66,1320,60,128,72,1920,61,115,70,2600,62,116,66,1320,63,117,76,1520,64,121,66,2280,65,129,78,1560,66,114,70,3260,67,113,76,1520,68,131,70,2000,69,123,58,1160,70,113,74,3220,71,124,82,1640,72,121,78,3060,73,120,72,1440,74,125,82,1640,75,123,82,1640,76,124,68,1780,77,116,70,1400,78,122,86,1720,79,112,76,1640,80,120,70,2000,81,121,72,1440,82,124,66,1320,83,115,70,1400,84,111,66,1320,85,125,64,1280,86,116,66,1320,87,123,76,1520,88,128,80,1600,89,120,64,1280,90,118,70,1400,91,110,64,1280,92,121,80,1600,93,130,86,3700,94,122,86,1720,95,121,82,1640,96,125,78,1560,97,126,74,3700,98,130,64,1280,99,117,74,3460,100,125,84,1800
19,-114185,17864,1,116,74,1480,2,123,74,1480,3,124,68,1660,4,118,72,1440,5,120,70,3440,6,117,70,1400,7,121,94,1880,8,119,66,2460,9,124,74,3460,10,124,90,1800,11,113,82,1640,12,111,78,3540,13,124,80,1600,14,122,72,1440,15,122,72,1440,16,121,68,1360,17,117,68,1360,18,113,64,1280,19,116,72,3540,20,107,76,1520,21,123,78,4440,22,115,68,1360,23,132,76,2120,24,127,72,1440,25,115,82,3920,26,118,74,3640,27,123,86,3820,28,118,72,3180,29,130,76,1520,30,121,74,1480,31,119,74,1480,32,123,88,2540,33,118,70,1400,34,124,76,2480,35,122,86,1840,36,123,78,3720,37,120,64,3260,38,115,86,1720,39,114,80,1600,40,123,72,3000,41,120,90,1800,42,120,68,1360,43,131,76,2480,44,123,92,1840,45,112,82,4220,46,120,80,3040,47,116,74,1480,48,118,76,1520,49,130,86,4300,50,119,72,2580,51,117,76,3380,52,119,78,1560,53,118,80,1900,54,127,86,3820,55,118,72,1440,56,117,74,1780,57,119,70,2540,58,118,70,2540,59,119,76,1520,60,112,68,1660,61,126,88,3200,62,126,82,1640,63,126,66,1320,64,119,80,2800,65,122,66,1320,66,125,72,3180,67,122,72,1440,68,121,72,2040,69,117,72,1440,70,121,76,3380,71,120,74,1480,72,112,64,2660,73,117,78,1560,74,116,68,1360,75,116,68,1360,76,121,80,2320,77,130,86,1720,78,115,70,1400,79,122,66,1440,80,124,86,2500,81,116,74,1480,82,123,84,1680,83,128,74,1480,84,114,80,1600,85,123,90,1800,86,128,90,1800,87,121,66,1320,88,122,68,1360,89,120,88,1760,90,130,96,1920,91,118,86,1720,92,116,72,1440,93,125,76,3320,94,112,72,1440,95,116,74,1480,96,118,64,1280,97,116,84,4380,98,128,78,1560,99,124,72,3240,100,123,72,1560
20,-102715,19141,1,123,66,1320,2,118,72,1440,3,112,82,1940,4,127,76,1520,5,116,94,4760,6,126,84,1680,7,116,76,1520,8,133,80,2980,9,112,74,3760,10,112,66,1320,11,125,68,1360,12,119,86,4000,13,122,70,1520,14,113,78,1560,15,114,78,1560,16,123,96,1920,17,126,90,1800,18,122,74,1480,19,129,84,4020,20,121,78,1560,21,121,74,4180,22,128,84,1680,23,119,80,2140,24,114,70,1400,25,122,80,3820,26,127,68,3340,27,120,72,3060,28,136,86,3700,29,120,80,1600,30,119,68,1360,31,118,62,1240,32,126,78,2340,33,128,92,1840,34,120,74,2440,35,119,74,1600,36,116,72,3540,37,116,86,4540,38,122,76,1520,39,124,68,1360,40,113,68,2980,41,119,78,1560,42,125,80,1600,43,122,74,2440,44,111,74,1480,45,116,78,3960,46,122,68,2500,47,127,70,1400,48,123,62,1240,49,127,78,3720,50,125,82,3200,51,122,68,2860,52,123,74,1480,53,123,66,1620,54,121,72,3060,55,132,74,1480,56,130,66,1740,57,121,90,3360,58,121,80,2980,59,125,70,1400,60,121,74,1900,61,120,68,2500,62,122,68,1360,63,124,92,1840,64,126,74,2620,65,121,94,1880,66,109,72,3420,67,110,72,1440,68,112,74,2020,69,134,82,1640,70,111,62,2740,71,124,68,1360,72,117,82,3140,73,118,60,1200,74,123,86,1720,75,130,90,1800,76,115,66,1860,77,125,72,1440,78,121,78,1560,79,119,94,2000,80,115,78,2340,81,127,68,1360,82,116,66,1320,83,111,74,1480,84,119,70,1400,85,127,70,1400,86,123,64,1280,87,121,92,1840,88,118,90,1800,89,119,80,1600,90,128,78,1560,91,124,80,1600,92,128,80,1600,93,122,72,3240,94,126,70,1400,95,122,72,1440,96,126,90,1800,97,115,72,3780,98,127,66,1320,99,116,80,3400,100,107,72,1500
21,-114100,20402,1,123,82,1640,2,132,86,1720,3,119,72,1800,4,118,62,1300,5,123,78,3840,6,115,64,1280,7,124,66,1320,8,130,76,2720,9,123,76,3500,10,125,88,1760,11,121,78,1560,12,117,84,3660,13,111,84,1860,14,125,64,1280,15,123,66,1320,16,124,80,1600,17,125,80,1600,18,117,70,1400,19,116,78,3780,20,114,68,1360,21,123,70,3860,22,122,76,1520,23,117,74,2080,24,128,74,1480,25,115,76,3680,26,114,76,3740,27,121,88,4160,28,122,88,4220,29,115,72,1440,30,129,88,1760,31,126,76,1520,32,119,64,2060,33,118,74,1480,34,119,70,2300,35,123,70,1580,36,128,84,4080,37,116,68,3580,38,114,72,1440,39,116,80,1600,40,127,82,3500,41,123,70,1400,42,118,72,1440,43,117,70,2300,44,125,84,1680,45,116,76,4040,46,114,80,2800,47,115,76,1520,48,120,76,1520,49,116,80,3940,50,118,72,2880,51,121,78,3240,52,119,68,1360,53,128,90,2160,54,118,86,4120,55,122,72,1440,56,126,82,2120,57,118,80,3040,58,119,68,2560,59,114,78,1560,60,123,68,1840,61,125,90,3000,62,115,92,1900,63,118,68,1360,64,122,72,2580,65,125,84,1680,66,123,82,4100,67,130,80,1600,68,129,80,2200,69,122,76,1520,70,116,86,3400,71,118,80,1600,72,120,68,2620,73,124,82,1640,74,113,64,1280,75,121,70,1400,76,121,82,2180,77,116,74,1480,78,110,66,1320,79,128,80,1780,80,122,72,2220,81,121,80,1600,82,129,92,1840,83,125,78,1560,84,123,98,1960,85,115,78,1560,86,120,82,1640,87,115,78,1560,88,127,72,1440,89,120,66,1320,90,122,68,1360,91,119,66,1320,92,119,66,1320,93,116,66,2820,94,119,70,1400,95,112,76,1520,96,123,80,1600,97,130,82,4280,98,121,78,1560,99,120,70,2900,100,123,84,1920
22,-116280,21624,1,116,70,1400,2,121,66,1320,3,124,70,1760,4,125,72,1440,5,118,78,4080,6,127,82,1640,7,118,84,1680,8,118,84,3060,9,123,64,3140,10,115,72,1440,11,115,66,1320,12,121,80,3460,13,110,68,1540,14,116,84,1680,15,123,84,1680,16,118,66,1320,17,120,64,1280,18,126,86,1720,19,118,68,3520,20,132,74,1480,21,120,80,4420,22,119,68,1360,23,123,72,2040,24,121,72,1440,25,121,76,3680,26,118,70,3440,27,117,74,3280,28,125,88,4100,29,129,78,1560,30,121,76,1520,31,124,62,1240,32,123,80,2680,33,123,66,1320,34,122,84,2940,35,112,74,1660,36,120,78,3780,37,123,88,4400,38,123,76,1520,39,119,66,1320,40,117,76,3320,41,113,88,1760,42,129,78,1560,43,124,86,2980,44,124,72,1440,45,122,74,4000,46,114,64,2420,47,124,66,1320,48,121,70,1400,49,120,70,3440,50,120,80,3280,51,116,66,2880,52,130,94,1880,53,121,66,1680,54,125,76,3320,55,113,72,1440,56,117,72,1740,57,123,70,3080,58,124,82,3020,59,117,68,1360,60,121,86,2020,61,120,70,2540,62,117,78,1560,63,125,90,1800,64,121,76,2840,65,125,70,1400,66,110,78,3900,67,126,66,1320,68,127,70,2000,69,112,62,1240,70,121,68,2920,71,120,72,1440,72,125,80,3280,73,118,64,1280,74,123,86,1720,75,125,92,1840,76,119,68,2140,77,125,72,1440,78,116,82,1640,79,122,70,1580,80,117,88,2840,81,119,74,1480,82,124,72,1440,83,116,68,1360,84,116,84,1680,85,118,70,1400,86,119,62,1240,87,119,72,1440,88,113,82,1640,89,119,80,1600,90,124,84,1680,91,128,82,1640,92,128,90,1800,93,125,88,3800,94,123,86,1720,95,122,62,1240,96,116,70,1400,97,124,74,3880,98,120,66,1320,99,119,88,3800,100,114,70,1520
23,-115440,22892,1,132,74,1480,2,118,86,1720,3,119,78,2160,4,115,76,1520,5,129,74,3700,6,123,72,1440,7,124,74,1480,8,124,78,2820,9,122,78,3660,10,128,76,1520,11,119,82,1640,12,115,82,3740,13,118,76,1700,14,121,70,1400,15,116,66,1320,16,125,84,1680,17,120,86,1720,18,120,66,1320,19,126,88,4700,20,117,78,1560,21,124,70,3800,22,126,86,1720,23,116,76,2120,24,115,76,1520,25,114,68,3220,26,123,82,3740,27,122,72,3120,28,117,80,3580,29,123,76,1520,30,118,68,1360,31,121,80,1600,32,121,58,1820,33,116,88,1760,34,122,76,2540,35,128,80,1780,36,117,76,3800,37,114,80,3820,38,121,68,1360,39,133,80,1600,40,125,76,3440,41,116,68,1360,42,118,72,1440,43,116,70,2420,44,113,76,1520,45,109,82,4700,46,127,74,2680,47,119,96,1920,48,116,82,1640,49,121,80,3700,50,126,70,2900,51,135,78,3120,52,127,80,1600,53,120,78,2160,54,119,72,3120,55,138,86,1720,56,133,82,2120,57,111,72,2940,58,119,74,2740,59,132,80,1600,60,119,74,1960,61,111,86,2920,62,121,62,1240,63,118,70,1400,64,116,58,2180,65,113,78,1560,66,118,76,3500,67,122,80,1600,68,117,72,2040,69,122,82,1640,70,113,78,3120,71,120,72,1440,72,111,72,2880,73,121,86,1720,74,117,76,1520,75,127,74,1480,76,126,78,2280,77,109,78,1560,78,114,76,1520,79,110,78,1740,80,124,70,2060,81,122,72,1440,82,113,74,1480,83,125,90,1800,84,125,70,1400,85,127,86,1720,86,125,76,1520,87,118,74,1480,88,120,74,1480,89,127,66,1320,90,117,66,1320,91,119,70,1400,92,123,72,1440,93,119,72,3000,94,118,76,1520,95,123,74,1480,96,131,86,1720,97,115,72,3720,98,125,82,1640,99,127,70,2960,100,124,80,1780
24,-124785,24045,1,115,82,1640,2,128,72,1440,3,119,62,1840,4,126,68,1360,5,118,80,4060,6,110,76,1520,7,116,66,1320,8,117,72,2700,9,119,70,3440,10,117,70,1400,11,122,78,1560,12,122,78,3600,13,123,62,1420,14,124,80,1600,15,122,84,1680,16,112,74,1480,17,128,72,1440,18,123,84,1680,19,121,80,4120,20,121,70,1400,21,114,68,3880,22,122,76,1520,23,121,62,1840,24,123,62,1240,25,123,76,3320,26,117,66,2940,27,120,86,4240,28,121,74,3280,29,116,68,1360,30,124,78,1560,31,116,66,1320,32,118,78,2520,33,120,70,1400,34,119,72,2940,35,125,68,1540,36,118,64,3080,37,124,76,4040,38,125,82,1640,39,123,68,1360,40,114,70,3020,41,129,94,1880,42,128,78,1560,43,131,86,3220,44,118,68,1360,45,115,78,4500,46,117,72,2640,47,123,80,1600,48,123,70,1400,49,116,72,3360,50,111,76,3020,51,125,74,3100,52,122,68,1360,53,121,72,2040,54,119,82,4160,55,132,70,1400,56,123,70,1880,57,129,76,3020,58,123,66,2580,59,124,70,1400,60,119,60,1680,61,114,78,2760,62,120,80,1600,63,130,94,1880,64,125,76,2780,65,117,64,1280,66,119,70,3200,67,119,78,1560,68,123,76,2120,69,118,66,1320,70,120,74,3100,71,127,72,1440,72,125,84,3180,73,120,78,1560,74,120,60,1200,75,115,72,1440,76,123,66,2100,77,115,68,1360,78,121,68,1360,79,116,72,1620,80,114,78,2520,81,113,74,1480,82,124,78,1560,83,118,74,1480,84,113,74,1480,85,119,80,1600,86,120,64,1280,87,120,66,1320,88,123,66,1320,89,121,92,1840,90,126,84,1680,91,125,86,1720,92,109,74,1480,93,123,80,3580,94,123,68,1360,95,116,66,1320,96,125,70,1400,97,128,82,3980,98,120,60,1200,99,121,74,3460,100,117,66,1380
25,-111465,25360,1,121,68,1360,2,118,76,1520,3,120,76,2240,4,120,90,1800,5,122,72,3600,6,125,76,1520,7,125,80,1600,8,126,80,3160,9,130,82,3680,10,125,80,1600,11,114,70,1400,12,112,76,3560,13,120,82,1940,14,112,62,1240,15,117,74,1480,16,122,80,1600,17,113,72,1440,18,111,68,1360,19,116,70,3620,20,116,90,1800,21,123,80,4180,22,116,70,1400,23,122,74,2260,24,118,82,1640,25,115,72,3360,26,126,78,3540,27,115,80,4000,28,107,84,4080,29,124,90,1800,30,119,64,1280,31,122,82,1640,32,123,66,2160,33,125,78,1560,34,121,62,2260,35,117,88,1880,36,125,76,3800,37,116,74,3820,38,115,66,1320,39,125,90,1800,40,126,72,2880,41,118,74,1480,42,122,68,1360,43,126,70,2420,44,124,84,1680,45,115,74,4180,46,125,72,2820,47,118,72,1440,48,112,80,1600,49,135,70,3020,50,128,80,3400,51,109,66,2880,52,109,86,1720,53,120,74,2200,54,126,80,4000,55,122,76,1520,56,117,80,2320,57,113,78,3360,58,120,86,3280,59,112,78,1560,60,124,82,2360,61,117,70,2780,62,118,78,1560,63,125,76,1520,64,120,66,2520,65,124,76,1520,66,129,92,4240,67,122,64,1280,68,121,70,2180,69,128,70,1400,70,128,66,2880,71,110,72,1440,72,113,66,2580,73,115,62,1240,74,127,80,1600,75,130,76,1520,76,118,78,2400,77,123,90,1800,78,114,78,1560,79,134,86,1840,80,118,72,2280,81,124,78,1560,82,124,64,1280,83,124,72,1440,84,128,72,1440,85,124,70,1400,86,118,72,1440,87,121,90,1800,88,118,82,1640,89,110,70,1400,90,120,70,1400,91,122,76,1520,92,130,90,1800,93,117,70,2900,94,116,92,1840,95,125,82,1640,96,112,78,1560,97,118,70,3380,98,126,84,1680,99,119,70,2900,100,125,80,1780
26,-123255,26557,1,119,86,1720,2,121,66,1320,3,120,66,2100,4,121,78,1560,5,109,84,4200,6,118,76,1520,7,115,66,1320,8,121,66,2340,9,126,72,3360,10,117,66,1320,11,127,80,1600,12,118,76,3440,13,117,68,1660,14,118,78,1560,15,122,70,1400,16,117,70,1400,17,128,80,1600,18,126,74,1480,19,125,82,4220,20,123,74,1480,21,118,72,4020,22,127,78,1560,23,115,68,2140,24,124,68,1360,25,129,80,3640,26,122,66,2760,27,118,70,3260,28,116,76,3560,29,121,76,1520,30,117,78,1560,31,116,68,1360,32,121,84,2820,33,113,70,1400,34,127,78,2880,35,128,76,1700,36,116,64,3020,37,122,74,4000,38,125,92,1840,39,120,70,1400,40,115,74,3160,41,126,68,1360,42,124,82,1640,43,119,74,2800,44,117,76,1520,45,120,78,4500,46,114,76,3200,47,134,82,1640,48,115,60,1200,49,124,76,3440,50,123,74,3040,51,120,84,3540,52,111,74,1480,53,121,70,2180,54,119,72,3300,55,122,62,1240,56,122,74,2320,57,119,68,2920,58,120,68,2380,59,115,64,1280,60,120,72,2280,61,121,88,3440,62,127,64,1280,63,118,66,1320,64,122,86,3100,65,119,68,1360,66,120,80,3640,67,121,84,1680,68,120,86,2500,69,118,78,1560,70,127,82,3500,71,125,80,1600,72,125,84,3240,73,125,78,1560,74,120,68,1360,75,122,82,1640,76,116,70,2180,77,124,78,1560,78,120,68,1360,79,121,66,1500,80,127,78,2700,81,113,66,1320,82,119,86,1720,83,114,76,1520,84,115,70,1400,85,116,82,1640,86,130,74,1480,87,123,70,1400,88,123,74,1480,89,126,76,1520,90,125,92,1840,91,120,74,1480,92,128,78,1560,93,128,92,4060,94,120,76,1520,95,120,66,1320,96,117,68,1360,97,132,84,3900,98,124,64,1280,99,125,88,3980,100,120,74,1720
27,-121920,27773,1,127,78,1560,2,113,88,1760,3,116,78,2520,4,117,68,1360,5,118,74,3580,6,119,68,1360,7,122,80,1600,8,123,84,3000,9,111,74,3760,10,123,90,1800,11,119,70,1400,12,128,80,3880,13,115,78,1860,14,127,68,1360,15,122,80,1600,16,128,84,1680,17,118,70,1400,18,118,72,1440,19,111,70,3620,20,112,68,1360,21,124,78,4500,22,118,70,1400,23,123,82,2360,24,120,80,1600,25,123,76,3560,26,121,80,3520,27,120,82,3500,28,124,74,3340,29,120,66,1320,30,122,72,1440,31,120,86,1720,32,115,66,2340,33,128,74,1480,34,122,68,2620,35,117,66,1440,36,119,84,3900,37,114,68,3640,38,123,72,1440,39,120,82,1640,40,129,66,2820,41,114,84,1680,42,118,74,1480,43,126,68,2620,44,118,68,1360,45,119,74,4120,46,123,64,2720,47,129,66,1320,48,123,78,1560,49,118,62,2500,50,118,74,3040,51,128,70,2720,52,121,78,1560,53,120,80,2560,54,120,72,3300,55,116,82,1640,56,114,74,2440,57,120,78,3120,58,124,90,3120,59,119,86,1720,60,124,82,2600,61,117,76,2960,62,119,72,1440,63,128,88,1760,64,121,78,2580,65,132,84,1680,66,120,78,3420,67,114,70,1400,68,117,64,2000,69,122,72,1440,70,117,68,2680,71,117,64,1280,72,118,72,2700,73,122,64,1280,74,119,84,1680,75,120,64,1280,76,126,78,2700,77,118,68,1360,78,119,90,1800,79,119,82,1760,80,120,74,2500,81,122,94,1880,82,123,76,1520,83,119,68,1360,84,127,78,1560,85,115,68,1360,86,117,78,1560,87,115,78,1560,88,111,66,1320,89,116,74,1480,90,116,70,1400,91,118,66,1320,92,117,66,1320,93,125,78,3360,94,122,72,1440,95,118,88,1760,96,123,84,1680,97,123,62,2800,98,123,84,1680,99,121,74,3280,100,121,68,1600
28,-113165,29002,1,119,66,1320,2,115,74,1480,3,115,70,2240,4,124,86,1720,5,120,84,4440,6,126,84,1680,7,117,72,1440,8,123,62,2200,9,123,74,3640,10,120,70,1400,11,129,82,1640,12,113,78,3720,13,116,66,1680,14,115,76,1520,15,117,66,1320,16,119,66,1320,17,135,82,1640,18,132,82,1640,19,123,82,4280,20,126,80,1600,21,120,64,3740,22,126,96,1920,23,116,68,2080,24,122,66,1320,25,122,74,3520,26,113,70,3020,27,118,66,2580,28,121,74,3400,29,121,80,1600,30,117,72,1440,31,125,74,1480,32,120,78,2820,33,114,64,1280,34,118,92,3460,35,128,76,1640,36,122,74,3460,37,120,96,5340,38,108,72,1440,39,119,78,1560,40,124,86,3640,41,117,70,1400,42,124,72,1440,43,123,88,3380,44,121,80,1600,45,116,82,4760,46,127,92,3940,47,123,74,1480,48,118,64,1280,49,129,78,3240,50,121,70,2840,51,117,70,2840,52,119,72,1440,53,119,74,2320,54,122,64,2540,55,117,68,1360,56,125,74,2440,57,122,72,2880,58,119,74,2440,59,118,70,1400,60,117,82,2600,61,119,84,3780,62,126,72,1440,63,122,70,1400,64,114,78,3000,65,125,72,1440,66,121,76,3440,67,123,74,1480,68,122,84,2400,69,116,74,1480,70,124,78,3000,71,123,84,1680,72,131,88,3380,73,120,80,1600,74,127,74,1480,75,121,90,1800,76,122,62,2140,77,123,90,1800,78,124,74,1480,79,123,72,1560,80,117,76,2780,81,119,84,1680,82,116,60,1200,83,124,98,1960,84,121,64,1280,85,126,86,1720,86,120,72,1440,87,123,66,1320,88,123,82,1640,89,123,70,1400,90,132,80,1600,91,125,78,1560,92,127,80,1600,93,117,68,3040,94,117,80,1600,95,122,74,1480,96,117,76,1520,97,123,84,3960,98,118,72,1440,99,122,68,3040,100,120,86,2200
29,-109210,30214,1,130,76,1520,2,122,76,1520,3,122,84,2880,4,122,64,1280,5,117,76,3920,6,122,76,1520,7,135,84,1680,8,117,84,2760,9,112,66,3420,10,130,104,2080,11,121,72,1440,12,123,78,3660,13,125,82,2060,14,119,72,1440,15,129,88,1760,16,125,84,1680,17,129,72,1440,18,130,68,1360,19,114,70,3620,20,120,70,1400,21,130,84,4740,22,121,80,1600,23,129,94,2600,24,123,82,1640,25,116,76,3680,26,125,74,3160,27,126,88,3380,28,118,74,3400,29,121,72,1440,30,131,80,1600,31,114,68,1360,32,115,68,2080,33,121,88,1760,34,123,82,3080,35,117,70,1460,36,111,70,3500,37,118,82,4460,38,118,80,1600,39,126,68,1360,40,118,62,2740,41,127,84,1680,42,114,74,1480,43,123,74,2920,44,124,68,1360,45,124,76,4160,46,117,76,3380,47,116,66,1320,48,122,82,1640,49,120,68,2860,50,120,94,3920,51,130,84,3180,52,123,72,1440,53,121,70,2600,54,112,76,3140,55,127,90,1800,56,117,60,1920,57,115,82,3680,58,126,68,2440,59,127,80,1600,60,120,74,2200,61,130,82,3500,62,110,66,1320,63,122,94,1880,64,114,68,2680,65,108,70,1400,66,118,72,3360,67,119,70,1400,68,118,72,2160,69,123,72,1440,70,114,72,2940,71,114,66,1320,72,130,76,2660,73,118,72,1440,74,115,80,1600,75,115,78,1560,76,117,76,2720,77,109,78,1560,78,115,70,1400,79,107,74,1540,80,123,66,2040,81,126,72,1440,82,126,78,1560,83,121,78,1560,84,118,74,1480,85,123,70,1400,86,124,72,1440,87,116,80,1600,88,114,70,1400,89,112,80,1600,90,126,70,1400,91,116,68,1360,92,118,74,1480,93,127,88,3980,94,121,66,1320,95,117,64,1280,96,124,64,1280,97,117,72,3420,98,127,76,1520,99,116,92,4060,100,114,74,1780
30,-117385,31418,1,119,72,1440,2,118,72,1440,3,119,72,2400,4,120,78,1560,5,121,74,4000,6,113,68,1360,7,131,78,1560,8,125,70,2420,9,128,80,4060,10,124,82,1640,11,111,76,1520,12,111,84,4140,13,114,66,1740,14,128,72,1440,15,126,74,1480,16,115,70,1400,17,112,72,1440,18,115,74,1480,19,128,82,4100,20,120,88,1760,21,127,70,3800,22,116,70,1400,23,124,70,2060,24,119,72,1440,25,119,72,3240,26,116,80,3640,27,123,70,2900,28,124,80,3760,29,120,72,1440,30,130,66,1320,31,120,88,1760,32,122,94,2840,33,114,78,1560,34,119,74,2800,35,126,86,1780,36,125,86,4180,37,121,82,4460,38,126,74,1480,39,124,88,1760,40,117,82,3620,41,126,68,1360,42,125,80,1600,43,117,68,2680,44,120,78,1560,45,119,86,5080,46,117,64,2660,47,121,82,1640,48,120,76,1520,49,121,84,3480,50,121,84,3360,51,126,74,2860,52,110,78,1560,53,118,72,2400,54,123,68,2860,55,124,74,1480,56,120,80,2560,57,118,70,3080,58,123,78,2580,59,119,66,1320,60,121,76,2480,61,126,72,2820,62,124,86,1720,63,112,76,1520,64,128,84,3480,65,128,82,1640,66,121,78,3720,67,120,94,1880,68,131,80,2260,69,112,76,1520,70,127,72,2820,71,121,78,1560,72,124,76,2540,73,132,84,1680,74,114,70,1400,75,123,70,1400,76,123,68,2320,77,121,72,1440,78,128,84,1680,79,117,78,1620,80,117,84,2640,81,110,82,1640,82,121,66,1320,83,116,68,1360,84,122,62,1240,85,112,82,1640,86,113,74,1480,87,119,72,1440,88,128,82,1640,89,119,70,1400,90,118,68,1360,91,125,74,1480,92,129,70,1400,93,125,82,3740,94,124,88,1760,95,130,82,1640,96,120,80,1600,97,128,88,4520,98,121,68,1360,99,121,82,3740,100,122,78,1920
31,-120760,32598,1,129,68,1360,2,127,80,1600,3,124,80,2560,4,123,68,1360,5,121,70,3680,6,129,84,1680,7,123,70,1400,8,116,84,2880,9,116,64,3140,10,120,72,1440,11,121,80,1600,12,120,76,3380,13,125,80,1900,14,116,76,1520,15,113,76,1520,16,122,74,1480,17,128,76,1520,18,123,70,1400,19,125,70,3620,20,124,74,1480,21,122,76,4340,22,128,80,1600,23,117,76,2240,24,127,76,1520,25,124,80,3700,26,119,64,2960,27,117,86,4000,28,120,76,3560,29,122,80,1600,30,123,86,1720,31,121,68,1360,32,121,74,2200,33,116,66,1320,34,117,70,2960,35,121,70,1400,36,117,74,3460,37,120,76,4100,38,112,68,1360,39,119,78,1560,40,124,66,2820,41,123,80,1600,42,118,66,1320,43,127,84,3240,44,126,74,1480,45,122,76,4160,46,128,90,3780,47,110,66,1320,48,125,66,1320,49,120,76,3320,50,112,80,3160,51,116,74,2920,52,118,70,1400,53,126,78,2520,54,122,100,4280,55,117,68,1360,56,122,68,2260,57,129,74,3040,58,120,68,2560,59,124,86,1720,60,117,70,2300,61,111,80,3580,62,117,68,1360,63,122,72,1440,64,128,78,3240,65,118,76,1520,66,122,72,3480,67,117,76,1520,68,125,72,2160,69,122,76,1520,70,118,74,2920,71,115,68,1360,72,122,66,2340,73,125,74,1480,74,135,80,1600,75,114,88,1760,76,124,88,3020,77,117,74,1480,78,126,68,1360,79,120,66,1320,80,124,64,2000,81,121,64,1280,82,122,94,1880,83,119,82,1640,84,125,80,1600,85,116,70,1400,86,129,70,1400,87,120,78,1560,88,118,74,1480,89,125,100,2000,90,128,90,1800,91,117,70,1400,92,118,76,1520,93,116,76,3200,94,120,72,1440,95,124,66,1320,96,117,72,1440,97,120,82,4280,98,120,82,1640,99,121,72,3120,100,124,68,1900
32,-114185,33825,1,118,72,1440,2,121,68,1360,3,122,58,1940,4,121,88,1760,5,119,88,4400,6,124,76,1520,7,118,86,1720,8,121,72,2520,9,129,82,4040,10,121,80,1600,11,117,74,1480,12,116,84,4080,13,120,68,1720,14,118,70,1400,15,121,72,1440,16,117,70,1400,17,119,66,1320,18,119,80,1600,19,109,74,3820,20,113,72,1440,21,119,68,3820,22,123,70,1400,23,125,70,2300,24,124,68,1360,25,114,72,3240,26,115,92,4240,27,123,80,3580,28,126,72,3360,29,117,64,1280,30,116,76,1520,31,119,84,1680,32,116,64,2300,33,124,76,1520,34,133,84,3000,35,116,92,1840,36,128,90,4560,37,124,76,4160,38,121,78,1560,39,123,76,1520,40,123,80,3460,41,111,64,1280,42,121,86,1720,43,119,74,2800,44,113,78,1560,45,123,82,4760,46,117,76,3080,47,120,86,1720,48,116,82,1640,49,122,64,2840,50,120,76,3020,51,126,74,3100,52,123,84,1680,53,121,72,2220,54,115,84,3660,55,123,82,1640,56,116,86,2860,57,114,76,3020,58,120,78,2640,59,118,68,1360,60,128,82,2780,61,121,70,2960,62,133,84,1680,63,109,76,1520,64,126,72,3000,65,120,70,1400,66,114,74,3400,67,122,62,1240,68,110,80,2500,69,120,68,1360,70,117,66,2940,71,129,82,1640,72,127,92,3160,73,112,64,1280,74,130,68,1360,75,117,74,1480,76,125,74,2680,77,127,74,1480,78,119,78,1560,79,120,90,1800,80,125,92,2860,81,111,80,1600,82,115,82,1640,83,122,68,1360,84,118,66,1320,85,128,82,1640,86,115,70,1400,87,117,70,1400,88,124,70,1400,89,124,76,1520,90,124,78,1560,91,122,80,1600,92,127,66,1320,93,121,76,3320,94,119,76,1520,95,117,90,1800,96,133,74,1480,97,117,76,3800,98,118,76,1520,99,116,76,3320,100,118,86,2260
33,-118110,35095,1,127,80,1600,2,121,86,1720,3,116,76,2420,4,117,70,1400,5,129,80,4060,6,118,66,1320,7,125,64,1280,8,113,70,2420,9,126,74,3880,10,113,66,1320,11,125,72,1440,12,121,84,4080,13,125,78,1860,14,121,88,1760,15,111,74,1480,16,125,78,1560,17,124,76,1520,18,125,66,1320,19,121,74,3580,20,129,76,1520,21,119,82,4520,22,115,82,1640,23,113,80,2680,24,123,82,1640,25,125,86,3760,26,122,80,3700,27,120,74,3220,28,108,78,3600,29,119,86,1720,30,117,68,1360,31,117,70,1400,32,126,80,2500,33,117,66,1320,34,131,70,2600,35,116,76,1580,36,122,80,4000,37,115,74,4000,38,111,74,1480,39,114,68,1360,40,116,64,2780,41,120,82,1640,42,117,72,1440,43,126,66,2520,44,119,70,1400,45,115,70,3920,46,127,68,2920,47,120,70,1400,48,122,72,1440,49,123,88,3740,50,125,72,2940,51,111,72,2880,52,118,70,1400,53,119,78,2460,54,123,74,3220,55,115,72,1440,56,120,74,2500,57,116,68,2860,58,121,66,2340,59,131,78,1560,60,125,76,2540,61,119,88,3320,62,126,70,1400,63,125,88,1760,64,115,74,2920,65,127,82,1640,66,128,80,3640,67,123,86,1720,68,117,74,2560,69,128,94,1880,70,128,74,2920,71,119,76,1520,72,115,84,2940,73,123,78,1560,74,118,72,1440,75,123,66,1320,76,114,74,2740,77,113,84,1680,78,119,60,1200,79,119,76,1580,80,109,76,2420,81,116,76,1520,82,120,72,1440,83,112,86,1720,84,125,80,1600,85,120,66,1320,86,123,82,1640,87,135,84,1680,88,102,90,1800,89,116,64,1280,90,117,62,1240,91,119,72,1440,92,121,78,1560,93,113,70,3020,94,125,72,1440,95,127,78,1560,96,124,82,1640,97,120,80,4300,98,127,66,1320,99,126,72,3060,100,127,72,1860
34,-115870,36303,1,123,68,1360,2,115,72,1440,3,115,70,2240,4,127,82,1640,5,123,72,3780,6,129,80,1600,7,124,74,1480,8,126,88,3080,9,118,70,3440,10,124,90,1800,11,109,76,1520,12,122,78,3600,13,116,58,1460,14,113,70,1400,15,123,76,1520,16,117,62,1240,17,119,66,1320,18,122,80,1600,19,119,76,3800,20,121,76,1520,21,120,72,4020,22,118,70,1400,23,115,70,2240,24,116,66,1320,25,121,74,3160,26,115,70,3380,27,121,74,3220,28,123,78,3540,29,125,72,1440,30,122,86,1720,31,129,90,1800,32,119,70,2180,33,133,78,1560,34,122,72,2880,35,121,72,1560,36,124,74,3760,37,125,80,4180,38,126,92,1840,39,124,84,1680,40,124,76,3500,41,118,72,1440,42,129,74,1480,43,124,76,2960,44,121,74,1480,45,122,82,4700,46,119,72,2880,47,128,96,1920,48,116,68,1360,49,110,76,3440,50,104,80,3280,51,124,76,3080,52,124,86,1720,53,126,66,2160,54,120,72,3180,55,125,84,1680,56,121,64,2240,57,119,80,3280,58,120,84,3000,59,119,72,1440,60,116,66,2280,61,119,76,2960,62,112,80,1600,63,116,72,1440,64,128,68,2800,65,118,72,1440,66,120,74,3460,67,116,76,1520,68,123,72,2280,69,119,80,1600,70,112,74,3040,71,119,70,1400,72,119,76,2720,73,117,68,1360,74,132,78,1560,75,120,90,1800,76,125,82,2720,77,120,72,1440,78,130,76,1520,79,122,70,1520,80,126,80,2380,81,121,64,1280,82,120,74,1480,83,120,66,1320,84,116,68,1360,85,115,82,1640,86,119,72,1440,87,125,70,1400,88,103,70,1400,89,122,98,1960,90,129,88,1760,91,124,74,1480,92,113,70,1400,93,129,80,3340,94,109,76,1520,95,124,68,1360,96,116,66,1320,97,123,74,3880,98,126,92,1840,99,111,74,3220,100,111,72,1620
35,-123685,37450,1,121,80,1600,2,128,74,1480,3,123,74,2560,4,121,66,1320,5,125,72,3540,6,120,70,1400,7,120,72,1440,8,119,70,2480,9,128,72,3480,10,120,72,1440,11,128,76,1520,12,116,78,3600,13,123,78,1860,14,131,80,1600,15,117,70,1400,16,128,84,1680,17,129,84,1680,18,119,66,1320,19,123,68,3400,20,122,68,1360,21,137,72,3780,22,123,88,1760,23,131,74,2320,24,123,82,1640,25,105,70,3200,26,129,76,3800,27,119,82,3980,28,116,72,3240,29,112,70,1400,30,121,68,1360,31,124,70,1400,32,126,82,2360,33,123,80,1600,34,123,70,2900,35,114,78,1740,36,113,78,4140,37,115,72,3780,38,120,82,1640,39,118,70,1400,40,121,70,3200,41,127,78,1560,42,113,76,1520,43,118,74,2980,44,117,60,1200,45,117,70,3920,46,122,78,3180,47,125,78,1560,48,117,84,1680,49,120,80,3400,50,110,74,3100,51,119,74,3100,52,115,72,1440,53,114,80,2680,54,123,82,3980,55,119,76,1520,56,118,82,2900,57,118,70,3020,58,118,74,2560,59,123,72,1440,60,123,82,2900,61,116,72,3060,62,119,68,1360,63,127,80,1600,64,117,84,3360,65,132,78,1560,66,122,70,3200,67,118,68,1360,68,105,80,2440,69,123,64,1280,70,123,78,3180,71,126,88,1760,72,125,76,2600,73,121,88,1760,74,124,70,1400,75,120,76,1520,76,117,68,2260,77,119,76,1520,78,118,68,1360,79,113,84,1860,80,116,72,2160,81,118,82,1640,82,119,64,1280,83,125,86,1720,84,115,86,1720,85,115,68,1360,86,129,78,1560,87,112,72,1440,88,116,82,1640,89,112,72,1440,90,124,70,1400,91,118,72,1440,92,128,80,1600,93,118,76,3440,94,128,96,1920,95,117,84,1680,96,124,76,1520,97,117,74,4120,98,116,68,1360,99,121,78,3480,100,124,72,1800
36,-113460,38623,1,112,70,1400,2,116,78,1560,3,114,72,2520,4,114,78,1560,5,113,74,3520,6,124,96,1920,7,122,70,1400,8,128,86,3160,9,119,74,3520,10,120,76,1520,11,119,74,1480,12,123,78,3600,13,118,70,1640,14,128,72,1440,15,126,80,1600,16,121,66,1320,17,128,72,1440,18,117,76,1520,19,119,88,4400,20,122,86,1720,21,121,76,4160,22,119,80,1600,23,119,80,2560,24,110,70,1400,25,122,88,3920,26,114,72,3600,27,121,74,3400,28,123,94,4520,29,122,66,1320,30,115,80,1600,31,118,90,1800,32,122,66,1980,33,119,74,1480,34,118,82,3320,35,120,68,1480,36,123,78,3960,37,126,80,4000,38,121,76,1520,39,123,94,1880,40,110,86,4120,41,121,72,1440,42,122,70,1400,43,122,74,3160,44,127,78,1560,45,127,92,5320,46,110,68,2860,47,120,68,1360,48,125,62,1240,49,118,70,3080,50,126,88,3560,51,125,74,3100,52,129,78,1560,53,117,76,2600,54,115,72,3360,55,121,74,1480,56,119,68,2260,57,117,94,3680,58,121,76,2960,59,113,72,1440,60,115,74,2380,61,129,76,3020,62,127,84,1680,63,121,70,1400,64,119,70,2840,65,121,76,1520,66,115,84,4320,67,123,88,1760,68,113,74,2440,69,124,94,1880,70,116,70,3020,71,120,76,1520,72,118,72,2640,73,116,76,1520,74,118,70,1400,75,118,70,1400,76,127,90,2760,77,121,70,1400,78,127,80,1600,79,114,80,1720,80,130,76,2180,81,126,76,1520,82,119,80,1600,83,121,76,1520,84,124,72,1440,85,126,80,1600,86,122,68,1360,87,125,84,1680,88,117,60,1200,89,127,80,1600,90,112,78,1560,91,128,74,1480,92,121,70,1400,93,121,66,2760,94,125,80,1600,95,122,74,1480,96,114,66,1320,97,116,70,3680,98,125,92,1840,99,116,64,2720,100,111,82,2120
37,-114970,39835,1,130,68,1360,2,118,70,1400,3,127,84,2940,4,120,70,1400,5,129,78,3660,6,118,82,1640,7,118,78,1560,8,119,74,2680,9,119,68,3400,10,115,66,1320,11,121,64,1280,12,117,78,3600,13,125,82,2000,14,114,72,1440,15,120,70,1400,16,120,90,1800,17,114,80,1600,18,123,70,1400,19,126,78,3840,20,120,78,1560,21,118,68,3640,22,124,74,1480,23,118,74,2320,24,123,74,1480,25,118,78,3480,26,125,76,3980,27,109,74,3640,28,118,82,3920,29,120,84,1680,30,121,70,1400,31,128,74,1480,32,121,88,2600,33,122,70,1400,34,130,74,3040,35,121,88,1880,36,116,86,4540,37,118,72,3840,38,114,70,1400,39,113,84,1680,40,114,78,3540,41,114,78,1560,42,117,88,1760,43,111,70,2960,44,119,70,1400,45,120,84,4740,46,124,78,3240,47,115,86,1720,48,120,88,1760,49,124,78,3240,50,117,82,3440,51,115,72,2940,52,120,64,1280,53,118,70,2660,54,137,92,4000,55,116,72,1440,56,127,92,3160,57,124,82,3440,58,123,68,2560,59,121,74,1480,60,124,78,2880,61,120,78,3240,62,123,72,1440,63,115,82,1640,64,118,80,3220,65,116,72,1440,66,121,76,3800,67,116,80,1600,68,125,76,2360,69,115,74,1480,70,125,80,3100,71,118,68,1360,72,128,76,2780,73,123,70,1400,74,129,86,1720,75,123,82,1640,76,121,78,2400,77,116,88,1760,78,125,72,1440,79,123,66,1440,80,121,80,2440,81,121,72,1440,82,122,60,1200,83,119,70,1400,84,110,82,1640,85,123,70,1400,86,118,82,1640,87,121,68,1360,88,119,88,1760,89,117,68,1360,90,109,64,1280,91,118,74,1480,92,120,96,1920,93,115,94,3800,94,121,70,1400,95,116,68,1360,96,130,82,1640,97,128,82,4100,98,117,82,1640,99,124,82,3560,100,111,70,1880
38,-110540,41091,1,115,74,1480,2,129,92,1840,3,118,74,2680,4,120,84,1680,5,117,72,3660,6,126,74,1480,7,121,60,1200,8,123,68,2740,9,123,80,4120,10,120,82,1640,11,119,94,1880,12,124,84,4200,13,118,68,1600,14,132,80,1600,15,127,92,1840,16,122,82,1640,17,120,76,1520,18,113,88,1760,19,118,76,3860,20,123,76,1520,21,117,80,4000,22,113,74,1540,23,125,68,2200,24,119,74,1480,25,121,76,3440,26,119,68,3280,27,120,78,3600,28,127,76,3560,29,121,72,1440,30,119,88,1760,31,115,84,1680,32,117,72,2160,33,117,82,1640,34,119,76,3140,35,111,72,1560,36,124,72,3600,37,133,84,4560,38,128,82,1640,39,119,76,1520,40,120,70,3320,41,113,68,1360,42,126,78,1560,43,131,80,3220,44,127,84,1680,45,124,80,4540,46,114,66,2760,47,119,76,1520,48,122,76,1520,49,114,70,2840,50,119,76,3140,51,128,80,3040,52,122,92,1840,53,128,80,2800,54,129,78,3600,55,130,84,1680,56,118,78,2640,57,120,70,3020,58,124,86,3100,59,114,60,1200,60,119,72,2520,61,124,72,2880,62,115,74,1480,63,118,70,1400,64,125,76,2960,65,132,86,1720,66,115,72,3480,67,119,70,1400,68,118,70,2240,69,125,80,1600,70,113,70,2840,71,128,80,1600,72,116,72,2820,73,109,84,1680,74,126,68,1360,75,114,68,1360,76,117,78,2400,77,120,82,1640,78,108,80,1600,79,118,88,1880,80,114,74,2200,81,115,74,1540,82,119,88,1760,83,126,92,1840,84,115,76,1520,85,115,78,1560,86,124,74,1480,87,114,86,1720,88,120,74,1480,89,124,82,1640,90,115,82,1640,91,126,66,1320,92,115,64,1280,93,119,80,3160,94,118,94,1880,95,126,90,1800,96,122,76,1520,97,124,78,3840,98,124,68,1360,99,116,72,3000,100,120,74,1840
39,-126475,42311,1,128,68,1360,2,124,70,1400,3,126,66,2400,4,121,72,1440,5,125,80,3760,6,113,78,1560,7,119,68,1360,8,120,78,2820,9,124,72,3840,10,125,66,1320,11,122,78,1560,12,121,82,4040,13,126,78,1800,14,126,68,1360,15,121,78,1560,16,118,74,1480,17,118,70,1400,18,116,68,1360,19,129,72,3780,20,118,72,1440,21,124,68,3400,22,130,78,1680,23,123,86,2800,24,122,66,1320,25,115,70,3140,26,132,80,3640,27,130,74,3280,28,113,82,3980,29,120,72,1440,30,119,70,1400,31,122,72,1440,32,127,84,2280,33,119,68,1360,34,119,70,2960,35,127,70,1520,36,111,84,3960,37,125,76,4280,38,128,74,1480,39,122,76,1520,40,122,84,3720,41,122,84,1680,42,118,70,1400,43,121,76,3080,44,118,68,1360,45,115,76,4220,46,124,92,3520,47,118,74,1480,48,121,64,1280,49,132,80,3100,50,125,82,3800,51,121,74,2740,52,122,80,1600,53,119,68,2440,54,118,74,3280,55,124,78,1560,56,120,68,2440,57,113,92,4000,58,120,76,2780,59,122,70,1400,60,129,74,2560,61,116,82,3320,62,125,66,1320,63,128,96,1920,64,118,70,2720,65,128,68,1360,66,131,82,3980,67,123,82,1640,68,126,84,2760,69,118,78,1560,70,127,78,2820,71,125,72,1440,72,127,80,3160,73,120,74,1480,74,122,76,1520,75,116,86,1720,76,122,68,2080,77,124,72,1440,78,112,70,1400,79,125,80,1720,80,123,70,2000,81,124,76,1640,82,118,64,1280,83,119,78,1560,84,118,70,1400,85,122,70,1400,86,112,64,1280,87,115,74,1480,88,123,68,1360,89,115,74,1480,90,121,68,1360,91,123,88,1760,92,123,74,1480,93,119,76,3020,94,124,78,1560,95,119,82,1640,96,121,70,1400,97,116,70,3620,98,120,88,1760,99,125,74,2980,100,120,68,1780
40,-111810,43490,1,115,78,1560,2,119,72,1440,3,120,84,3000,4,119,70,1400,5,121,72,3420,6,120,66,1320,7,127,78,1560,8,121,70,2600,9,112,70,3680,10,126,90,1800,11,113,66,1320,12,124,80,3880,13,117,64,1460,14,119,90,1800,15,108,72,1440,16,125,62,1240,17,128,84,1680,18,127,88,1760,19,123,74,3880,20,130,74,1480,21,116,78,3840,22,124,70,1520,23,120,72,2400,24,122,86,1720,25,127,86,4000,26,127,74,3400,27,115,72,3360,28,117,74,3460,29,116,72,1440,30,123,86,1720,31,114,72,1440,32,124,74,2020,33,128,86,1720,34,127,80,3220,35,110,74,1540,36,117,76,3620,37,120,70,3800,38,114,86,1720,39,118,68,1360,40,119,74,3460,41,114,70,1400,42,128,90,1800,43,115,72,3060,44,130,72,1440,45,122,80,4540,46,115,80,3100,47,121,70,1460,48,122,80,1600,49,123,74,3220,50,114,76,3500,51,120,72,2760,52,121,68,1360,53,130,94,3200,54,132,76,3440,55,116,70,1400,56,120,92,3220,57,118,80,3580,58,120,68,2560,59,121,78,1560,60,117,78,2940,61,121,74,2980,62,118,90,1800,63,116,80,1600,64,127,94,3680,65,119,78,1560,66,123,72,3420,67,114,68,1360,68,120,76,2480,69,124,74,1480,70,120,68,2680,71,109,68,1360,72,122,72,2700,73,119,70,1460,74,119,66,1320,75,121,76,1520,76,116,78,2340,77,108,84,1680,78,124,80,1600,79,123,60,1260,80,113,82,2180,81,119,72,1560,82,130,94,1880,83,124,74,1480,84,122,78,1560,85,113,86,1720,86,119,78,1560,87,125,70,1400,88,114,74,1480,89,126,72,1440,90,117,80,1600,91,114,76,1520,92,117,68,1360,93,130,72,2760,94,116,68,1360,95,124,76,1520,96,120,90,1800,97,125,86,4420,98,116,80,1600,99,115,66,2640,100,123,94,2660
41,-117345,44716,1,121,70,1400,2,125,70,1400,3,125,68,2440,4,126,84,1680,5,117,82,4340,6,123,92,1840,7,118,68,1360,8,119,78,2940,9,126,76,3920,10,120,76,1520,11,122,94,1880,12,114,82,4040,13,121,80,1900,14,127,74,1480,15,122,76,1520,16,119,84,1680,17,116,72,1440,18,123,68,1360,19,112,68,3580,20,119,80,1600,21,124,72,3540,22,114,78,1800,23,122,72,2400,24,116,80,1600,25,116,74,3400,26,108,70,3200,27,134,88,3860,28,126,74,3460,29,127,86,1720,30,118,70,1400,31,127,76,1520,32,116,76,2060,33,128,74,1480,34,125,78,3180,35,126,84,1920,36,126,76,3620,37,120,94,5240,38,121,72,1440,39,128,74,1480,40,127,76,3560,41,127,82,1640,42,120,74,1480,43,121,82,3260,44,118,74,1480,45,121,74,4300,46,121,74,2980,47,121,94,1940,48,112,72,1440,49,124,66,2760,50,119,78,3540,51,122,72,2760,52,117,84,1680,53,121,76,2600,54,118,80,3700,55,132,88,1760,56,119,72,2580,57,121,72,3420,58,125,84,3060,59,116,64,1280,60,121,74,2620,61,121,74,2980,62,123,74,1480,63,121,70,1400,64,121,80,3040,65,125,70,1400,66,111,74,3460,67,120,88,1760,68,115,70,2360,69,116,70,1400,70,124,76,2840,71,124,70,1400,72,121,80,3460,73,119,96,1980,74,127,80,1600,75,118,72,1440,76,117,70,2240,77,115,74,1480,78,121,70,1400,79,118,82,1880,80,116,68,1900,81,130,74,1720,82,128,70,1400,83,117,72,1440,84,118,68,1360,85,123,66,1320,86,126,72,1440,87,107,82,1640,88,133,80,1600,89,117,86,1720,90,122,68,1360,91,119,72,1440,92,122,90,1800,93,121,84,3480,94,128,84,1680,95,117,68,1360,96,122,78,1560,97,125,74,3640,98,122,78,1560,99,122,90,3600,100,123,74,2140
42,-123440,45891,1,116,90,1800,2,120,74,1480,3,117,94,3440,4,119,70,1400,5,126,78,3840,6,115,76,1520,7,124,94,1880,8,127,72,2760,9,120,68,3580,10,123,70,1400,11,119,76,1520,12,118,80,3820,13,120,62,1480,14,113,76,1520,15,117,70,1400,16,122,70,1400,17,129,82,1640,18,118,86,1720,19,125,74,3820,20,121,70,1400,21,112,78,3900,22,117,76,1820,23,116,74,2500,24,119,62,1240,25,125,74,3520,26,120,78,3600,27,125,76,3260,28,113,82,3920,29,121,66,1320,30,134,80,1600,31,118,70,1400,32,119,68,1900,33,115,70,1400,34,121,66,2640,35,113,74,1660,36,118,76,3800,37,119,82,4640,38,110,72,1440,39,117,72,1440,40,121,76,3560,41,119,72,1440,42,121,74,1480,43,119,76,2840,44,123,68,1360,45,115,76,4460,46,114,70,2900,47,120,88,1760,48,126,78,1560,49,119,76,3260,50,126,74,3220,51,113,80,2980,52,124,70,1400,53,118,72,3000,54,125,74,3220,55,131,74,1480,56,121,72,2580,57,114,68,3100,58,120,72,2760,59,120,84,1680,60,119,70,2540,61,116,72,2940,62,112,66,1320,63,114,86,1720,64,122,74,2920,65,113,72,1440,66,123,82,3920,67,121,82,1640,68,127,82,2660,69,134,82,1640,70,118,72,2820,71,115,72,1440,72,113,70,2960,73,119,76,1520,74,118,72,1440,75,127,72,1440,76,129,84,2700,77,124,68,1360,78,125,92,1840,79,123,72,1620,80,121,90,2340,81,123,80,1900,82,113,72,1440,83,127,74,1480,84,122,90,1800,85,125,90,1800,86,116,76,1520,87,116,74,1480,88,126,74,1480,89,126,70,1400,90,112,82,1640,91,126,74,1480,92,122,70,1400,93,124,80,3100,94,122,66,1320,95,122,84,1680,96,115,76,1520,97,119,78,3900,98,109,70,1400,99,121,76,3020,100,115,68,2080
43,-124935,47079,1,120,72,1440,2,121,68,1360,3,130,80,2980,4,121,82,1640,5,120,74,3760,6,115,74,1480,7,118,80,1600,8,118,76,2960,9,121,76,3740,10,113,72,1440,11,124,70,1400,12,119,80,3820,13,125,76,2000,14,122,70,1400,15,136,78,1560,16,120,86,1720,17,125,72,1440,18,121,74,1480,19,110,74,3880,20,116,90,1800,21,121,72,3960,22,123,66,1620,23,123,66,2340,24,125,80,1600,25,114,76,3800,26,115,72,3180,27,123,74,3280,28,121,74,3580,29,115,86,1720,30,128,66,1320,31,123,86,1720,32,125,82,2300,33,131,86,1720,34,121,86,3340,35,122,84,1920,36,124,74,3700,37,118,78,4320,38,122,74,1480,39,139,80,1600,40,116,72,3420,41,125,76,1520,42,115,70,1400,43,123,76,3140,44,119,84,1680,45,122,78,4500,46,124,82,3620,47,122,78,1560,48,120,72,1440,49,121,70,2840,50,112,84,3540,51,117,66,2520,52,113,72,1440,53,122,76,2900,54,115,70,3200,55,116,88,1760,56,112,76,2900,57,135,84,3540,58,126,76,2960,59,117,66,1320,60,124,82,3020,61,122,84,3660,62,122,80,1600,63,117,78,1560,64,113,66,2520,65,124,72,1440,66,117,74,3580,67,115,70,1400,68,116,72,2460,69,124,70,1400,70,120,74,2680,71,130,72,1440,72,130,78,3240,73,121,58,1160,74,128,70,1400,75,116,76,1520,76,124,70,2360,77,120,90,1800,78,121,72,1440,79,117,78,1800,80,112,76,2180,81,118,70,1700,82,132,80,1600,83,111,80,1600,84,119,76,1520,85,120,72,1440,86,120,68,1360,87,124,68,1360,88,115,70,1400,89,113,78,1560,90,115,76,1520,91,114,70,1400,92,115,88,1760,93,117,74,2860,94,114,74,1480,95,118,74,1480,96,119,68,1360,97,117,66,3240,98,124,84,1680,99,119,72,2820,100,122,82,2360
44,-120205,48188,1,119,74,1480,2,116,82,1640,3,130,70,2480,4,119,68,1360,5,122,70,3380,6,121,74,1480,7,120,74,1480,8,128,66,2520,9,115,64,3260,10,124,84,1680,11,109,74,1480,12,123,76,3500,13,116,68,1660,14,118,82,1640,15,123,70,1400,16,118,72,1440,17,112,70,1400,18,116,66,1320,19,128,72,3720,20,118,76,1520,21,113,74,4180,22,126,86,2140,23,119,86,3040,24,117,66,1320,25,121,74,3640,26,126,76,3320,27,109,76,3800,28,117,74,3580,29,122,74,1480,30,127,92,1840,31,122,72,1440,32,119,70,2000,33,125,70,1400,34,119,76,3020,35,119,74,1720,36,120,72,3540,37,129,74,3940,38,118,68,1360,39,128,88,1760,40,124,82,3740,41,118,60,1200,42,122,88,1760,43,113,68,2860,44,124,68,1360,45,112,78,4500,46,115,74,3220,47,119,68,1360,48,116,72,1440,49,124,92,4000,50,116,76,3020,51,126,84,3480,52,127,80,1600,53,120,64,2360,54,135,94,4160,55,119,82,1640,56,117,74,2680,57,126,68,2860,58,120,68,2560,59,125,74,1480,60,114,74,2680,61,120,76,3260,62,112,70,1400,63,121,66,1320,64,121,78,3060,65,118,70,1400,66,122,74,3580,67,126,84,1680,68,133,86,3040,69,116,80,1600,70,123,82,3440,71,118,68,1360,72,110,68,2680,73,114,66,1320,74,117,78,1560,75,125,68,1360,76,116,74,2560,77,117,78,1560,78,112,74,1480,79,120,66,1560,80,122,68,1960,81,125,86,2140,82,126,68,1360,83,112,78,1560,84,124,72,1440,85,120,74,1480,86,112,90,1800,87,119,88,1760,88,129,80,1600,89,117,76,1520,90,124,64,1280,91,128,82,1640,92,122,70,1400,93,125,72,2820,94,127,72,1440,95,127,66,1320,96,127,86,1720,97,116,86,4060,98,122,64,1280,99,123,66,2700,100,114,62,1780
45,-114380,49469,1,126,68,1360,2,120,70,1400,3,115,68,2380,4,125,86,1720,5,125,82,3980,6,119,70,1400,7,119,68,1360,8,114,78,2940,9,125,74,3820,10,111,68,1360,11,125,72,1440,12,113,82,3980,13,126,74,1840,14,118,72,1440,15,113,74,1480,16,131,78,1560,17,119,70,1400,18,128,84,1680,19,118,76,3860,20,122,76,1520,21,125,80,4360,22,122,70,1700,23,125,72,2340,24,120,80,1600,25,116,76,3860,26,113,70,3080,27,117,78,3600,28,125,78,3840,29,118,70,1400,30,120,66,1320,31,113,68,1360,32,125,80,2380,33,117,78,1560,34,120,74,3160,35,124,72,1620,36,126,74,3520,37,113,80,4240,38,127,102,2040,39,120,76,1520,40,117,74,3460,41,123,82,1640,42,117,72,1440,43,127,78,3240,44,115,76,1520,45,119,78,4440,46,126,74,3340,47,124,90,1860,48,129,90,1800,49,122,78,3240,50,129,76,3200,51,118,74,3040,52,122,68,1360,53,122,86,2740,54,128,84,3720,55,127,72,1440,56,121,74,2680,57,108,74,3160,58,123,84,3060,59,114,64,1280,60,124,70,2600,61,115,76,3380,62,127,78,1560,63,119,82,1640,64,116,70,2660,65,127,78,1560,66,113,74,3760,67,118,66,1320,68,121,74,2380,69,122,74,1480,70,117,74,3040,71,132,80,1600,72,126,82,3260,73,122,84,1740,74,126,62,1240,75,118,84,1680,76,120,72,2520,77,121,72,1440,78,134,78,1560,79,113,88,1940,80,115,84,2460,81,119,72,1740,82,121,80,1600,83,124,66,1320,84,109,74,1480,85,122,72,1440,86,120,72,1440,87,117,80,1600,88,120,66,1320,89,125,70,1400,90,117,80,1600,91,119,72,1440,92,116,94,1880,93,114,94,4160,94,111,80,1600,95,130,88,1760,96,118,72,1440,97,116,76,3620,98,120,96,1920,99,126,96,4200,100,123,74,2140
46,-115345,50676,1,113,86,1720,2,127,88,1760,3,123,94,2840,4,114,70,1400,5,117,72,3540,6,123,104,2080,7,117,80,1600,8,119,72,2760,9,114,66,3360,10,127,80,1600,11,110,78,1560,12,121,76,3560,13,111,70,1700,14,130,82,1640,15,125,76,1520,16,124,72,1440,17,128,92,1840,18,123,68,1360,19,126,70,3620,20,118,66,1320,21,120,62,3460,22,117,90,2340,23,109,76,2660,24,119,68,1360,25,124,70,3380,26,127,74,3400,27,117,72,3240,28,116,76,3680,29,126,84,1680,30,118,84,1680,31,124,78,1560,32,117,72,2100,33,120,70,1400,34,124,72,2880,35,110,74,1660,36,115,80,3820,37,118,78,4020,38,123,90,1800,39,121,70,1400,40,124,74,3460,41,113,66,1320,42,128,86,1720,43,123,72,2880,44,120,74,1480,45,116,76,4280,46,109,80,3700,47,111,74,1540,48,126,76,1520,49,116,70,2900,50,119,80,3400,51,120,72,3000,52,126,96,1920,53,112,70,2360,54,125,74,3280,55,113,72,1440,56,121,76,3200,57,122,78,3360,58,113,76,2840,59,126,76,1520,60,119,82,3320,61,123,82,3740,62,119,68,1420,63,121,76,1520,64,127,78,2760,65,125,72,1440,66,124,76,3680,67,128,84,1680,68,118,72,2580,69,114,68,1360,70,123,74,3040,71,123,74,1480,72,114,68,2560,73,118,74,1540,74,121,80,1600,75,127,74,1480,76,127,70,2180,77,116,76,1520,78,122,76,1520,79,115,62,1420,80,113,70,2060,81,127,76,2060,82,115,74,1480,83,119,82,1640,84,129,88,1820,85,111,74,1480,86,118,70,1400,87,121,72,1440,88,130,92,1840,89,107,78,1560,90,126,76,1520,91,123,74,1480,92,126,72,1440,93,118,82,3500,94,110,66,1320,95,122,72,1440,96,125,72,1440,97,122,70,3380,98,115,80,1600,99,119,82,3500,100,115,64,1820
47,-124190,51813,1,114,76,1520,2,119,66,1320,3,120,88,2780,4,130,76,1520,5,121,78,4020,6,119,86,1720,7,122,66,1320,8,123,72,2640,9,124,78,3720,10,117,66,1320,11,119,72,1440,12,112,78,3720,13,123,68,1780,14,128,70,1400,15,119,68,1360,16,106,74,1480,17,124,84,1680,18,112,84,1680,19,113,72,3600,20,122,82,1640,21,127,72,3780,22,125,76,1940,23,122,90,3180,24,126,92,1840,25,109,74,3400,26,118,70,3200,27,128,84,3660,28,125,74,3460,29,120,74,1480,30,118,66,1320,31,119,66,1320,32,134,82,2660,33,117,88,1760,34,116,74,2920,35,125,86,1900,36,122,74,3700,37,113,72,3840,38,116,70,1400,39,125,88,1760,40,121,74,3280,41,125,84,1680,42,120,74,1480,43,117,82,3080,44,116,72,1440,45,121,74,4120,46,118,72,3300,47,125,88,1820,48,122,68,1360,49,123,78,3300,50,124,74,2980,51,125,80,3280,52,115,72,1440,53,122,76,2540,54,111,74,3460,55,128,70,1400,56,118,72,3000,57,112,68,2860,58,123,72,2640,59,119,64,1280,60,122,76,3080,61,112,74,3340,62,129,88,1760,63,114,64,1280,64,118,72,2760,65,117,76,1520,66,115,70,3380,67,127,76,1520,68,130,84,3060,69,126,80,1600,70,118,74,3160,71,113,72,1440,72,131,76,3020,73,123,74,1540,74,116,72,1440,75,115,78,1560,76,112,70,2360,77,123,70,1400,78,115,68,1360,79,122,82,1820,80,119,78,2580,81,123,68,1780,82,125,74,1480,83,123,76,1520,84,127,72,1440,85,125,86,1720,86,125,80,1600,87,115,72,1440,88,126,78,1560,89,113,74,1480,90,117,70,1400,91,116,70,1400,92,109,78,1560,93,122,72,2940,94,115,86,1720,95,109,74,1480,96,112,72,1440,97,126,82,3980,98,119,68,1360,99,118,74,2980,100,121,74,2020
48,-119720,53016,1,124,66,1320,2,133,80,1600,3,121,76,2540,4,117,80,1600,5,116,74,3640,6,120,80,1600,7,110,74,1480,8,114,84,3180,9,116,64,3080,10,125,82,1640,11,125,72,1440,12,120,72,3240,13,117,76,1940,14,113,70,1400,15,127,90,1860,16,121,76,1520,17,122,74,1480,18,115,70,1400,19,124,74,3880,20,113,70,1400,21,112,70,3680,22,117,70,2120,23,121,82,2720,24,118,76,1520,25,125,76,3620,26,124,86,3880,27,121,76,3380,28,116,76,3620,29,127,64,1280,30,121,80,1600,31,128,86,1720,32,125,68,2080,33,123,70,1400,34,120,66,2520,35,118,72,1620,36,119,78,4140,37,125,82,4220,38,122,78,1560,39,119,80,1600,40,121,78,3600,41,118,68,1360,42,118,68,1360,43,118,66,2520,44,129,80,1600,45,117,76,4280,46,124,78,3720,47,118,76,1520,48,119,88,1760,49,117,70,2960,50,112,80,3340,51,119,64,2480,52,133,88,1820,53,117,76,2540,54,121,78,3420,55,119,76,1520,56,129,80,3160,57,128,76,3260,58,113,80,3100,59,126,80,1600,60,115,74,3040,61,123,82,3800,62,122,74,1480,63,122,76,1520,64,129,78,3060,65,124,66,1320,66,130,78,3660,67,120,70,1400,68,122,74,2560,69,117,66,1320,70,126,66,2520,71,131,80,1600,72,121,80,3220,73,118,68,1360,74,127,76,1520,75,123,70,1400,76,123,76,2240,77,110,84,1680,78,123,88,1760,79,116,64,1460,80,126,70,2120,81,121,94,2600,82,116,76,1520,83,112,74,1480,84,115,76,1520,85,117,66,1320,86,118,74,1480,87,132,74,1480,88,117,62,1240,89,133,90,1800,90,132,80,1600,91,132,80,1600,92,119,70,1400,93,115,74,3220,94,118,72,1440,95,121,80,1600,96,129,78,1560,97,121,68,3340,98,130,98,1960,99,127,74,3220,100,121,66,1860
49,-117355,54190,1,120,86,1720,2,128,68,1360,3,112,64,2300,4,122,72,1440,5,125,72,3540,6,121,80,1600,7,127,80,1600,8,121,68,2560,9,118,84,3900,10,121,72,1440,11,113,80,1600,12,118,78,3780,13,121,66,1740,14,127,80,1600,15,124,82,1700,16,114,68,1360,17,112,66,1320,18,130,78,1560,19,114,70,3680,20,122,80,1600,21,126,72,3900,22,127,78,2340,23,121,74,2320,24,119,70,1400,25,111,74,3580,26,119,76,3320,27,117,68,2860,28,124,70,3140,29,130,88,1760,30,120,70,1400,31,124,80,1600,32,123,84,2460,33,108,74,1480,34,118,78,3120,35,131,84,1980,36,120,74,3700,37,122,68,3520,38,113,70,1400,39,123,78,1560,40,120,72,3300,41,121,100,2000,42,121,88,1760,43,130,80,3160,44,123,74,1480,45,123,74,4060,46,118,74,3460,47,121,68,1360,48,121,74,1480,49,128,78,3360,50,122,68,2620,51,124,84,2940,52,124,78,1620,53,121,70,2420,54,117,68,2860,55,123,68,1360,56,117,78,3060,57,117,66,2580,58,113,68,2560,59,121,68,1360,60,125,76,3020,61,120,78,3540,62,115,66,1320,63,107,64,1280,64,124,82,3500,65,110,78,1560,66,118,66,3060,67,119,82,1640,68,117,68,2200,69,129,80,1600,70,123,84,2940,71,128,74,1480,72,115,70,2780,73,124,98,1960,74,116,70,1400,75,113,88,1760,76,110,66,2220,77,118,78,1560,78,112,74,1480,79,119,82,1940,80,114,74,2260,81,116,78,2340,82,120,68,1360,83,127,72,1440,84,120,56,1120,85,123,86,1720,86,127,72,1440,87,122,82,1640,88,128,78,1560,89,125,76,1520,90,129,70,1400,91,126,66,1320,92,119,88,1760,93,128,74,3100,94,133,76,1520,95,115,76,1520,96,121,70,1400,97,118,84,4020,98,129,80,1600,99,113,74,3100,100,115,80,2140
50,-114710,55446,1,121,76,1520,2,116,78,1560,3,123,86,3040,4,114,74,1480,5,115,82,4100,6,119,70,1400,7,121,66,1320,8,121,92,3580,9,121,66,3060,10,117,76,1520,11,122,74,1480,12,120,70,3140,13,118,94,2600,14,122,72,1440,15,121,70,1400,16,125,80,1600,17,122,86,1720,18,123,62,1240,19,121,74,3880,20,116,72,1440,21,114,84,4620,22,119,68,1960,23,119,72,2280,24,122,94,1880,25,126,82,4160,26,127,74,3280,27,122,82,3680,28,120,88,4220,29,120,72,1440,30,124,98,1960,31,115,68,1360,32,119,72,2280,33,124,76,1520,34,123,74,2920,35,123,76,1760,36,114,74,4000,37,126,88,4460,38,124,78,1560,39,118,74,1480,40,125,74,3280,41,112,82,1640,42,115,68,1360,43,111,70,2840,44,115,76,1520,45,116,74,4120,46,126,72,3300,47,129,90,1800,48,120,74,1480,49,119,74,3100,50,123,90,3480,51,121,62,2260,52,116,64,1280,53,112,84,3000,54,130,90,3840,55,114,94,1880,56,123,74,2980,57,130,78,3240,58,118,82,3380,59,115,84,1680,60,114,70,2900,61,111,72,3300,62,118,82,1640,63,116,78,1560,64,118,72,3120,65,115,72,1440,66,123,96,4380,67,123,72,1440,68,122,78,2400,69,121,68,1360,70,116,64,2300,71,120,76,1520,72,127,78,3120,73,116,76,1520,74,130,74,1480,75,118,70,1400,76,116,86,2680,77,119,68,1360,78,124,86,1720,79,118,68,1600,80,125,74,2320,81,119,66,1920,82,122,88,1760,83,114,76,1520,84,119,70,1400,85,121,70,1400,86,117,76,1520,87,116,68,1360,88,119,64,1280,89,116,70,1400,90,114,72,1440,91,123,86,1720,92,122,70,1400,93,113,82,3440,94,118,76,1520,95,121,70,1400,96,122,90,1800,97,124,74,3580,98,123,70,1400,99,126,76,3320,100,122,70,1940
51,-100970,56656,1,113,70,1400,2,123,62,1240,3,109,74,2740,4,125,78,1560,5,121,74,3700,6,123,82,1640,7,128,88,1760,8,118,76,2600,9,123,88,4100,10,124,72,1440,11,121,68,1360,12,119,100,4340,13,124,82,2420,14,112,74,1480,15,116,96,1920,16,120,74,1480,17,118,72,1440,18,126,86,1720,19,116,68,3760,20,132,88,1760,21,125,62,3280,22,131,86,2740,23,129,76,2360,24,109,82,1640,25,118,70,3380,26,106,70,2900,27,119,76,3320,28,122,78,3480,29,122,74,1480,30,122,78,1560,31,121,90,1800,32,132,74,2320,33,123,66,1320,34,114,74,3100,35,115,72,1740,36,131,74,3760,37,117,78,3840,38,119,76,1520,39,121,70,1400,40,117,72,3300,41,117,66,1320,42,124,82,1640,43,129,76,3140,44,124,72,1440,45,125,76,4220,46,110,74,3400,47,119,74,1480,48,119,70,1400,49,128,70,2960,50,122,78,2820,51,123,86,3100,52,126,82,1640,53,121,74,2740,54,124,82,3440,55,126,78,1560,56,111,80,3520,57,118,68,2620,58,115,72,2520,59,119,72,1440,60,127,84,3600,61,125,78,3480,62,125,70,1460,63,121,72,1440,64,131,82,3560,65,129,66,1320,66,119,82,3560,67,110,72,1440,68,111,70,2240,69,118,88,1760,70,120,86,3100,71,121,74,1480,72,132,64,2420,73,121,66,1320,74,120,84,1680,75,126,98,1960,76,118,62,1840,77,127,86,1720,78,116,74,1480,79,123,74,1780,80,111,72,2280,81,127,86,2740,82,115,78,1560,83,118,72,1440,84,121,90,1860,85,128,92,1840,86,123,70,1400,87,123,96,1920,88,128,92,1840,89,133,78,1560,90,128,82,1640,91,121,70,1400,92,116,84,1680,93,114,72,2820,94,123,66,1320,95,113,90,1800,96,120,76,1520,97,113,66,3360,98,117,78,1560,99,119,64,2660,100,117,82,2180
52,-123095,57842,1,126,76,1520,2,123,82,1640,3,122,86,3340,4,120,66,1320,5,107,72,3660,6,121,78,1560,7,124,72,1440,8,123,70,2600,9,115,72,3540,10,111,74,1480,11,118,80,1600,12,125,84,3780,13,118,76,2120,14,128,78,1560,15,119,82,1640,16,120,70,1400,17,130,78,1560,18,126,60,1200,19,116,84,4380,20,126,70,1400,21,123,84,4140,22,123,72,2160,23,123,72,2160,24,116,76,1520,25,121,82,3920,26,115,78,3180,27,123,72,3120,28,115,70,3200,29,114,64,1280,30,119,70,1400,31,115,78,1560,32,119,70,2120,33,122,76,1520,34,119,76,3140,35,133,84,2100,36,122,74,3700,37,126,74,3700,38,119,76,1520,39,119,92,1840,40,131,82,3620,41,121,88,1760,42,118,72,1440,43,121,72,3060,44,110,72,1440,45,115,74,4120,46,124,84,3660,47,119,64,1280,48,125,86,1720,49,116,82,3680,50,112,68,2440,51,120,68,2260,52,122,74,1480,53,115,74,3100,54,117,78,3240,55,120,66,1320,56,124,72,3000,57,128,74,2560,58,130,80,2800,59,123,78,1560,60,113,70,2960,61,116,74,3460,62,114,74,1480,63,115,78,1560,64,122,78,3540,65,126,88,1760,66,119,78,3360,67,120,84,1680,68,121,80,2320,69,118,74,1480,70,118,70,2300,71,117,68,1360,72,131,78,2880,73,123,84,1680,74,122,70,1400,75,121,78,1560,76,129,90,2520,77,119,76,1520,78,120,76,1520,79,116,64,1700,80,121,68,2080,81,123,70,2120,82,121,74,1480,83,126,80,1600,84,110,74,1480,85,121,74,1480,86,111,78,1560,87,113,78,1560,88,121,78,1560,89,117,74,1480,90,117,68,1360,91,115,84,1680,92,117,72,1440,93,127,84,3480,94,124,96,1920,95,117,76,1520,96,119,76,1520,97,119,84,4500,98,118,68,1360,99,122,88,3560,100,127,70,1940
53,-130790,58999,1,118,70,1400,2,114,80,1600,3,117,82,3140,4,118,78,1560,5,121,84,3840,6,123,66,1320,7,114,76,1520,8,120,72,2580,9,128,74,3340,10,121,72,1440,11,117,66,1320,12,117,78,3420,13,126,68,1840,14,121,68,1360,15,121,72,1440,16,122,86,1720,17,122,68,1360,18,123,72,1440,19,119,72,3660,20,109,72,1440,21,120,66,3360,22,115,76,2540,23,110,76,2240,24,120,74,1480,25,117,70,3440,26,122,74,3100,27,112,74,3160,28,126,80,3520,29,124,76,1520,30,132,84,1680,31,117,74,1480,32,123,90,2700,33,113,66,1320,34,124,72,2940,35,125,76,2060,36,115,70,3500,37,117,76,3740,38,119,72,1440,39,116,74,1480,40,127,68,2980,41,115,68,1360,42,133,84,1680,43,111,74,2980,44,133,80,1600,45,119,70,3800,46,119,72,3180,47,125,74,1480,48,119,74,1480,49,124,70,3260,50,127,80,2680,51,122,86,2800,52,118,70,1400,53,122,76,3020,54,122,76,3200,55,130,80,1600,56,111,76,3260,57,119,70,2480,58,119,74,2620,59,118,72,1440,60,126,80,3340,61,119,70,3140,62,125,80,1600,63,115,62,1240,64,118,70,3140,65,121,70,1400,66,120,76,3440,67,127,74,1480,68,119,66,2040,69,126,68,1360,70,126,82,2720,71,121,84,1680,72,123,68,2620,73,118,66,1320,74,115,82,1640,75,118,64,1280,76,127,78,2100,77,123,70,1400,78,116,70,1400,79,125,88,2300,80,123,90,2700,81,115,82,2660,82,117,64,1280,83,117,72,1440,84,126,80,1600,85,120,66,1320,86,118,64,1280,87,119,72,1440,88,116,66,1320,89,124,74,1480,90,127,86,1720,91,124,70,1400,92,130,74,1480,93,122,74,3040,94,120,76,1520,95,124,64,1280,96,120,68,1360,97,116,68,3640,98,121,84,1680,99,121,70,2960,100,119,76,2060
54,-107880,60213,1,125,88,1760,2,120,76,1520,3,127,76,2720,4,123,70,1400,5,116,74,3460,6,117,86,1720,7,119,62,1240,8,114,74,2740,9,117,78,3480,10,114,76,1520,11,120,78,1560,12,123,78,3480,13,118,80,2200,14,126,86,1720,15,110,74,1480,16,116,80,1600,17,118,82,1640,18,111,74,1480,19,122,82,4340,20,125,70,1400,21,118,82,4220,22,120,70,2300,23,121,76,2420,24,117,72,1440,25,133,84,4200,26,111,72,3180,27,122,82,3500,28,116,72,3180,29,117,74,1480,30,127,74,1480,31,125,66,1320,32,113,76,2420,33,123,84,1680,34,110,74,2980,35,119,70,1820,36,129,78,3900,37,122,74,3880,38,130,70,1400,39,124,68,1360,40,119,82,3500,41,118,90,1800,42,129,72,1440,43,128,86,3220,44,125,72,1440,45,123,92,4840,46,124,90,4440,47,114,70,1400,48,120,68,1360,49,119,82,4040,50,119,72,2640,51,120,82,2540,52,129,90,1800,53,110,64,2480,54,118,78,3420,55,120,68,1360,56,120,72,2880,57,125,88,2960,58,130,74,2740,59,134,76,1520,60,119,70,2840,61,116,96,4560,62,121,66,1320,63,127,78,1560,64,116,88,3980,65,128,90,1800,66,124,70,3140,67,110,76,1520,68,122,88,2660,69,116,80,1600,70,121,72,2340,71,113,64,1280,72,121,82,2900,73,127,84,1680,74,121,72,1440,75,126,80,1600,76,117,70,2000,77,117,78,1560,78,132,84,1680,79,117,72,1860,80,119,70,2300,81,121,70,2300,82,128,76,1520,83,133,78,1560,84,123,70,1400,85,124,88,1760,86,128,96,1920,87,124,74,1480,88,123,78,1560,89,116,68,1360,90,118,74,1480,91,114,78,1560,92,116,76,1520,93,113,78,3480,94,118,66,1320,95,119,80,1600,96,126,92,1840,97,128,86,4540,98,115,68,1360,99,122,94,3800,100,117,70,1940
55,-121410,61458,1,114,78,1560,2,120,66,1320,3,120,74,2800,4,111,76,1520,5,122,72,3360,6,119,68,1360,7,125,82,1640,8,126,82,2780,9,126,68,3100,10,121,70,1400,11,124,62,1240,12,110,74,3220,13,127,72,1920,14,122,76,1520,15,126,82,1640,16,117,72,1440,17,129,76,1520,18,127,74,1480,19,119,74,3820,20,119,78,1560,21,122,78,4020,22,128,94,3080,23,119,72,2340,24,134,82,1640,25,123,76,3920,26,128,86,3760,27,114,68,2800,28,131,84,3600,29,123,72,1440,30,118,74,1480,31,124,80,1600,32,128,74,2680,33,119,70,1400,34,130,70,2720,35,121,94,2360,36,121,72,3960,37,114,70,3740,38,119,76,1520,39,117,90,1800,40,118,74,2980,41,123,74,1480,42,118,66,1320,43,117,74,2800,44,114,70,1400,45,120,80,4120,46,114,74,3700,47,132,84,1680,48,116,90,1800,49,123,74,3400,50,126,72,2520,51,116,68,2200,52,124,78,1560,53,114,88,3080,54,125,70,2840,55,119,78,1560,56,108,72,3180,57,121,78,2640,58,116,78,2700,59,118,76,1520,60,132,94,3620,61,117,80,3820,62,113,78,1620,63,122,70,1400,64,122,80,3580,65,120,78,1560,66,114,74,3400,67,119,76,1520,68,117,76,2420,69,125,66,1320,70,117,76,2360,71,125,76,1520,72,116,66,2340,73,120,70,1400,74,116,66,1320,75,113,64,1280,76,130,76,2180,77,123,74,1480,78,124,72,1440,79,131,80,2080,80,122,88,2960,81,125,90,3000,82,117,68,1360,83,124,72,1440,84,116,78,1620,85,113,74,1480,86,124,72,1440,87,110,68,1360,88,110,68,1360,89,123,84,1680,90,126,70,1400,91,125,66,1320,92,120,68,1360,93,120,70,2900,94,120,80,1600,95,121,72,1440,96,120,76,1520,97,120,76,3980,98,127,80,1600,99,118,80,3100,100,128,80,2200
56,-122865,62641,1,123,66,1320,2,122,90,1800,3,117,74,2800,4,124,76,1520,5,118,80,3940,6,122,88,1760,7,116,74,1480,8,119,72,2520,9,116,72,3240,10,120,94,1880,11,126,86,1720,12,129,88,3560,13,115,82,2240,14,112,68,1360,15,123,70,1400,16,127,74,1480,17,119,76,1520,18,113,78,1560,19,122,72,3660,20,122,64,1280,21,117,62,3160,22,123,80,2740,23,123,80,2560,24,130,70,1400,25,126,70,3380,26,118,74,3280,27,123,78,3000,28,121,72,2940,29,111,76,1520,30,121,68,1360,31,114,74,1480,32,116,68,2140,33,124,76,1520,34,118,72,2820,35,119,80,2020,36,127,74,3880,37,124,86,4600,38,124,72,1440,39,121,70,1400,40,127,68,2740,41,115,70,1400,42,130,82,1640,43,119,74,2860,44,126,74,1480,45,112,74,3640,46,123,76,3500,47,127,72,1440,48,118,76,1520,49,118,68,3040,50,115,74,2500,51,117,86,2800,52,117,74,1480,53,118,78,2880,54,117,74,2920,55,125,68,1360,56,124,76,2960,57,120,70,2420,58,125,74,2560,59,120,68,1360,60,123,82,3080,61,112,72,3420,62,119,68,1420,63,118,84,1680,64,117,64,2780,65,118,66,1320,66,125,70,2900,67,125,70,1400,68,125,72,2400,69,119,84,1680,70,129,72,2520,71,122,66,1320,72,119,84,3060,73,131,92,1840,74,117,86,1720,75,126,76,1520,76,119,70,1940,77,119,68,1360,78,111,80,1600,79,128,70,1820,80,122,76,2300,81,124,86,2860,82,125,96,1920,83,113,74,1480,84,118,70,1460,85,126,78,1560,86,107,74,1480,87,125,72,1440,88,125,78,1560,89,124,72,1440,90,112,76,1520,91,121,80,1600,92,120,82,1640,93,115,86,3100,94,114,66,1320,95,111,70,1400,96,122,72,1440,97,123,68,3580,98,124,72,1440,99,127,70,2780,100,121,72,2040
57,-117340,63871,1,117,80,1600,2,123,76,1520,3,124,72,2580,4,111,66,1320,5,122,66,3060,6,115,74,1480,7,124,66,1320,8,126,78,2700,9,127,74,3220,10,121,76,1520,11,116,70,1400,12,118,80,3340,13,115,76,2120,14,124,84,1680,15,110,70,1400,16,116,80,1600,17,124,72,1440,18,114,68,1360,19,116,82,4220,20,119,76,1520,21,125,78,4200,22,116,68,2020,23,121,74,2440,24,115,76,1520,25,114,78,4020,26,126,70,2840,27,118,76,3020,28,119,84,3600,29,120,74,1480,30,119,78,1560,31,123,78,1560,32,119,74,2260,33,112,68,1360,34,133,72,2880,35,126,72,1740,36,114,70,3440,37,121,70,3500,38,113,76,1520,39,113,82,1640,40,116,78,3180,41,129,86,1720,42,122,76,1520,43,123,78,3000,44,113,72,1440,45,126,86,4240,46,108,74,3640,47,114,80,1600,48,121,64,1280,49,120,96,4200,50,121,74,2620,51,125,80,2560,52,124,72,1440,53,119,68,2500,54,127,74,2980,55,121,88,1760,56,116,66,2460,57,116,86,2860,58,116,70,2540,59,117,80,1600,60,119,72,2580,61,130,84,3840,62,126,92,1960,63,123,74,1480,64,118,86,3700,65,127,88,1760,66,110,78,3480,67,113,78,1560,68,116,70,2360,69,127,68,1360,70,111,72,2400,71,116,84,1680,72,116,72,2520,73,124,70,1400,74,124,80,1600,75,117,62,1240,76,125,90,2880,77,122,92,1840,78,119,70,1400,79,117,64,1580,80,113,70,2180,81,112,74,2140,82,123,74,1480,83,128,82,1640,84,123,92,1960,85,119,74,1480,86,120,80,1600,87,110,78,1560,88,120,66,1320,89,108,76,1520,90,124,62,1240,91,118,74,1480,92,118,72,1440,93,123,72,2760,94,120,82,1640,95,123,80,1600,96,113,72,1440,97,120,88,4820,98,109,78,1560,99,112,72,2760,100,117,80,2500
58,-121465,65089,1,116,74,1480,2,115,72,1440,3,111,78,2880,4,118,84,1680,5,121,86,3880,6,125,76,1520,7,116,82,1640,8,115,72,2580,9,118,68,2980,10,114,74,1480,11,126,80,1600,12,125,78,3180,13,119,68,2080,14,115,72,1440,15,127,82,1700,16,121,68,1360,17,105,84,1680,18,121,72,1440,19,119,68,3580,20,124,70,1400,21,125,68,3580,22,124,78,2280,23,115,72,2700,24,124,66,1320,25,122,74,3760,26,112,78,3360,27,125,72,3180,28,121,74,3100,29,117,68,1360,30,122,66,1320,31,116,74,1480,32,126,70,2480,33,126,80,1600,34,123,78,3120,35,109,80,2020,36,124,84,4200,37,121,92,4480,38,122,70,1400,39,120,74,1480,40,121,72,3000,41,117,76,1520,42,115,68,1360,43,116,74,3040,44,129,80,1600,45,120,76,3740,46,114,74,3460,47,119,70,1400,48,116,82,1640,49,120,80,3280,50,116,68,2320,51,119,72,2520,52,113,70,1460,53,130,86,3040,54,110,84,3420,55,114,76,1520,56,127,86,3100,57,127,68,2320,58,131,76,2660,59,121,72,1440,60,120,72,2820,61,123,74,3460,62,122,84,1740,63,113,70,1400,64,123,74,3160,65,125,78,1560,66,118,68,2980,67,118,68,1360,68,132,86,2980,69,118,84,1680,70,122,78,2640,71,119,70,1400,72,128,84,3120,73,111,86,1720,74,118,74,1480,75,123,74,1480,76,109,66,1920,77,116,78,1560,78,125,96,1920,79,126,80,2020,80,128,76,2600,81,125,78,2280,82,112,66,1320,83,123,72,1440,84,117,80,1660,85,120,64,1280,86,113,64,1280,87,119,70,1400,88,119,94,1880,89,119,84,1680,90,117,80,1600,91,123,70,1400,92,132,74,1480,93,113,78,3240,94,117,72,1440,95,117,66,1320,96,130,82,1640,97,119,72,3720,98,118,70,1400,99,129,82,3320,100,122,70,2060
59,-109500,66318,1,125,66,1320,2,131,88,1760,3,123,76,2840,4,125,74,1480,5,114,68,3220,6,117,62,1240,7,118,66,1320,8,129,80,2860,9,124,78,3180,10,128,74,1480,11,122,72,1440,12,111,74,3100,13,131,88,2540,14,134,78,1560,15,119,72,1500,16,110,88,1760,17,108,80,1600,18,115,74,1480,19,123,88,4700,20,117,76,1520,21,118,86,4660,22,120,70,2120,23,128,70,2240,24,114,78,1560,25,120,82,4340,26,115,68,2800,27,114,72,3000,28,116,82,3740,29,124,88,1760,30,132,84,1680,31,127,74,1480,32,121,74,2680,33,115,66,1320,34,119,76,3140,35,113,72,1860,36,116,70,3620,37,119,82,3980,38,111,96,1920,39,120,72,1440,40,120,78,3480,41,124,74,1480,42,121,74,1480,43,124,76,3140,44,121,70,1400,45,117,82,4220,46,129,80,3520,47,117,92,1840,48,122,70,1400,49,120,62,2500,50,122,78,2640,51,133,80,2620,52,134,80,1660,53,126,80,2920,54,114,68,2920,55,123,64,1280,56,123,76,2840,57,116,80,2680,58,118,80,2860,59,117,72,1440,60,118,74,2800,61,111,70,3320,62,117,72,1500,63,131,76,1520,64,121,70,3020,65,111,64,1280,66,124,80,3700,67,125,94,1880,68,125,76,2360,69,123,72,1440,70,114,70,2420,71,125,90,1800,72,121,78,2880,73,115,78,1560,74,124,68,1360,75,115,66,1320,76,120,92,2860,77,117,68,1360,78,119,82,1640,79,120,70,1820,80,117,74,2680,81,118,74,2200,82,126,76,1520,83,109,74,1480,84,123,70,1460,85,121,70,1400,86,123,90,1800,87,123,88,1760,88,122,84,1680,89,120,70,1400,90,121,72,1440,91,112,74,1480,92,119,80,1600,93,121,70,2900,94,128,82,1640,95,125,88,1760,96,129,68,1360,97,127,64,3080,98,123,94,1880,99,120,70,2900,100,114,84,2460
60,-117730,67553,1,121,82,1640,2,126,74,1480,3,121,68,2620,4,119,70,1400,5,123,76,3380,6,121,76,1520,7,125,78,1560,8,119,76,2660,9,113,80,3580,10,117,78,1560,11,111,72,1440,12,127,86,3700,13,122,72,1980,14,117,78,1560,15,126,70,1460,16,120,78,1560,17,114,74,1480,18,126,78,1560,19,114,70,3500,20,122,60,1200,21,123,86,4480,22,126,90,2820,23,114,72,2400,24,120,66,1320,25,117,76,3860,26,124,88,3860,27,122,84,3840,28,121,74,3400,29,114,72,1440,30,125,62,1240,31,111,84,1680,32,114,74,2800,33,118,86,1720,34,122,64,2780,35,127,90,2460,36,126,86,4360,37,119,76,3860,38,117,72,1440,39,123,72,1440,40,122,66,2760,41,113,70,1400,42,115,60,1200,43,116,70,2900,44,115,84,1680,45,122,78,3900,46,120,74,3520,47,125,76,1520,48,119,84,1680,49,117,88,3380,50,113,64,2240,51,131,68,2560,52,131,70,1460,53,121,74,2740,54,120,86,3880,55,123,84,1680,56,119,72,2820,57,130,64,2240,58,121,70,2540,59,129,72,1440,60,126,74,2860,61,127,80,3640,62,128,80,1660,63,114,76,1520,64,119,86,3520,65,117,86,1720,66,120,72,3360,67,118,80,1600,68,117,66,2280,69,112,70,1400,70,125,74,2680,71,124,76,1520,72,118,72,2760,73,120,68,1360,74,116,80,1600,75,120,86,1720,76,123,74,2500,77,125,84,1680,78,124,72,1440,79,122,86,2380,80,128,72,2760,81,119,76,2540,82,118,68,1360,83,126,80,1600,84,110,82,1700,85,121,86,1720,86,114,70,1400,87,118,72,1440,88,114,72,1440,89,126,86,1720,90,109,74,1480,91,125,78,1560,92,127,74,1480,93,112,88,3920,94,122,68,1360,95,111,66,1320,96,120,70,1400,97,124,78,3780,98,113,68,1360,99,128,98,4120,100,121,76,2120
61,-116130,68775,1,119,76,1520,2,119,72,1440,3,126,86,3220,4,124,106,2120,5,118,70,3260,6,119,68,1360,7,115,62,1240,8,125,76,2780,9,117,68,2980,10,121,66,1320,11,127,90,1800,12,124,78,3180,13,113,78,2100,14,121,74,1480,15,117,74,1540,16,123,64,1280,17,128,80,1600,18,114,60,1200,19,130,76,4280,20,121,74,1480,21,122,80,4120,22,125,76,2540,23,124,78,2520,24,119,86,1720,25,120,74,3760,26,118,74,3100,27,111,70,3140,28,114,82,3920,29,133,86,1720,30,122,72,1440,31,114,70,1400,32,126,74,2500,33,125,78,1560,34,113,70,3200,35,122,80,2200,36,119,70,3560,37,127,68,3640,38,134,84,1680,39,113,72,1440,40,120,88,3860,41,131,76,1520,42,124,78,1560,43,124,84,3480,44,119,70,1400,45,111,88,4820,46,125,62,2740,47,123,66,1320,48,121,76,1520,49,124,80,3220,50,109,82,2840,51,122,72,2760,52,124,78,1620,53,114,70,2900,54,117,74,3220,55,120,78,1560,56,128,72,2700,57,129,88,2960,58,113,86,2980,59,119,78,1560,60,113,78,2820,61,117,68,2860,62,123,74,1480,63,121,66,1320,64,125,80,3160,65,123,74,1480,66,121,78,3840,67,124,74,1480,68,119,88,2720,69,125,78,1560,70,122,82,2960,71,121,64,1280,72,131,78,2940,73,122,88,1760,74,120,64,1280,75,119,72,1440,76,116,66,2100,77,116,70,1400,78,111,74,1480,79,118,72,2040,80,112,66,2340,81,127,74,2500,82,116,84,1680,83,115,70,1400,84,115,72,1440,85,124,82,1640,86,129,80,1600,87,131,78,1560,88,127,78,1560,89,119,70,1400,90,127,78,1560,91,121,64,1280,92,114,74,1480,93,114,74,3100,94,122,88,1760,95,119,76,1520,96,120,84,1680,97,116,66,3300,98,125,82,1640,99,125,78,3180,100,120,68,1900
62,-117180,69996,1,126,80,1600,2,128,76,1520,3,123,80,2980,4,121,90,1800,5,121,80,3700,6,128,82,1640,7,122,78,1560,8,121,74,2680,9,129,88,3680,10,122,102,2040,11,117,72,1440,12,116,80,3520,13,116,62,1960,14,112,70,1400,15,125,70,1460,16,123,84,1680,17,118,70,1400,18,128,70,1400,19,126,72,3720,20,109,60,1200,21,117,76,3980,22,122,70,2300,23,117,70,2240,24,126,68,1360,25,123,74,3820,26,127,76,3620,27,128,76,3320,28,120,76,3560,29,129,68,1360,30,116,72,1440,31,128,74,1480,32,111,76,2720,33,116,68,1360,34,123,68,2680,35,114,74,2020,36,123,88,4580,37,126,80,4120,38,121,70,1400,39,124,76,1520,40,114,72,3120,41,118,82,1640,42,120,68,1360,43,113,72,2760,44,125,94,1880,45,113,78,4080,46,118,80,3580,47,122,82,1700,48,115,68,1360,49,117,72,3300,50,113,72,2700,51,114,74,2440,52,117,62,1300,53,125,84,3060,54,114,72,3240,55,123,72,1440,56,118,76,2960,57,121,76,2780,58,118,76,2720,59,123,64,1280,60,122,76,2960,61,129,94,3860,62,115,68,1360,63,121,78,1560,64,115,76,3260,65,115,70,1400,66,113,70,3440,67,115,72,1440,68,125,72,2280,69,118,64,1280,70,121,64,2240,71,118,80,1600,72,121,74,2980,73,121,74,1540,74,123,86,1720,75,123,72,1440,76,122,82,2480,77,130,88,1760,78,127,80,1600,79,127,70,1940,80,121,88,2960,81,113,80,2500,82,118,78,1560,83,126,76,1520,84,132,84,1680,85,120,70,1400,86,123,76,1520,87,119,66,1320,88,116,66,1320,89,129,88,1760,90,117,66,1320,91,114,82,1640,92,131,74,1480,93,121,72,2940,94,118,76,1520,95,122,72,1440,96,119,66,1320,97,119,86,4120,98,115,74,1480,99,117,74,2980,100,122,94,2600
63,-107845,71221,1,124,68,1360,2,121,70,1400,3,122,70,2600,4,120,78,1560,5,123,70,3140,6,124,78,1560,7,121,66,1320,8,115,70,2600,9,122,74,3040,10,115,88,1760,11,134,84,1680,12,121,74,3040,13,124,72,2040,14,125,86,1720,15,112,72,1500,16,119,70,1400,17,125,76,1520,18,110,72,1440,19,114,74,4000,20,122,74,1480,21,125,70,3740,22,116,88,2960,23,133,92,2800,24,123,76,1640,25,115,72,3660,26,121,68,3040,27,113,74,3340,28,116,86,4360,29,117,78,1560,30,133,70,1400,31,112,78,1560,32,121,76,2600,33,117,90,1800,34,121,78,2880,35,128,90,2400,36,122,76,3800,37,113,70,3560,38,118,90,1800,39,114,70,1400,40,125,74,3160,41,119,72,1440,42,115,80,1600,43,122,78,2880,44,118,78,1560,45,123,80,4240,46,119,72,3180,47,116,66,1380,48,114,96,1920,49,122,72,3180,50,127,92,3220,51,125,80,2920,52,129,78,1620,53,123,78,2760,54,130,82,3500,55,109,78,1560,56,127,70,2660,57,113,74,2860,58,118,68,2560,59,124,86,1720,60,110,68,2620,61,123,80,3340,62,125,104,2260,63,113,66,1320,64,123,68,2860,65,128,76,1520,66,126,82,4280,67,132,86,1720,68,114,78,2520,69,127,74,1480,70,115,82,2960,71,119,64,1280,72,117,66,2580,73,120,66,1380,74,118,74,1480,75,111,74,1480,76,123,72,2160,77,124,76,1520,78,118,70,1400,79,115,78,2160,80,117,74,2560,81,122,84,2880,82,124,70,1400,83,118,70,1400,84,124,74,1540,85,127,96,1920,86,116,60,1200,87,125,76,1520,88,114,80,1600,89,120,70,1400,90,123,86,1720,91,115,68,1360,92,114,74,1480,93,111,78,3240,94,120,68,1360,95,115,76,1520,96,121,100,2000,97,119,76,3560,98,120,74,1480,99,127,74,3160,100,119,84,2280
64,-120085,72439,1,121,96,1920,2,122,90,1800,3,119,82,2840,4,123,70,1400,5,115,78,3660,6,123,64,1280,7,128,92,1840,8,126,86,3280,9,118,72,3060,10,113,74,1480,11,127,72,1440,12,116,74,3100,13,112,72,2040,14,114,70,1400,15,125,82,1700,16,123,90,1800,17,119,70,1400,18,125,76,1520,19,127,82,4460,20,112,62,1240,21,115,76,4220,22,122,72,2220,23,123,76,2240,24,122,68,1420,25,135,80,3880,26,128,78,3360,27,131,76,3260,28,123,84,4200,29,118,58,1160,30,122,64,1280,31,116,70,1400,32,117,66,2340,33,118,74,1480,34,118,68,2620,35,119,78,2100,36,113,76,3920,37,122,82,4340,38,125,80,1600,39,132,72,1440,40,119,76,3380,41,126,72,1440,42,117,66,1320,43,119,70,2660,44,122,68,1360,45,116,76,4040,46,124,72,3120,47,120,74,1720,48,116,76,1520,49,120,74,3220,50,117,78,2880,51,120,70,2480,52,124,66,1380,53,119,74,2680,54,115,74,3220,55,121,68,1360,56,118,72,2880,57,130,76,2840,58,126,90,3360,59,121,80,1600,60,121,82,3080,61,118,72,3120,62,118,82,1700,63,126,80,1600,64,116,72,3060,65,115,66,1320,66,119,80,4120,67,119,70,1400,68,117,66,2040,69,120,72,1440,70,123,66,2400,71,127,82,1640,72,124,82,3200,73,126,84,1920,74,123,70,1400,75,127,90,1800,76,110,78,2580,77,115,70,1400,78,124,90,1800,79,114,72,1980,80,124,72,2460,81,111,72,2220,82,115,80,1600,83,130,82,1640,84,114,72,1440,85,122,80,1600,86,122,88,1760,87,117,72,1440,88,118,64,1280,89,121,90,1800,90,119,76,1520,91,120,86,1720,92,126,80,1600,93,123,70,2900,94,123,76,1520,95,124,72,1440,96,120,84,1680,97,126,72,3600,98,113,68,1360,99,116,70,2900,100,124,78,2160
65,-116750,73663,1,122,80,1600,2,112,66,1320,3,118,68,2560,4,116,74,1480,5,121,78,3660,6,121,86,1720,7,123,68,1360,8,121,78,2940,9,118,78,3480,10,128,78,1560,11,111,72,1440,12,126,80,3520,13,124,82,2240,14,128,86,1720,15,114,70,1460,16,116,80,1600,17,129,78,1560,18,120,58,1160,19,121,78,4260,20,119,72,1440,21,123,70,3680,22,113,76,2420,23,115,68,2260,24,118,82,1760,25,116,72,3660,26,123,76,3380,27,118,86,3700,28,121,76,3560,29,126,68,1360,30,116,82,1640,31,131,82,1640,32,122,90,3120,33,124,68,1360,34,137,86,3220,35,122,74,2020,36,120,78,4020,37,116,72,4020,38,120,72,1440,39,117,80,1600,40,122,68,2800,41,111,74,1480,42,126,82,1640,43,130,88,3260,44,121,86,1720,45,121,76,3980,46,112,80,3400,47,123,72,1740,48,117,68,1360,49,119,76,3500,50,124,74,2740,51,115,90,3300,52,125,84,1740,53,127,72,2640,54,127,84,3660,55,114,82,1640,56,127,74,2980,57,116,74,2740,58,121,86,3100,59,117,66,1320,60,118,74,2980,61,127,78,3360,62,118,68,1480,63,117,72,1440,64,129,80,3460,65,126,90,1800,66,117,72,3480,67,128,84,1680,68,125,82,2540,69,113,72,1440,70,117,92,3340,71,120,70,1400,72,114,70,2840,73,121,76,1820,74,106,78,1560,75,118,76,1520,76,110,66,2040,77,128,82,1640,78,121,80,1600,79,131,82,2180,80,113,78,2880,81,119,76,2420,82,118,66,1320,83,121,68,1360,84,129,80,1600,85,117,74,1480,86,117,74,1480,87,127,80,1600,88,118,90,1800,89,120,74,1480,90,121,70,1400,91,125,70,1400,92,117,74,1480,93,117,92,3820,94,113,70,1400,95,109,76,1520,96,119,70,1400,97,116,74,3760,98,128,78,1560,99,126,90,3780,100,117,74,2140
66,-119335,74823,1,116,74,1480,2,122,92,1840,3,130,92,3520,4,130,68,1360,5,114,72,3240,6,115,74,1480,7,119,82,1640,8,120,70,2480,9,127,68,2920,10,125,68,1360,11,129,78,1560,12,115,72,3000,13,120,66,1860,14,120,74,1480,15,125,74,1540,16,125,74,1480,17,127,70,1400,18,117,80,1600,19,120,74,3940,20,122,74,1480,21,119,82,4700,22,120,72,2340,23,127,82,2480,24,117,68,1480,25,132,90,4740,26,121,70,3080,27,125,78,3360,28,114,76,3440,29,123,96,1920,30,121,72,1440,31,127,70,1400,32,113,78,2760,33,119,98,1960,34,120,64,2360,35,119,72,1920,36,121,74,3700,37,123,80,4300,38,124,72,1440,39,124,68,1360,40,122,78,3420,41,130,82,1640,42,125,62,1240,43,134,72,2520,44,120,76,1520,45,116,78,4080,46,113,72,3240,47,116,72,1740,48,128,86,1720,49,121,70,3080,50,114,74,2860,51,121,82,2960,52,118,72,1500,53,117,76,3200,54,117,76,3320,55,116,66,1320,56,114,80,3160,57,126,72,2820,58,124,70,2480,59,126,84,1680,60,122,74,3040,61,126,72,3240,62,130,78,1740,63,131,80,1600,64,120,70,3020,65,118,76,1520,66,127,76,3440,67,119,64,1280,68,114,76,2360,69,126,78,1560,70,118,74,2800,71,124,86,1720,72,123,80,3340,73,116,74,1780,74,118,78,1560,75,119,68,1360,76,114,96,2880,77,125,74,1480,78,116,74,1480,79,127,74,1960,80,120,66,2520,81,120,72,2340,82,131,90,1800,83,124,86,1720,84,120,64,1340,85,125,74,1480,86,123,66,1320,87,117,70,1400,88,129,70,1400,89,114,70,1400,90,124,88,1760,91,116,76,1520,92,126,76,1520,93,121,82,3320,94,122,76,1520,95,122,78,1560,96,127,92,1840,97,121,74,3820,98,122,70,1400,99,118,74,3160,100,121,72,2280
67,-122800,75956,1,121,72,1440,2,123,76,1520,3,121,78,3060,4,114,72,1440,5,125,78,3360,6,128,70,1400,7,127,72,1440,8,128,90,3060,9,117,74,3220,10,123,88,1760,11,119,70,1400,12,134,90,3540,13,123,96,2580,14,117,66,1320,15,116,70,1400,16,120,76,1520,17,114,70,1400,18,120,66,1320,19,120,70,3740,20,115,72,1440,21,118,64,3620,22,123,76,2660,23,120,74,2380,24,121,88,1880,25,127,78,3780,26,124,94,4160,27,113,68,3040,28,125,76,3560,29,119,78,1560,30,114,68,1360,31,118,76,1520,32,123,74,2860,33,126,84,1680,34,121,82,3200,35,128,76,2000,36,120,84,4620,37,119,72,3900,38,110,76,1520,39,120,82,1640,40,117,62,2740,41,126,68,1360,42,121,76,1520,43,124,84,3240,44,117,68,1360,45,119,74,3880,46,127,80,3160,47,129,82,1940,48,126,72,1440,49,118,90,3600,50,126,78,3180,51,113,70,2480,52,133,80,1600,53,128,72,2940,54,122,72,3120,55,123,88,1760,56,122,70,2540,57,113,78,3180,58,115,76,2780,59,124,72,1440,60,114,64,2420,61,109,74,3040,62,123,72,1620,63,122,74,1480,64,128,86,3760,65,123,70,1400,66,115,72,3480,67,127,80,1600,68,121,76,2420,69,113,68,1360,70,127,66,2400,71,117,74,1480,72,115,74,2980,73,122,72,1740,74,124,70,1400,75,128,84,1680,76,117,80,2440,77,118,72,1440,78,123,76,1520,79,114,70,1880,80,116,84,3060,81,126,76,2660,82,120,78,1560,83,115,74,1480,84,122,86,1780,85,119,72,1440,86,121,86,1720,87,130,78,1560,88,117,76,1520,89,124,80,1600,90,116,74,1480,91,121,70,1400,92,115,74,1480,93,115,78,3240,94,116,72,1440,95,121,70,1400,96,117,76,1520,97,117,82,4520,98,115,86,1720,99,125,74,3160,100,113,70,2120
68,-117170,77140,1,115,74,1480,2,114,66,1320,3,123,70,2720,4,128,76,1520,5,118,68,3100,6,114,74,1480,7,113,72,1440,8,117,76,2600,9,125,68,2860,10,119,74,1480,11,129,86,1720,12,129,76,3020,13,114,70,1940,14,130,82,1640,15,132,90,1800,16,117,72,1440,17,128,80,1600,18,116,88,1760,19,122,106,5480,20,130,82,1640,21,120,78,4320,22,121,78,2640,23,120,66,2220,24,115,68,1420,25,118,82,4340,26,118,78,3600,27,125,84,3540,28,120,80,3880,29,121,68,1360,30,126,86,1720,31,123,70,1400,32,113,70,2540,33,122,72,1440,34,120,68,2440,35,120,72,1920,36,122,76,4100,37,124,78,4260,38,122,88,1760,39,114,70,1400,40,123,72,3240,41,123,80,1600,42,112,72,1440,43,118,70,2480,44,129,82,1640,45,121,90,5160,46,122,70,3080,47,122,72,1800,48,113,74,1480,49,124,80,3460,50,119,70,2780,51,121,82,3260,52,123,74,1480,53,113,74,2800,54,110,74,3340,55,122,64,1280,56,116,82,3020,57,113,70,2780,58,123,68,2440,59,113,78,1560,60,122,90,3180,61,121,84,3360,62,111,74,1540,63,116,66,1320,64,123,78,3600,65,111,76,1520,66,130,84,3960,67,119,64,1280,68,114,72,2340,69,133,78,1560,70,123,84,3300,71,122,70,1400,72,125,78,3240,73,107,76,1880,74,110,84,1680,75,127,80,1600,76,121,76,2480,77,132,86,1720,78,118,68,1360,79,127,74,1960,80,121,70,2540,81,117,76,2600,82,124,82,1640,83,127,76,1520,84,113,76,1520,85,120,72,1440,86,117,70,1400,87,127,72,1440,88,122,64,1280,89,119,70,1400,90,125,70,1400,91,114,80,1600,92,127,76,1520,93,119,76,3080,94,137,70,1400,95,115,88,1760,96,120,72,1440,97,118,82,4580,98,115,72,1440,99,109,76,3080,100,123,84,2580
69,-114405,78369,1,124,78,1560,2,129,82,1640,3,113,82,3200,4,119,70,1400,5,125,90,3840,6,124,74,1480,7,128,76,1520,8,125,74,2560,9,124,88,3860,10,123,68,1360,11,121,80,1600,12,119,82,3740,13,129,82,2360,14,120,74,1480,15,131,76,1520,16,132,82,1640,17,121,72,1440,18,123,78,1560,19,114,90,4740,20,122,74,1480,21,117,64,3560,22,118,76,2600,23,116,90,2760,24,123,84,1800,25,130,72,3540,26,118,72,3300,27,119,72,3240,28,120,74,3340,29,119,90,1800,30,122,74,1480,31,111,72,1440,32,131,86,3280,33,110,66,1320,34,117,84,3240,35,122,72,2040,36,112,74,4060,37,117,72,4140,38,119,72,1440,39,121,74,1480,40,110,76,3140,41,118,72,1440,42,130,86,1720,43,129,94,3440,44,122,70,1400,45,126,80,4480,46,113,80,3220,47,111,82,2060,48,125,84,1680,49,115,72,3060,50,121,80,3340,51,125,72,2760,52,115,72,1440,53,131,78,3120,54,121,80,3400,55,121,82,1640,56,118,70,2540,57,126,90,3540,58,116,82,2720,59,121,70,1400,60,116,76,2660,61,121,70,3020,62,125,78,1680,63,124,86,1720,64,116,66,2820,65,120,70,1400,66,123,74,3340,67,126,80,1600,68,136,74,2440,69,117,68,1360,70,116,68,2680,71,115,94,1880,72,117,70,2780,73,127,82,2060,74,111,68,1360,75,120,72,1440,76,113,72,2280,77,127,76,1520,78,123,86,1720,79,114,72,2040,80,115,96,3480,81,122,74,2560,82,120,72,1440,83,117,66,1320,84,117,74,1480,85,126,74,1480,86,123,78,1560,87,112,78,1560,88,119,82,1640,89,131,84,1680,90,109,78,1560,91,125,72,1440,92,114,68,1360,93,119,70,2780,94,122,68,1360,95,123,70,1400,96,120,74,1480,97,126,70,3560,98,128,84,1680,99,124,82,3020,100,118,66,1980
70,-121155,79545,1,117,72,1440,2,128,74,1480,3,115,78,3000,4,122,94,1880,5,117,74,3160,6,118,72,1440,7,111,66,1320,8,115,68,2320,9,116,68,2980,10,117,82,1640,11,114,72,1440,12,122,74,3100,13,124,74,2140,14,121,70,1400,15,115,74,1480,16,122,68,1360,17,113,76,1520,18,116,74,1480,19,115,74,3880,20,113,68,1360,21,120,84,4560,22,124,74,2500,23,119,78,2520,24,113,72,1500,25,118,92,4780,26,115,80,3820,27,125,72,3240,28,119,74,3340,29,122,68,1360,30,116,66,1320,31,125,84,1680,32,124,76,2900,33,118,88,1760,34,119,74,2800,35,105,86,2440,36,126,86,4600,37,120,74,4060,38,126,74,1480,39,116,68,1360,40,117,68,2740,41,135,80,1600,42,122,70,1400,43,126,80,2920,44,115,78,1560,45,119,74,4060,46,116,68,2860,47,120,76,1700,48,119,70,1400,49,131,86,3640,50,118,72,2880,51,112,78,3180,52,126,80,1600,53,126,74,2920,54,117,76,3320,55,112,74,1480,56,119,82,3020,57,122,72,2880,58,123,68,2320,59,112,78,1560,60,124,74,2860,61,120,90,3300,62,120,68,1420,63,119,70,1400,64,113,84,3360,65,129,88,1760,66,115,70,3260,67,119,72,1440,68,121,76,2480,69,123,80,1600,70,123,92,3460,71,119,82,1640,72,131,80,3100,73,121,68,1540,74,127,76,1520,75,122,74,1480,76,132,84,2640,77,118,72,1440,78,113,70,1400,79,132,76,2240,80,127,80,2980,81,114,72,2460,82,116,72,1440,83,128,78,1560,84,122,70,1400,85,118,70,1400,86,114,62,1240,87,118,72,1440,88,125,70,1400,89,125,78,1560,90,117,70,1400,91,115,78,1560,92,123,80,1600,93,123,92,3220,94,120,88,1760,95,113,82,1640,96,115,68,1360,97,119,72,3840,98,117,66,1320,99,116,74,2860,100,131,90,2820
71,-108125,80737,1,134,82,1640,2,113,78,1560,3,119,76,3080,4,117,82,1640,5,126,72,3180,6,126,78,1560,7,117,82,1640,8,124,84,3180,9,127,82,3380,10,122,78,1560,11,130,86,1720,12,111,72,3180,13,119,70,2000,14,120,98,1960,15,130,72,1440,16,116,86,1720,17,123,70,1400,18,127,72,1440,19,128,88,4640,20,123,84,1680,21,116,72,3600,22,115,76,2780,23,125,72,2400,24,129,78,1740,25,124,76,3500,26,119,76,3620,27,107,80,3400,28,108,80,3940,29,122,88,1760,30,121,88,1760,31,115,76,1520,32,119,66,2520,33,120,76,1520,34,128,68,2500,35,110,78,2280,36,118,78,4260,37,119,76,4160,38,118,72,1440,39,127,98,1960,40,122,94,4340,41,124,66,1320,42,116,88,1760,43,118,74,2620,44,116,70,1400,45,115,80,4540,46,120,74,2860,47,120,70,1700,48,125,82,1640,49,121,76,3200,50,135,82,3500,51,120,68,2620,52,124,74,1480,53,113,78,3120,54,127,74,3280,55,123,74,1480,56,124,80,2860,57,110,80,3460,58,117,92,3340,59,115,72,1440,60,117,76,2780,61,120,82,3020,62,126,88,1940,63,126,88,1760,64,120,72,3060,65,124,74,1480,66,134,80,3940,67,128,78,1560,68,123,72,2400,69,119,74,1480,70,118,68,2620,71,123,74,1480,72,127,74,2980,73,117,88,2060,74,120,70,1400,75,112,74,1480,76,127,80,2440,77,121,72,1440,78,127,84,1680,79,124,76,2240,80,118,70,2600,81,131,84,2940,82,132,84,1680,83,122,72,1440,84,119,86,1720,85,132,90,1800,86,122,72,1440,87,123,78,1560,88,114,76,1520,89,121,66,1320,90,131,84,1680,91,122,68,1360,92,116,70,1400,93,116,70,2540,94,127,78,1560,95,118,68,1360,96,117,84,1680,97,124,72,3780,98,125,86,1720,99,125,76,2660,100,118,80,2260
72,-125915,81900,1,129,72,1440,2,114,64,1280,3,119,68,2620,4,123,72,1440,5,115,68,3160,6,114,66,1320,7,119,64,1280,8,120,74,2620,9,115,70,3080,10,115,74,1480,11,124,64,1280,12,128,80,3280,13,127,88,2360,14,122,88,1760,15,118,72,1440,16,120,78,1560,17,115,84,1680,18,113,78,1560,19,119,74,4000,20,115,68,1360,21,130,80,4060,22,119,76,2780,23,117,80,2860,24,123,70,1520,25,111,72,3540,26,114,72,3300,27,111,76,3440,28,116,74,3400,29,122,62,1240,30,119,74,1480,31,119,72,1440,32,125,82,3020,33,120,66,1320,34,117,72,2520,35,119,74,2200,36,122,74,3940,37,130,70,3740,38,134,82,1640,39,121,82,1640,40,120,78,3600,41,115,86,1720,42,116,74,1480,43,124,70,2480,44,132,84,1680,45,118,76,4160,46,118,68,2740,47,132,90,2220,48,118,68,1360,49,122,74,3040,50,127,76,3200,51,118,94,3800,52,116,70,1400,53,116,66,2580,54,114,74,3400,55,116,66,1320,56,116,72,2460,57,117,70,3080,58,125,74,2620,59,126,78,1560,60,120,70,2420,61,118,76,2900,62,121,70,1520,63,126,76,1520,64,123,78,3420,65,115,70,1400,66,125,72,3360,67,124,70,1400,68,116,78,2820,69,121,72,1440,70,121,90,3720,71,118,72,1440,72,117,80,2980,73,124,78,1980,74,115,84,1680,75,131,92,1840,76,117,72,2340,77,113,76,1520,78,120,72,1440,79,116,68,2080,80,118,88,3140,81,123,78,2820,82,128,72,1440,83,110,68,1360,84,121,78,1560,85,119,72,1440,86,113,74,1480,87,115,68,1360,88,124,70,1400,89,120,84,1680,90,124,76,1520,91,111,76,1520,92,133,84,1680,93,127,74,2800,94,119,68,1360,95,121,88,1760,96,120,76,1520,97,112,76,3980,98,116,68,1360,99,117,76,2840,100,124,70,1940
73,-110230,83113,1,112,84,1680,2,125,80,1600,3,120,96,3840,4,106,66,1320,5,129,80,3760,6,123,82,1640,7,122,86,1720,8,127,76,2840,9,130,78,3540,10,125,76,1520,11,125,94,1880,12,116,84,3660,13,117,76,2120,14,115,74,1480,15,130,74,1480,16,119,76,1520,17,125,70,1400,18,117,64,1280,19,119,68,3640,20,122,96,1920,21,118,78,4260,22,121,76,2660,23,119,76,2660,24,122,86,1900,25,125,80,3760,26,129,78,3540,27,118,78,3540,28,126,84,3900,29,122,80,1600,30,122,66,1320,31,124,70,1400,32,116,74,2920,33,122,82,1640,34,130,78,2880,35,125,74,2260,36,114,72,4020,37,120,78,4200,38,130,66,1320,39,119,68,1360,40,118,66,2760,41,122,74,1480,42,123,72,1440,43,114,80,2920,44,125,80,1600,45,120,70,3680,46,126,84,3240,47,129,68,1660,48,126,92,1840,49,117,74,3100,50,116,76,3380,51,123,78,3120,52,125,74,1480,53,120,90,3720,54,119,76,3500,55,121,90,1800,56,139,94,3140,57,131,82,3500,58,111,80,2920,59,116,72,1440,60,119,82,2900,61,126,72,3000,62,115,92,2080,63,123,64,1280,64,116,60,2700,65,131,80,1600,66,115,82,3860,67,114,80,1600,68,119,68,2500,69,113,74,1480,70,115,76,3080,71,122,72,1440,72,120,72,2880,73,120,68,1660,74,117,72,1440,75,118,82,1640,76,131,80,2740,77,118,72,1440,78,122,72,1440,79,126,84,2460,80,120,74,2920,81,117,72,2580,82,113,76,1520,83,124,70,1400,84,119,70,1460,85,122,74,1480,86,129,86,1720,87,130,84,1680,88,111,86,1720,89,121,70,1400,90,115,72,1440,91,121,78,1560,92,121,76,1520,93,113,76,3140,94,126,80,1600,95,116,82,1640,96,122,74,1480,97,126,72,3600,98,127,92,1840,99,128,80,3220,100,116,80,2200
74,-128845,84273,1,117,78,1560,2,114,70,1400,3,117,76,2840,4,117,78,1560,5,121,66,3060,6,118,76,1520,7,114,68,1360,8,120,70,2660,9,127,72,3180,10,118,70,1400,11,120,78,1560,12,119,78,3300,13,122,72,2040,14,129,78,1560,15,118,78,1560,16,122,62,1240,17,106,72,1440,18,128,92,1840,19,120,88,4340,20,118,86,1720,21,121,70,3920,22,115,74,2740,23,122,76,2720,24,117,82,1820,25,120,72,3540,26,119,76,3740,27,130,70,3080,28,120,72,3120,29,118,64,1280,30,123,94,1880,31,113,74,1480,32,123,78,3240,33,116,74,1480,34,118,70,2720,35,115,76,2240,36,127,80,4420,37,121,68,3640,38,128,82,1640,39,130,78,1560,40,128,76,3140,41,111,70,1400,42,114,78,1560,43,120,74,2800,44,121,72,1440,45,113,84,4080,46,125,78,3060,47,111,68,1600,48,124,76,1520,49,122,76,3200,50,121,68,2860,51,116,70,2600,52,114,70,1400,53,120,74,2800,54,114,72,3120,55,113,72,1440,56,133,72,2220,57,124,66,2820,58,111,74,2740,59,132,82,1640,60,124,68,2140,61,118,76,3020,62,123,80,1900,63,121,72,1440,64,120,78,3660,65,122,68,1360,66,120,70,3080,67,117,66,1320,68,128,82,2840,69,127,76,1520,70,124,64,2480,71,114,78,1560,72,122,72,2580,73,124,82,1880,74,131,86,1720,75,120,72,1440,76,125,72,2400,77,129,84,1680,78,113,76,1520,79,122,74,2200,80,119,66,3000,81,126,80,2860,82,117,74,1480,83,104,80,1600,84,127,88,1880,85,116,70,1400,86,123,72,1440,87,123,74,1480,88,114,70,1400,89,118,82,1640,90,135,78,1560,91,115,66,1320,92,117,66,1320,93,123,76,3320,94,121,70,1400,95,117,72,1440,96,114,70,1400,97,118,80,4420,98,119,74,1480,99,123,76,3320,100,122,72,1980
75,-115050,85488,1,120,70,1400,2,132,74,1480,3,120,74,2800,4,124,64,1280,5,119,80,3700,6,129,68,1360,7,125,92,1840,8,119,88,3260,9,114,76,3320,10,129,84,1680,11,120,74,1480,12,132,76,3320,13,111,72,1920,14,120,74,1480,15,130,70,1460,16,116,78,1560,17,119,76,1520,18,121,82,1640,19,121,78,4080,20,125,74,1480,21,116,86,5020,22,128,76,2600,23,117,70,2360,24,122,72,1560,25,122,88,4760,26,126,76,3560,27,118,78,3540,28,116,84,3900,29,130,84,1680,30,121,74,1480,31,139,80,1600,32,117,82,3740,33,125,72,1440,34,125,84,3600,35,121,76,2240,36,116,74,4000,37,128,78,4080,38,123,72,1440,39,120,72,1440,40,120,66,2760,41,123,76,1520,42,122,74,1480,43,120,80,3520,44,118,72,1440,45,116,72,3720,46,117,70,2780,47,129,82,2060,48,116,70,1400,49,115,74,3040,50,125,84,3300,51,127,80,2920,52,129,74,1540,53,117,72,2760,54,125,86,3700,55,131,84,1680,56,119,78,2460,57,120,76,3140,58,126,90,3300,59,122,68,1360,60,125,88,2660,61,126,68,2740,62,114,76,1760,63,116,68,1360,64,120,66,2760,65,121,92,1840,66,126,88,3980,67,134,84,1680,68,124,66,2280,69,117,74,1480,70,119,80,2920,71,116,70,1400,72,109,68,2500,73,111,72,1860,74,117,72,1440,75,120,72,1440,76,115,76,2600,77,126,74,1480,78,119,74,1480,79,120,70,2120,80,119,100,4100,81,114,74,2560,82,127,74,1480,83,116,78,1560,84,122,76,1640,85,129,76,1520,86,105,64,1280,87,114,66,1320,88,123,80,1600,89,126,74,1480,90,121,82,1640,91,125,92,1840,92,125,84,1680,93,118,72,3120,94,116,90,1800,95,131,78,1560,96,127,80,1600,97,117,66,3360,98,121,70,1400,99,118,74,3160,100,116,80,2380
76,-114700,86647,1,121,86,1720,2,121,68,1360,3,111,80,3400,4,119,74,1480,5,115,62,2800,6,114,68,1360,7,117,72,1440,8,115,74,2860,9,124,76,3560,10,119,70,1400,11,118,66,1320,12,115,84,3720,13,127,84,2220,14,123,68,1360,15,116,80,1660,16,120,72,1440,17,125,70,1400,18,115,74,1480,19,111,82,4400,20,115,72,1440,21,119,70,3740,22,115,78,2820,23,129,84,2940,24,108,76,1640,25,113,72,3600,26,122,76,3560,27,121,70,2960,28,121,74,3340,29,121,74,1480,30,115,70,1400,31,125,86,1720,32,118,72,3120,33,116,78,1560,34,114,76,3140,35,112,74,2260,36,121,72,4020,37,125,72,3840,38,111,76,1520,39,124,72,1440,40,131,94,4220,41,116,68,1360,42,110,68,1360,43,124,76,3140,44,126,80,1600,45,124,84,4260,46,133,86,3640,47,121,68,1600,48,130,76,1520,49,118,88,4160,50,120,72,2940,51,121,70,2540,52,117,76,1580,53,136,84,3480,54,122,72,3000,55,122,80,1600,56,121,64,1940,57,125,66,2820,58,123,84,3060,59,119,90,1800,60,120,72,2100,61,125,92,3760,62,120,74,1780,63,129,88,1760,64,124,86,3760,65,115,76,1520,66,117,74,3340,67,131,68,1360,68,121,80,2860,69,119,64,1280,70,123,72,2580,71,128,84,1680,72,128,88,2960,73,123,80,1840,74,132,78,1560,75,124,70,1400,76,121,68,2080,77,114,74,1480,78,122,64,1280,79,127,94,2660,80,127,82,3320,81,126,86,2980,82,116,76,1520,83,119,70,1400,84,118,68,1540,85,117,74,1480,86,119,78,1560,87,123,94,1880,88,114,70,1400,89,111,76,1520,90,115,70,1400,91,121,76,1520,92,115,68,1360,93,128,86,3940,94,116,76,1520,95,119,68,1360,96,120,74,1480,97,123,88,4760,98,115,96,1920,99,116,80,3820,100,121,68,1900
77,-116105,87859,1,110,72,1440,2,123,102,2040,3,119,72,2940,4,122,62,1240,5,119,88,3680,6,133,86,1720,7,133,86,1720,8,128,74,2800,9,117,72,3360,10,120,84,1680,11,119,80,1600,12,125,82,3560,13,121,74,1900,14,123,90,1800,15,126,72,1500,16,117,72,1440,17,113,70,1400,18,126,72,1440,19,120,72,3720,20,127,80,1600,21,121,86,4540,22,124,76,2720,23,121,78,2760,24,131,80,1720,25,119,86,4600,26,115,76,3680,27,120,84,3480,28,115,76,3560,29,113,68,1360,30,128,72,1440,31,123,78,1560,32,127,72,2940,33,119,72,1440,34,122,76,3080,35,123,78,1980,36,125,72,4020,37,120,82,4160,38,120,74,1480,39,108,74,1480,40,125,76,3200,41,123,84,1680,42,124,76,1520,43,116,72,3000,44,122,70,1400,45,119,80,4000,46,128,74,2860,47,114,82,1940,48,116,72,1440,49,122,78,3480,50,126,80,3460,51,124,86,2740,52,122,70,1460,53,130,76,3020,54,111,84,3480,55,119,78,1560,56,121,84,2700,57,125,90,3660,58,114,78,2880,59,122,76,1520,60,122,76,2540,61,121,76,2900,62,120,70,1700,63,120,76,1520,64,114,72,3300,65,120,72,1440,66,123,72,3480,67,120,76,1520,68,116,74,2680,69,124,82,1640,70,109,66,2340,71,122,80,1600,72,120,74,2440,73,120,72,1740,74,124,70,1400,75,112,80,1600,76,119,88,2720,77,123,76,1520,78,127,80,1600,79,117,68,1780,80,123,72,2940,81,114,76,2720,82,119,64,1280,83,122,98,1960,84,127,92,2020,85,121,74,1480,86,116,68,1360,87,119,74,1480,88,132,80,1600,89,122,68,1360,90,126,80,1600,91,117,60,1200,92,126,88,1760,93,124,76,3320,94,120,68,1360,95,127,74,1480,96,120,66,1320,97,116,72,3900,98,123,80,1600,99,116,72,3240,100,114,92,2860
78,-124240,89018,1,127,88,1760,2,115,92,1840,3,135,80,3400,4,123,80,1600,5,122,70,2960,6,124,72,1440,7,133,66,1320,8,115,86,3340,9,136,80,3520,10,121,68,1360,11,120,74,1480,12,111,82,3560,13,117,70,1820,14,114,76,1520,15,112,76,1580,16,133,82,1640,17,130,68,1360,18,111,76,1520,19,123,76,4100,20,116,70,1400,21,118,74,3940,22,115,74,2620,23,108,64,2240,24,128,72,1500,25,128,78,4080,26,124,78,3780,27,116,74,2920,28,121,80,3880,29,125,92,1840,30,117,72,1440,31,115,70,1400,32,121,76,3380,33,132,72,1440,34,115,76,3140,35,121,70,1940,36,115,76,4160,37,113,66,3480,38,122,70,1400,39,117,74,1480,40,118,70,3080,41,118,74,1480,42,117,70,1400,43,130,76,3140,44,120,86,1720,45,121,70,3500,46,118,78,3060,47,118,74,1840,48,132,80,1600,49,116,78,3540,50,122,68,2740,51,111,74,2560,52,121,84,1740,53,114,80,3400,54,114,68,2800,55,127,70,1400,56,120,70,2240,57,122,72,2820,58,122,80,3220,59,117,72,1440,60,116,62,2080,61,125,74,2980,62,126,94,2180,63,118,74,1480,64,124,84,4020,65,120,68,1360,66,113,82,3920,67,123,68,1360,68,126,70,2360,69,118,68,1360,70,121,72,2520,71,117,66,1320,72,119,68,2320,73,116,72,1800,74,114,76,1520,75,117,74,1480,76,121,68,2140,77,115,68,1360,78,116,68,1360,79,128,86,2260,80,116,86,3580,81,122,76,2660,82,118,78,1560,83,112,82,1640,84,121,82,1880,85,114,64,1280,86,127,84,1680,87,120,70,1400,88,127,68,1360,89,120,80,1600,90,120,70,1400,91,118,80,1600,92,114,76,1520,93,114,76,3440,94,119,82,1640,95,115,72,1440,96,120,82,1640,97,124,82,4640,98,116,72,1440,99,128,80,3520,100,115,80,2440
79,-108040,90232,1,112,68,1360,2,125,74,1480,3,128,76,3020,4,117,70,1400,5,123,88,3980,6,112,74,1480,7,123,76,1520,8,123,74,2800,9,131,76,3260,10,125,82,1640,11,116,68,1360,12,117,76,3260,13,127,90,2460,14,119,68,1360,15,122,68,1360,16,129,66,1320,17,114,76,1520,18,125,72,1440,19,114,78,4260,20,125,82,1640,21,124,80,4240,22,123,72,2400,23,115,92,3220,24,115,74,1540,25,121,72,3660,26,116,70,3260,27,121,82,3680,28,114,74,3340,29,116,70,1400,30,131,74,1480,31,125,76,1520,32,112,74,3220,33,123,70,1400,34,124,68,2740,35,121,96,2640,36,123,74,4000,37,113,84,4800,38,113,90,1800,39,126,64,1280,40,125,84,3540,41,127,70,1400,42,131,84,1680,43,120,74,2860,44,121,78,1560,45,120,90,4440,46,127,70,2780,47,126,74,2020,48,129,64,1280,49,127,78,3420,50,121,86,3820,51,123,76,2540,52,115,72,1440,53,122,74,2980,54,124,86,3760,55,111,74,1480,56,121,82,2780,57,120,84,3780,58,112,74,2800,59,130,72,1440,60,118,82,2780,61,114,70,2780,62,117,78,1740,63,124,68,1360,64,117,76,3500,65,126,92,1840,66,116,70,3260,67,124,88,1760,68,113,82,3020,69,121,90,1800,70,113,68,2380,71,127,90,1800,72,123,88,3380,73,131,84,2220,74,121,68,1360,75,125,76,1520,76,126,100,3140,77,118,92,1840,78,120,78,1560,79,120,66,2040,80,119,78,3300,81,113,68,2320,82,120,66,1320,83,120,74,1480,84,120,74,1600,85,117,84,1680,86,121,70,1400,87,130,90,1800,88,118,76,1520,89,119,70,1400,90,122,98,1960,91,127,70,1400,92,120,66,1320,93,121,78,3480,94,125,76,1520,95,128,74,1480,96,116,70,1400,97,118,74,4240,98,134,88,1760,99,119,72,3360,100,118,72,2160
80,-122865,91417,1,124,70,1400,2,117,74,1480,3,122,72,2700,4,129,86,1720,5,115,70,3380,6,121,76,1520,7,116,66,1320,8,114,70,2840,9,119,70,3080,10,118,76,1520,11,123,104,2080,12,130,74,3160,13,117,80,2200,14,126,90,1800,15,115,86,1720,16,119,84,1680,17,117,72,1440,18,113,82,1640,19,120,70,3740,20,117,74,1480,21,120,68,3460,22,112,84,2760,23,119,78,2700,24,128,70,1400,25,122,74,3700,26,128,84,3660,27,120,74,3220,28,120,86,4000,29,127,76,1520,30,116,70,1400,31,118,72,1440,32,127,80,3220,33,114,78,1560,34,117,82,3080,35,121,80,2200,36,113,74,4060,37,127,76,4280,38,121,82,1640,39,117,88,1760,40,120,72,3060,41,114,84,1680,42,125,74,1480,43,119,74,2920,44,117,68,1360,45,116,84,4200,46,119,68,2800,47,109,72,1800,48,124,86,1720,49,120,76,3320,50,118,70,3140,51,115,70,2420,52,128,84,1680,53,117,70,2660,54,118,74,3220,55,127,74,1480,56,117,74,2380,57,121,70,3140,58,119,82,3080,59,115,84,1680,60,127,70,2300,61,124,78,3000,62,123,70,1520,63,120,86,1720,64,121,68,3100,65,120,72,1440,66,124,80,3880,67,121,70,1400,68,120,66,2460,69,124,70,1400,70,131,82,2660,71,120,80,1600,72,113,74,2740,73,127,74,1840,74,114,80,1600,75,120,72,1440,76,122,82,2420,77,118,80,1600,78,127,70,1400,79,122,82,2240,80,117,74,3100,81,119,78,2640,82,119,86,1720,83,120,70,1400,84,124,74,1600,85,123,70,1400,86,118,88,1760,87,125,70,1400,88,122,72,1440,89,124,82,1640,90,117,74,1480,91,111,72,1440,92,119,82,1640,93,112,70,2960,94,120,74,1480,95,119,82,1640,96,128,82,1640,97,113,68,3820,98,122,78,1560,99,130,70,2960,100,130,86,2620
81,-125090,92575,1,112,82,1640,2,126,70,1400,3,117,72,2940,4,125,74,1480,5,131,72,3480,6,117,76,1520,7,128,76,1520,8,126,74,2800,9,132,80,3520,10,123,70,1400,11,113,86,1720,12,115,84,3600,13,121,72,2040,14,116,76,1520,15,118,76,1520,16,122,72,1440,17,133,80,1600,18,123,70,1400,19,113,78,4080,20,123,72,1440,21,124,84,4140,22,116,80,2740,23,121,72,2640,24,114,70,1400,25,117,76,3860,26,122,68,2860,27,120,70,3140,28,121,86,3760,29,122,66,1320,30,125,80,1600,31,127,80,1600,32,122,74,3040,33,123,76,1520,34,122,76,2960,35,120,76,2120,36,119,70,3500,37,118,72,4200,38,116,76,1520,39,127,70,1400,40,127,72,3000,41,118,62,1240,42,107,76,1520,43,117,74,2920,44,123,76,1520,45,118,76,3920,46,127,84,3180,47,122,76,2000,48,123,72,1440,49,114,84,4020,50,123,90,3780,51,126,82,2720,52,122,74,1480,53,126,80,3100,54,121,72,3180,55,114,72,1440,56,124,66,2220,57,118,94,3860,58,121,70,2720,59,123,64,1280,60,121,72,2340,61,118,70,2900,62,116,86,1900,63,123,80,1600,64,122,92,3880,65,119,74,1480,66,117,72,3480,67,122,94,1880,68,122,80,2800,69,115,80,1600,70,126,72,2520,71,123,74,1480,72,128,80,2920,73,109,74,1960,74,118,68,1360,75,118,78,1560,76,111,76,2360,77,122,70,1400,78,111,72,1440,79,122,68,1960,80,120,70,2960,81,122,76,2660,82,122,80,1600,83,122,92,1840,84,114,66,1500,85,112,88,1760,86,117,68,1360,87,115,72,1440,88,110,72,1440,89,123,72,1440,90,126,74,1480,91,129,88,1760,92,118,72,1440,93,128,84,3240,94,116,68,1360,95,123,72,1440,96,122,68,1360,97,120,84,4620,98,114,70,1400,99,113,70,2960,100,121,70,2120
82,-118925,93799,1,116,68,1360,2,112,82,1640,3,131,78,3000,4,113,68,1360,5,116,70,3200,6,123,66,1320,7,117,64,1280,8,108,76,3140,9,124,68,2980,10,113,78,1560,11,114,74,1480,12,123,72,3060,13,116,78,2280,14,118,70,1400,15,125,66,1320,16,108,72,1440,17,126,66,1320,18,108,82,1640,19,127,74,3940,20,114,68,1360,21,120,72,3600,22,125,74,2440,23,122,76,2780,24,128,66,1320,25,118,70,3680,26,124,92,3760,27,124,90,3960,28,114,80,3580,29,118,82,1640,30,123,70,1400,31,117,70,1400,32,113,80,3700,33,115,74,1480,34,115,70,2780,35,125,80,2560,36,128,82,4280,37,132,74,4000,38,120,72,1440,39,116,76,1520,40,112,74,3100,41,122,76,1520,42,121,82,1640,43,123,68,2740,44,114,68,1360,45,117,74,3760,46,117,66,2520,47,111,64,1760,48,112,74,1480,49,117,78,3540,50,118,72,2880,51,121,70,2420,52,113,66,1320,53,120,74,2920,54,113,78,3720,55,130,80,1600,56,123,82,2840,57,123,74,2920,58,122,92,3460,59,119,90,1800,60,113,76,2720,61,131,84,2880,62,118,74,1660,63,117,72,1440,64,116,74,3160,65,121,60,1200,66,130,70,3380,67,114,78,1560,68,115,72,2700,69,120,78,1560,70,115,74,2500,71,115,76,1520,72,119,68,2560,73,125,80,2080,74,131,82,1640,75,121,76,1520,76,123,72,2220,77,113,90,1800,78,124,78,1560,79,118,86,2680,80,126,92,3940,81,110,70,2360,82,124,66,1320,83,116,76,1520,84,121,96,2100,85,113,82,1640,86,131,84,1680,87,131,80,1600,88,117,74,1480,89,111,76,1520,90,118,72,1440,91,117,68,1360,92,125,74,1480,93,120,76,2960,94,118,82,1640,95,112,74,1480,96,125,84,1680,97,125,80,4300,98,128,80,1600,99,122,66,2760,100,117,82,2540
83,-119870,95008,1,130,78,1560,2,117,74,1480,3,117,66,2580,4,124,78,1560,5,131,80,4000,6,116,82,1640,7,118,76,1520,8,117,74,2920,9,122,84,3600,10,121,70,1400,11,127,82,1640,12,117,74,3400,13,122,72,2160,14,124,86,1720,15,123,82,1700,16,118,76,1520,17,129,88,1760,18,113,64,1280,19,112,76,4100,20,128,78,1560,21,121,78,4020,22,114,74,2560,23,107,72,2700,24,114,82,1640,25,122,80,3880,26,125,80,3280,27,122,82,3560,28,120,76,3440,29,120,60,1200,30,109,76,1520,31,126,78,1560,32,115,72,3300,33,128,74,1480,34,131,78,3180,35,118,74,2440,36,118,76,3920,37,115,76,4400,38,126,80,1600,39,127,70,1400,40,126,82,3680,41,117,64,1280,42,117,72,1440,43,120,86,3340,44,126,82,1640,45,122,74,3940,46,134,82,3020,47,124,82,2060,48,125,82,1640,49,121,70,2960,50,130,78,3240,51,118,98,3280,52,118,80,1660,53,133,70,2660,54,116,74,3400,55,122,70,1400,56,115,64,2240,57,115,76,3200,58,114,82,3080,59,124,68,1360,60,122,74,2440,61,121,68,2740,62,127,76,1700,63,134,76,1520,64,125,70,2960,65,122,82,1640,66,113,74,3400,67,120,70,1400,68,132,80,2860,69,118,80,1600,70,123,78,2880,71,121,68,1360,72,126,90,3480,73,114,68,1780,74,123,68,1360,75,115,68,1360,76,116,72,2340,77,129,74,1480,78,117,66,1320,79,120,76,2480,80,125,78,3420,81,125,82,2720,82,126,84,1680,83,122,72,1440,84,115,80,1780,85,120,74,1480,86,127,76,1520,87,126,74,1480,88,125,68,1360,89,123,82,1640,90,137,82,1640,91,133,90,1800,92,121,76,1520,93,116,82,3740,94,124,74,1480,95,129,78,1560,96,121,64,1280,97,119,68,3520,98,117,72,1440,99,123,88,3860,100,119,66,2040
84,-130075,96125,1,122,74,1480,2,128,70,1400,3,125,84,3060,4,118,64,1280,5,123,70,3380,6,123,68,1360,7,122,62,1240,8,117,76,2960,9,116,76,3440,10,120,98,1960,11,120,70,1400,12,123,76,3440,13,113,78,2340,14,117,78,1560,15,122,72,1440,16,123,68,1360,17,120,76,1520,18,119,88,1760,19,120,76,4160,20,123,68,1360,21,118,72,3720,22,122,70,2240,23,122,82,2780,24,119,70,1400,25,114,76,3680,26,118,74,3280,27,114,76,3200,28,115,76,3680,29,121,82,1640,30,118,80,1600,31,122,70,1400,32,127,78,3540,33,110,80,1600,34,119,68,2740,35,125,74,2380,36,124,76,4100,37,126,72,4020,38,128,72,1440,39,118,74,1480,40,122,76,3200,41,124,72,1440,42,126,78,1560,43,126,70,2780,44,120,74,1480,45,115,74,4120,46,125,74,2980,47,119,70,1760,48,120,68,1360,49,116,80,3340,50,120,70,3020,51,125,76,2720,52,126,70,1400,53,121,78,2940,54,123,70,3080,55,113,94,1880,56,122,76,2720,57,124,72,3060,58,120,70,2840,59,123,96,1920,60,115,74,2680,61,116,86,3220,62,119,68,1540,63,120,74,1480,64,114,80,3220,65,120,74,1480,66,123,76,3680,67,127,86,1720,68,123,68,2500,69,125,70,1400,70,113,70,2600,71,122,82,1640,72,120,78,3000,73,127,80,1960,74,116,86,1720,75,122,86,1720,76,130,82,2600,77,117,84,1680,78,122,80,1600,79,118,72,2340,80,116,76,3500,81,123,72,2280,82,122,74,1480,83,111,70,1400,84,124,74,1660,85,120,66,1320,86,119,70,1400,87,115,66,1320,88,120,74,1480,89,121,72,1440,90,135,70,1400,91,124,74,1480,92,118,66,1320,93,121,74,3160,94,113,72,1440,95,125,64,1280,96,120,82,1640,97,122,76,3920,98,133,86,1720,99,117,74,3160,100,121,86,2560
85,-121730,97337,1,113,70,1400,2,114,74,1480,3,121,76,2660,4,126,74,1480,5,122,86,4060,6,112,82,1640,7,114,78,1560,8,123,76,3080,9,127,74,3400,10,123,80,1600,11,121,84,1680,12,112,74,3400,13,116,70,2000,14,121,78,1560,15,110,78,1560,16,117,78,1560,17,119,74,1480,18,125,78,1560,19,119,74,4000,20,116,92,1840,21,126,72,3780,22,114,86,3220,23,119,72,2640,24,121,90,1800,25,123,76,3680,26,127,76,3260,27,120,76,3440,28,121,76,3680,29,117,62,1240,30,126,68,1360,31,119,88,1760,32,115,76,3560,33,109,76,1520,34,125,92,3580,35,116,76,2600,36,114,72,3780,37,118,78,4440,38,113,76,1520,39,127,64,1280,40,116,70,3080,41,110,72,1440,42,118,68,1360,43,117,82,3380,44,119,64,1280,45,121,76,4280,46,120,72,2760,47,123,90,2100,48,117,88,1760,49,124,74,3160,50,121,78,3420,51,118,74,2920,52,114,72,1440,53,122,66,2460,54,115,82,3560,55,112,72,1440,56,114,68,2500,57,114,80,3460,58,125,96,3480,59,122,82,1640,60,125,74,2620,61,115,70,2720,62,128,88,1940,63,122,70,1400,64,120,74,2860,65,118,72,1440,66,114,76,3680,67,117,72,1440,68,122,78,2760,69,115,80,1600,70,129,84,3120,71,124,78,1560,72,120,76,2900,73,122,68,1660,74,121,72,1440,75,115,70,1400,76,122,70,2240,77,123,72,1440,78,120,68,1360,79,130,84,2760,80,123,78,3600,81,117,76,3020,82,118,68,1360,83,125,70,1400,84,114,74,1660,85,118,94,1880,86,124,90,1800,87,127,90,1800,88,115,66,1320,89,114,66,1320,90,121,74,1480,91,119,70,1400,92,129,88,1760,93,115,74,3160,94,122,80,1600,95,120,80,1600,96,124,72,1440,97,118,68,3580,98,129,74,1480,99,125,72,3120,100,116,64,1940
86,-127110,98517,1,132,76,1520,2,123,76,1520,3,116,74,2740,4,115,76,1520,5,115,80,3760,6,117,66,1320,7,118,64,1280,8,123,70,2600,9,113,72,3480,10,119,64,1280,11,115,76,1520,12,133,86,3760,13,129,78,2280,14,110,74,1480,15,121,78,1740,16,125,64,1280,17,123,64,1280,18,120,74,1480,19,128,72,3840,20,123,84,1680,21,118,78,4440,22,121,76,2780,23,127,72,2400,24,118,70,1400,25,116,78,4140,26,113,74,3340,27,121,70,2900,28,113,76,3680,29,119,78,1560,30,117,74,1480,31,128,74,1480,32,120,74,3400,33,121,78,1560,34,120,80,3400,35,121,70,2120,36,129,84,4260,37,122,76,4280,38,121,78,1560,39,120,86,1720,40,123,76,3200,41,124,76,1520,42,122,84,1680,43,119,74,3280,44,127,84,1680,45,108,74,4120,46,112,76,3200,47,122,74,1720,48,121,68,1360,49,110,70,3020,50,118,76,3380,51,121,68,2740,52,131,76,1700,53,118,80,2860,54,114,68,2860,55,129,82,1640,56,125,78,2760,57,118,76,3380,58,120,78,2760,59,114,74,1480,60,119,72,2640,61,131,94,3560,62,120,68,1480,63,119,86,1720,64,120,76,3140,65,130,74,1480,66,119,74,3640,67,127,78,1560,68,117,64,2240,69,123,68,1360,70,116,72,2820,71,118,68,1360,72,119,72,2760,73,117,80,1840,74,112,68,1360,75,129,78,1560,76,122,94,3140,77,109,78,1560,78,118,82,1640,79,126,68,2080,80,118,76,3440,81,123,72,2700,82,128,92,1840,83,108,82,1640,84,130,74,1600,85,127,76,1520,86,120,74,1480,87,120,70,1400,88,122,76,1520,89,125,72,1440,90,117,68,1360,91,127,82,1640,92,119,82,1640,93,127,78,3420,94,111,70,1400,95,122,66,1320,96,110,80,1600,97,122,80,4000,98,117,78,1560,99,111,74,3340,100,126,82,2600
87,-108480,99727,1,115,76,1520,2,116,68,1360,3,125,74,2740,4,123,68,1360,5,117,74,3580,6,117,94,1880,7,129,88,1760,8,116,78,2940,9,131,76,3380,10,124,86,1720,11,123,76,1520,12,120,76,3380,13,121,68,1720,14,133,86,1720,15,115,70,1580,16,121,82,1640,17,121,78,1560,18,121,68,1360,19,117,84,4560,20,117,74,1480,21,116,68,4000,22,118,76,2780,23,117,86,3220,24,122,88,1760,25,126,70,3560,26,127,80,3400,27,118,104,4240,28,121,76,3620,29,125,64,1280,30,127,68,1360,31,116,76,1520,32,115,72,3240,33,121,72,1440,34,115,72,2880,35,117,86,2440,36,116,72,3600,37,111,76,4340,38,119,70,1400,39,124,74,1480,40,113,74,3340,41,116,68,1360,42,112,72,1440,43,122,66,2760,44,121,70,1400,45,126,92,4900,46,125,72,2880,47,119,66,1500,48,118,94,1880,49,128,82,3380,50,123,76,3320,51,126,94,3740,52,115,74,1660,53,118,74,2740,54,120,98,4120,55,121,76,1520,56,119,66,2460,57,120,72,3240,58,120,66,2700,59,125,74,1480,60,126,82,2780,61,119,72,2880,62,119,92,1960,63,121,80,1600,64,117,74,2980,65,119,68,1360,66,117,72,3540,67,126,66,1320,68,122,90,3300,69,124,90,1800,70,124,82,3500,71,125,96,1920,72,129,74,2800,73,118,70,1580,74,125,80,1600,75,124,68,1360,76,117,78,2700,77,119,72,1440,78,127,78,1560,79,119,80,2320,80,123,76,3320,81,112,80,2860,82,118,80,1600,83,116,68,1360,84,115,80,1720,85,122,76,1520,86,121,66,1320,87,126,96,1920,88,116,66,1320,89,112,82,1640,90,133,82,1640,91,120,72,1440,92,125,76,1520,93,119,76,3380,94,124,86,1720,95,113,88,1760,96,114,68,1360,97,115,74,3880,98,125,74,1480,99,125,80,3460,100,117,70,2060
88,-113820,100902,1,119,66,1320,2,126,84,1680,3,115,76,2840,4,112,80,1600,5,119,74,3520,6,122,82,1640,7,125,78,1560,8,122,76,3080,9,122,80,3400,10,120,76,1520,11,113,74,1480,12,124,76,3320,13,122,92,2560,14,123,76,1520,15,131,86,1960,16,120,72,1440,17,115,62,1240,18,120,94,1880,19,118,66,3360,20,122,66,1320,21,127,94,5480,22,119,70,2420,23,117,74,2500,24,123,70,1400,25,118,82,4520,26,116,68,3160,27,120,88,3740,28,111,74,3520,29,123,88,1760,30,112,72,1440,31,123,70,1400,32,125,82,3560,33,114,78,1560,34,128,74,2920,35,123,76,2000,36,128,82,4160,37,121,84,4860,38,126,92,1840,39,120,72,1440,40,124,76,3020,41,128,82,1640,42,129,80,1600,43,119,78,3000,44,115,84,1680,45,118,78,4020,46,109,74,3040,47,122,86,1960,48,124,74,1480,49,120,76,3260,50,113,70,3260,51,115,80,3280,52,127,74,1720,53,124,72,2760,54,114,84,3660,55,114,68,1360,56,131,78,2940,57,126,76,3380,58,116,84,3240,59,116,68,1360,60,115,72,2820,61,131,74,3040,62,120,74,1540,63,122,74,1480,64,124,76,3080,65,129,88,1760,66,131,84,3720,67,120,102,2040,68,120,74,2500,69,119,76,1520,70,119,72,3120,71,114,76,1520,72,114,82,3500,73,122,90,2040,74,122,78,1560,75,120,94,1880,76,114,74,2980,77,126,78,1560,78,122,68,1360,79,126,68,1840,80,114,76,3440,81,112,68,2380,82,125,72,1440,83,124,80,1600,84,123,76,1580,85,121,70,1400,86,118,88,1760,87,121,82,1640,88,116,88,1760,89,117,68,1360,90,128,68,1360,91,123,74,1480,92,120,72,1440,93,122,72,2880,94,121,76,1520,95,120,70,1400,96,128,90,1800,97,122,70,3860,98,116,76,1520,99,120,68,2800,100,127,76,2300
89,-115885,102140,1,126,88,1760,2,115,76,1520,3,119,66,2520,4,115,68,1360,5,123,68,3220,6,113,78,1560,7,117,72,1440,8,119,64,2600,9,122,70,3200,10,121,70,1400,11,131,84,1680,12,114,74,3280,13,116,80,2260,14,115,72,1440,15,123,70,1580,16,126,76,1520,17,118,80,1600,18,122,72,1440,19,121,100,4640,20,122,92,1840,21,119,80,4600,22,119,100,3500,23,128,72,2460,24,113,80,1600,25,126,76,4100,26,129,78,3360,27,116,78,3300,28,125,78,3480,29,116,74,1480,30,124,76,1520,31,114,80,1600,32,114,70,3020,33,115,68,1360,34,120,70,2720,35,118,64,1880,36,117,78,4020,37,116,72,3960,38,125,82,1640,39,125,72,1440,40,118,68,2980,41,120,68,1360,42,122,72,1440,43,123,74,2800,44,120,70,1400,45,118,82,4580,46,125,82,3320,47,118,70,1580,48,114,68,1360,49,127,80,3640,50,129,84,3540,51,119,72,2880,52,116,76,1700,53,114,68,2560,54,118,76,3260,55,127,90,1800,56,121,74,2860,57,116,70,3260,58,120,66,2640,59,127,88,1760,60,128,86,3100,61,119,84,3360,62,119,70,1520,63,114,72,1440,64,116,76,3140,65,121,70,1400,66,124,76,3440,67,119,84,1680,68,113,68,2380,69,127,68,1360,70,121,70,2840,71,124,72,1440,72,116,70,2780,73,115,70,1580,74,116,70,1400,75,119,76,1520,76,122,76,2720,77,118,68,1360,78,123,90,1800,79,120,90,2400,80,120,74,3100,81,131,92,3340,82,109,78,1560,83,118,70,1400,84,111,70,1520,85,120,104,2080,86,117,66,1320,87,117,72,1440,88,120,70,1400,89,130,82,1640,90,116,80,1600,91,111,70,1400,92,117,74,1480,93,105,78,2880,94,117,70,1400,95,118,86,1720,96,120,70,1400,97,119,82,4460,98,125,68,1360,99,130,80,2920,100,119,72,2220
90,-100420,103405,1,117,72,1440,2,125,70,1400,3,123,84,3420,4,124,92,1840,5,119,84,4080,6,120,74,1480,7,133,76,1520,8,127,88,3440,9,113,80,3580,10,121,88,1760,11,125,70,1400,12,125,82,3620,13,121,70,1940,14,132,82,1640,15,117,80,1780,16,118,72,1440,17,119,68,1360,18,113,70,1400,19,113,78,3840,20,120,80,1600,21,124,70,3980,22,124,82,2840,23,115,78,2820,24,116,68,1360,25,122,72,3780,26,118,70,3320,27,122,74,3100,28,119,74,3280,29,123,64,1280,30,113,68,1360,31,126,74,1480,32,130,88,3740,33,121,96,1920,34,124,90,3300,35,122,78,1920,36,124,76,3980,37,134,88,4880,38,120,70,1400,39,115,74,1480,40,128,72,2880,41,127,74,1480,42,112,80,1600,43,115,70,2900,44,124,100,2000,45,125,76,4160,46,120,68,2920,47,127,82,1880,48,125,88,1760,49,116,72,3240,50,123,76,3380,51,121,82,3500,52,116,72,1620,53,116,86,3460,54,120,70,3020,55,125,72,1440,56,115,64,2420,57,126,74,3340,58,122,86,3400,59,117,72,1440,60,118,68,2500,61,127,74,3040,62,126,104,2320,63,129,88,1760,64,122,74,2980,65,120,94,1880,66,118,66,3120,67,126,76,1520,68,125,80,2860,69,111,70,1400,70,123,94,3740,71,111,86,1720,72,122,78,3000,73,133,84,1920,74,127,82,1640,75,121,70,1400,76,113,68,2320,77,127,84,1680,78,113,76,1520,79,122,72,1800,80,113,76,3500,81,124,72,2640,82,119,74,1480,83,127,86,1720,84,127,76,1760,85,120,82,1640,86,126,94,1880,87,130,88,1760,88,127,92,1840,89,124,76,1520,90,120,72,1440,91,123,76,1520,92,121,72,1440,93,120,78,2880,94,127,82,1640,95,130,80,1600,96,126,84,1680,97,120,70,3740,98,124,86,1720,99,121,66,2640,100,130,76,2240
91,-121730,104555,1,126,76,1520,2,119,72,1440,3,117,72,2760,4,118,74,1480,5,117,62,2740,6,121,66,1320,7,122,84,1680,8,122,78,3060,9,124,76,3500,10,118,78,1560,11,114,82,1640,12,118,78,3540,13,127,92,2380,14,127,74,1480,15,120,66,1440,16,127,76,1520,17,123,86,1720,18,128,80,1600,19,124,72,3420,20,122,70,1400,21,119,90,5100,22,121,80,2800,23,123,74,2440,24,124,86,1720,25,119,78,4320,26,128,86,4000,27,115,78,3660,28,121,76,3740,29,120,90,1800,30,125,80,1600,31,115,76,1520,32,121,72,3000,33,115,70,1400,34,111,74,2920,35,121,68,1720,36,112,76,4340,37,128,68,3640,38,126,92,1840,39,124,64,1280,40,117,74,2920,41,115,78,1560,42,119,64,1280,43,129,74,2920,44,116,82,1640,45,113,70,3740,46,120,86,3880,47,126,72,1680,48,115,76,1520,49,127,88,4040,50,120,72,3180,51,120,76,3140,52,131,82,1760,53,122,70,2720,54,123,92,3940,55,113,80,1600,56,129,76,3200,57,119,68,3100,58,117,82,3140,59,135,82,1640,60,127,92,3520,61,118,88,3920,62,125,82,1880,63,123,72,1440,64,117,82,3560,65,126,84,1680,66,125,84,3900,67,120,74,1480,68,113,70,2360,69,125,82,1640,70,119,78,3180,71,117,72,1440,72,120,74,2740,73,120,72,1680,74,118,76,1520,75,108,86,1720,76,122,80,2740,77,117,66,1320,78,118,74,1480,79,115,72,1800,80,120,70,2960,81,117,78,2760,82,122,68,1360,83,118,74,1480,84,122,68,1600,85,119,78,1560,86,119,78,1560,87,123,74,1480,88,119,82,1640,89,112,66,1320,90,125,74,1480,91,119,72,1440,92,114,72,1440,93,117,78,2940,94,118,70,1400,95,129,70,1400,96,117,66,1320,97,123,90,4800,98,111,68,1360,99,119,80,2980,100,118,70,2000
92,-125050,105771,1,121,74,1480,2,121,74,1480,3,132,92,3580,4,123,70,1400,5,122,84,3720,6,107,92,1840,7,118,66,1320,8,116,68,2740,9,114,74,3100,10,123,70,1400,11,119,68,1360,12,126,74,3100,13,121,78,2100,14,115,80,1600,15,123,88,1880,16,120,70,1400,17,115,74,1480,18,124,70,1400,19,107,78,3960,20,112,82,1640,21,116,76,4280,22,113,78,2760,23,111,68,2260,24,114,70,1400,25,118,70,3680,26,124,80,3760,27,122,70,3080,28,125,72,3420,29,121,80,1600,30,119,70,1400,31,116,70,1400,32,115,86,3880,33,128,86,1720,34,121,80,3280,35,115,82,2120,36,117,76,4220,37,122,80,4360,38,126,74,1480,39,116,84,1680,40,122,78,3060,41,124,66,1320,42,122,82,1640,43,115,80,3280,44,115,72,1440,45,133,86,4420,46,116,74,3220,47,116,74,1720,48,122,72,1440,49,123,72,3360,50,116,86,4060,51,115,70,2780,52,126,74,1600,53,115,84,3420,54,117,76,3200,55,121,74,1480,56,119,70,2660,57,122,84,4020,58,119,70,2780,59,130,78,1560,60,124,74,2740,61,126,76,3260,62,112,70,1580,63,111,82,1640,64,121,76,3020,65,117,68,1360,66,119,68,3340,67,117,64,1280,68,127,76,2420,69,118,68,1360,70,125,70,2780,71,131,76,1520,72,121,78,3120,73,125,74,1720,74,123,70,1400,75,114,74,1480,76,115,70,2420,77,120,90,1800,78,124,72,1440,79,127,74,1960,80,120,90,3960,81,127,70,2600,82,121,88,1760,83,121,72,1440,84,116,86,1900,85,126,70,1400,86,115,70,1400,87,116,66,1320,88,125,70,1400,89,125,74,1480,90,119,76,1520,91,126,74,1480,92,126,82,1640,93,124,72,2760,94,121,86,1720,95,113,76,1520,96,133,84,1680,97,120,72,3660,98,122,76,1520,99,119,74,2800,100,128,86,2260
93,-112425,106998,1,115,66,1320,2,116,68,1360,3,127,76,2900,4,119,90,1800,5,119,70,3020,6,120,78,1560,7,128,82,1640,8,122,86,3340,9,129,78,3360,10,112,74,1480,11,124,92,1840,12,114,80,3400,13,105,66,1800,14,120,70,1400,15,111,76,1640,16,117,96,1920,17,129,80,1600,18,107,82,1640,19,115,70,3500,20,114,74,1480,21,127,74,4480,22,125,72,2700,23,128,78,2520,24,125,78,1560,25,116,80,4240,26,116,74,3520,27,115,84,3660,28,111,74,3460,29,117,64,1280,30,133,84,1680,31,137,88,1760,32,121,74,3280,33,123,70,1400,34,115,74,2920,35,118,68,1780,36,124,74,4000,37,116,70,3680,38,114,78,1560,39,120,66,1320,40,119,72,2940,41,120,86,1720,42,114,72,1440,43,117,66,2760,44,131,78,1560,45,123,74,4000,46,119,72,3000,47,123,70,1640,48,111,78,1560,49,114,78,3780,50,123,78,3600,51,127,92,3700,52,114,74,1600,53,116,68,2740,54,123,78,3540,55,116,68,1360,56,131,74,2740,57,119,74,3520,58,122,86,3340,59,124,72,1440,60,117,70,2660,61,120,70,2960,62,123,78,1740,63,119,74,1480,64,121,72,3000,65,126,88,1760,66,127,76,3500,67,124,96,1920,68,115,70,2360,69,127,88,1760,70,119,84,3540,71,121,76,1520,72,120,72,2820,73,117,70,1640,74,116,76,1520,75,133,82,1640,76,123,74,2500,77,123,80,1600,78,110,72,1440,79,115,70,1820,80,111,82,3440,81,112,78,2820,82,117,76,1520,83,116,70,1400,84,119,72,1620,85,111,76,1520,86,134,92,1840,87,123,98,1960,88,112,74,1480,89,116,68,1360,90,128,68,1360,91,118,74,1480,92,124,72,1440,93,103,74,2800,94,117,74,1480,95,123,70,1400,96,121,72,1440,97,129,80,4300,98,114,72,1440,99,131,70,2720,100,124,78,2220
94,-122115,108166,1,119,100,2000,2,130,86,1720,3,119,70,2780,4,119,72,1440,5,114,94,4040,6,122,70,1400,7,122,72,1440,8,123,74,2860,9,121,76,3260,10,131,74,1480,11,119,76,1520,12,119,76,3260,13,121,78,2100,14,129,94,1880,15,122,78,1740,16,122,70,1400,17,117,70,1400,18,108,76,1520,19,133,78,3840,20,128,82,1640,21,114,78,4320,22,116,68,2500,23,113,74,2560,24,120,68,1360,25,126,76,3860,26,131,74,3580,27,121,74,3340,28,124,82,3680,29,124,84,1680,30,123,70,1400,31,130,76,1520,32,113,70,3080,33,113,76,1520,34,124,82,3500,35,132,86,2260,36,111,76,4160,37,125,82,4400,38,124,62,1240,39,117,80,1600,40,124,74,3160,41,117,78,1560,42,131,76,1520,43,121,82,3500,44,124,74,1480,45,111,74,4000,46,124,80,3640,47,118,80,1900,48,112,68,1360,49,120,72,3360,50,117,74,3400,51,118,82,3140,52,130,70,1580,53,124,78,2940,54,115,72,3300,55,122,82,1640,56,112,82,3320,57,126,70,3320,58,121,74,2860,59,116,76,1520,60,129,88,3440,61,118,84,3720,62,119,72,1680,63,117,64,1280,64,114,80,3220,65,115,78,1560,66,114,72,3480,67,121,78,1560,68,132,76,2600,69,117,72,1440,70,129,70,2900,71,119,74,1480,72,124,76,3200,73,126,84,1980,74,120,70,1400,75,130,76,1520,76,121,70,2420,77,117,78,1560,78,120,76,1520,79,127,82,2180,80,112,74,3160,81,119,72,2580,82,126,72,1440,83,128,80,1600,84,129,74,1720,85,119,76,1520,86,129,72,1440,87,115,84,1680,88,129,74,1480,89,114,88,1760,90,118,72,1440,91,122,72,1440,92,110,72,1440,93,119,82,2960,94,124,74,1480,95,112,80,1600,96,113,74,1480,97,121,70,3620,98,126,80,1600,99,122,72,2760,100,113,64,1880
95,-128140,109340,1,121,88,1760,2,126,72,1440,3,121,94,3200,4,121,72,1440,5,122,82,3620,6,120,88,1880,7,118,72,1440,8,114,70,2780,9,115,72,3180,10,115,80,1600,11,124,66,1320,12,123,76,3260,13,115,70,1940,14,119,74,1480,15,117,74,1660,16,122,82,1640,17,134,80,1600,18,121,80,1600,19,120,76,3740,20,122,72,1440,21,124,72,4200,22,124,90,3300,23,125,78,2640,24,121,84,1680,25,114,70,3680,26,111,76,3800,27,112,78,3780,28,115,72,3120,29,116,76,1520,30,115,80,1600,31,119,76,1520,32,121,82,3860,33,120,74,1480,34,116,70,2780,35,122,74,1900,36,125,80,4420,37,115,72,3960,38,121,80,1600,39,128,72,1440,40,114,74,2920,41,123,70,1400,42,116,74,1480,43,118,70,2780,44,115,66,1320,45,127,82,4340,46,116,74,3280,47,122,66,1560,48,124,90,1800,49,124,76,3380,50,130,76,3680,51,118,76,2960,52,118,82,1820,53,117,76,2840,54,129,90,4020,55,111,70,1400,56,116,78,3120,57,109,70,3560,58,122,68,2740,59,119,70,1400,60,124,74,3040,61,127,74,3280,62,124,74,1780,63,121,80,1600,64,119,70,2660,65,122,68,1360,66,123,70,3080,67,117,70,1400,68,120,74,2560,69,129,84,1680,70,117,72,2880,71,119,70,1400,72,119,74,3100,73,115,70,1640,74,119,92,1840,75,119,72,1440,76,116,86,2860,77,121,66,1320,78,119,68,1360,79,123,70,1820,80,122,86,3820,81,118,82,3140,82,110,72,1440,83,124,74,1480,84,118,78,1860,85,128,74,1480,86,116,78,1560,87,121,74,1480,88,111,76,1520,89,122,68,1360,90,131,70,1400,91,111,72,1440,92,126,76,1520,93,128,78,2760,94,111,72,1440,95,114,72,1440,96,127,82,1640,97,119,82,3920,98,120,72,1440,99,111,70,2600,100,119,92,2500
96,-124595,110498,1,113,76,1520,2,111,76,1520,3,119,78,2640,4,119,72,1440,5,120,72,3180,6,118,72,1560,7,128,82,1640,8,129,80,3280,9,130,82,3560,10,127,70,1400,11,123,88,1760,12,110,78,3480,13,127,80,2260,14,125,74,1480,15,128,74,1600,16,121,70,1400,17,125,76,1520,18,120,76,1520,19,124,70,3560,20,113,74,1480,21,118,64,3800,22,116,82,3020,23,118,72,2460,24,110,66,1320,25,126,78,3780,26,119,80,3760,27,118,72,3360,28,128,88,3920,29,124,64,1280,30,117,68,1360,31,122,70,1400,32,118,72,3420,33,117,74,1480,34,129,86,3640,35,118,68,1780,36,118,78,4380,37,123,74,4000,38,112,74,1480,39,111,74,1480,40,121,78,3180,41,112,74,1480,42,129,72,1440,43,126,90,3720,44,119,82,1640,45,117,74,4060,46,125,76,3380,47,123,90,2280,48,116,76,1520,49,118,74,3340,50,120,82,4220,51,115,70,2840,52,120,66,1440,53,128,68,2440,54,124,82,3560,55,124,80,1600,56,123,74,2740,57,124,86,4300,58,117,82,3320,59,129,90,1800,60,115,68,2620,61,110,76,3380,62,118,70,1700,63,117,60,1200,64,121,92,3280,65,115,84,1680,66,117,84,3840,67,132,80,1600,68,123,70,2420,69,125,70,1400,70,131,72,2880,71,129,94,1880,72,112,72,3060,73,129,76,2000,74,122,76,1520,75,125,72,1440,76,121,76,2420,77,120,86,1720,78,124,78,1560,79,115,76,1940,80,119,78,3420,81,121,76,2900,82,122,78,1560,83,117,68,1360,84,123,66,1620,85,108,78,1560,86,118,76,1520,87,117,64,1280,88,119,74,1480,89,120,84,1680,90,118,70,1400,91,124,80,1600,92,117,72,1440,93,122,76,2900,94,129,84,1680,95,127,80,1600,96,119,70,1400,97,122,72,3540,98,123,76,1520,99,123,74,2860,100,122,74,2080
97,-120975,111631,1,119,76,1520,2,120,72,1440,3,128,80,2920,4,123,74,1480,5,125,74,3340,6,132,74,1780,7,126,72,1440,8,122,74,2980,9,123,74,3280,10,113,70,1400,11,117,80,1600,12,117,76,3320,13,123,70,2060,14,115,70,1400,15,111,78,1680,16,122,98,1960,17,120,70,1400,18,121,66,1320,19,114,86,4120,20,135,84,1680,21,122,74,4480,22,118,78,2820,23,127,84,3120,24,117,74,1480,25,119,72,3900,26,124,68,3100,27,124,78,3300,28,124,78,3540,29,117,82,1640,30,128,78,1560,31,115,78,1560,32,128,76,3560,33,121,74,1480,34,121,82,3320,35,124,92,2320,36,122,72,3840,37,113,74,4120,38,136,88,1760,39,124,84,1680,40,119,68,3040,41,129,84,1680,42,116,76,1520,43,120,78,3240,44,116,72,1440,45,125,80,4600,46,118,78,3720,47,123,78,1980,48,122,66,1320,49,120,72,3420,50,124,78,3840,51,129,78,3000,52,117,84,1800,53,116,76,2840,54,117,78,3300,55,121,66,1320,56,112,78,3180,57,115,74,3760,58,125,76,3020,59,122,78,1560,60,124,82,3260,61,121,86,3880,62,131,88,2120,63,130,70,1400,64,118,82,2840,65,115,78,1560,66,119,78,3540,67,126,74,1480,68,115,82,3080,69,110,78,1560,70,117,70,2840,71,121,78,1560,72,124,80,3220,73,119,72,1860,74,114,68,1360,75,111,76,1520,76,119,78,2700,77,123,80,1600,78,116,76,1520,79,118,68,1840,80,120,74,3340,81,118,70,2660,82,115,62,1240,83,124,94,1880,84,118,84,2040,85,115,68,1360,86,123,70,1400,87,119,96,1920,88,127,62,1240,89,122,68,1360,90,121,80,1600,91,119,72,1440,92,131,86,1720,93,114,74,2800,94,124,72,1440,95,117,68,1360,96,129,90,1800,97,109,72,3660,98,119,74,1480,99,118,66,2640,100,116,70,2000
98,-122525,112827,1,120,76,1520,2,117,70,1400,3,123,74,2560,4,111,66,1320,5,113,72,3360,6,120,76,1640,7,110,68,1360,8,120,66,2460,9,113,66,2940,10,129,78,1560,11,125,76,1520,12,126,72,3060,13,120,86,2440,14,125,78,1560,15,115,70,1520,16,124,78,1560,17,127,104,2080,18,119,86,1720,19,116,74,3460,20,132,74,1480,21,113,76,4700,22,122,76,2780,23,124,70,2360,24,123,68,1360,25,127,88,4940,26,127,90,3960,27,116,74,3160,28,117,70,3200,29,119,66,1320,30,123,72,1440,31,118,68,1360,32,116,76,3560,33,114,64,1280,34,113,76,3200,35,119,76,1880,36,115,86,4600,37,128,82,4580,38,125,72,1440,39,115,68,1360,40,123,82,3140,41,122,72,1440,42,123,72,1440,43,116,72,3120,44,132,78,1560,45,116,74,4120,46,130,74,3400,47,119,66,1740,48,120,88,1760,49,114,72,3300,50,108,70,3380,51,124,74,2920,52,123,70,1520,53,120,66,2400,54,123,72,3120,55,118,84,1680,56,118,70,2840,57,129,72,3420,58,116,62,2380,59,119,72,1440,60,118,72,2880,61,116,78,3480,62,124,82,2060,63,113,70,1400,64,125,72,2520,65,123,70,1400,66,121,66,3120,67,114,70,1400,68,121,70,2360,69,114,70,1400,70,126,82,3080,71,114,66,1320,72,113,72,3060,73,124,72,1860,74,127,84,1680,75,119,72,1440,76,127,76,2540,77,116,76,1520,78,120,72,1440,79,129,88,2120,80,127,78,3600,81,122,86,2980,82,122,80,1600,83,115,86,1720,84,122,78,1980,85,128,82,1640,86,114,74,1480,87,118,78,1560,88,119,76,1520,89,120,86,1720,90,112,74,1480,91,124,72,1440,92,120,76,1520,93,126,92,3760,94,113,74,1480,95,122,90,1800,96,125,74,1480,97,122,80,3820,98,123,70,1400,99,130,84,3600,100,123,84,2700
99,-121335,114024,1,115,74,1480,2,121,82,1640,3,120,76,3080,4,115,84,1680,5,124,84,3900,6,123,66,1500,7,122,80,1600,8,120,84,3240,9,122,86,3940,10,126,74,1480,11,118,72,1440,12,114,86,3940,13,115,72,2040,14,120,68,1360,15,124,76,1640,16,121,70,1400,17,126,78,1560,18,130,70,1400,19,118,76,3500,20,118,76,1520,21,122,74,4540,22,114,70,2540,23,115,86,3340,24,118,84,1680,25,122,76,4220,26,117,80,3340,27,127,76,3320,28,125,78,3720,29,128,84,1680,30,112,72,1440,31,123,92,1840,32,122,70,3320,33,127,86,1720,34,123,76,3140,35,121,70,1700,36,121,76,3860,37,125,78,4500,38,105,72,1440,39,120,98,1960,40,114,68,2860,41,108,74,1480,42,110,76,1520,43,122,76,3140,44,120,74,1480,45,122,76,4160,46,117,78,3600,47,118,86,2260,48,121,78,1560,49,128,82,3620,50,117,76,3740,51,122,74,2860,52,114,80,1720,53,120,88,3320,54,107,74,3280,55,125,72,1440,56,121,86,3280,57,116,78,3780,58,127,84,3240,59,128,74,1480,60,124,68,2920,61,120,80,3640,62,116,76,1700,63,130,70,1400,64,109,78,2820,65,113,78,1560,66,115,82,3800,67,132,78,1560,68,118,98,3580,69,132,78,1560,70,119,74,2860,71,116,84,1680,72,123,82,3560,73,113,78,2100,74,116,76,1520,75,126,74,1480,76,117,74,2680,77,121,74,1480,78,118,72,1440,79,120,70,1700,80,119,72,3420,81,113,76,2660,82,108,66,1320,83,124,78,1560,84,117,68,1540,85,121,62,1240,86,127,76,1520,87,126,70,1400,88,125,66,1320,89,118,62,1240,90,123,72,1440,91,108,78,1560,92,122,68,1360,93,118,84,3240,94,126,82,1640,95,115,82,1640,96,114,66,1320,97,118,70,3560,98,113,80,1600,99,124,72,3000,100,116,74,2320
