Step,TotalEnergy,NumTrans,CellID_1,Area_1,Perimeter_1,ContactEnergy_1,CentroidX_1,CentroidY_1,MCS_1,CellID_2,Area_2,Perimeter_2,ContactEnergy_2,CentroidX_2,CentroidY_2,MCS_2,CellID_3,Area_3,Perimeter_3,ContactEnergy_3,CentroidX_3,CentroidY_3,MCS_3,CellID_4,Area_4,Perimeter_4,ContactEnergy_4,CentroidX_4,CentroidY_4,MCS_4,CellID_5,Area_5,Perimeter_5,ContactEnergy_5,CentroidX_5,CentroidY_5,MCS_5,CellID_6,Area_6,Perimeter_6,ContactEnergy_6,CentroidX_6,CentroidY_6,MCS_6,CellID_7,Area_7,Perimeter_7,ContactEnergy_7,CentroidX_7,CentroidY_7,MCS_7,CellID_8,Area_8,Perimeter_8,ContactEnergy_8,CentroidX_8,CentroidY_8,MCS_8,CellID_9,Area_9,Perimeter_9,ContactEnergy_9,CentroidX_9,CentroidY_9,MCS_9,CellID_10,Area_10,Perimeter_10,ContactEnergy_10,CentroidX_10,CentroidY_10,MCS_10,CellID_11,Area_11,Perimeter_11,ContactEnergy_11,CentroidX_11,CentroidY_11,MCS_11,CellID_12,Area_12,Perimeter_12,ContactEnergy_12,CentroidX_12,CentroidY_12,MCS_12,CellID_13,Area_13,Perimeter_13,ContactEnergy_13,CentroidX_13,CentroidY_13,MCS_13,CellID_14,Area_14,Perimeter_14,ContactEnergy_14,CentroidX_14,CentroidY_14,MCS_14,CellID_15,Area_15,Perimeter_15,ContactEnergy_15,CentroidX_15,CentroidY_15,MCS_15,CellID_16,Area_16,Perimeter_16,ContactEnergy_16,CentroidX_16,CentroidY_16,MCS_16,CellID_17,Area_17,Perimeter_17,ContactEnergy_17,CentroidX_17,CentroidY_17,MCS_17,CellID_18,Area_18,Perimeter_18,ContactEnergy_18,CentroidX_18,CentroidY_18,MCS_18,CellID_19,Area_19,Perimeter_19,ContactEnergy_19,CentroidX_19,CentroidY_19,MCS_19,CellID_20,Area_20,Perimeter_20,ContactEnergy_20,CentroidX_20,CentroidY_20,MCS_20,CellID_21,Area_21,Perimeter_21,ContactEnergy_21,CentroidX_21,CentroidY_21,MCS_21,CellID_22,Area_22,Perimeter_22,ContactEnergy_22,CentroidX_22,CentroidY_22,MCS_22,CellID_23,Area_23,Perimeter_23,ContactEnergy_23,CentroidX_23,CentroidY_23,MCS_23,CellID_24,Area_24,Perimeter_24,ContactEnergy_24,CentroidX_24,CentroidY_24,MCS_24,CellID_25,Area_25,Perimeter_25,ContactEnergy_25,CentroidX_25,CentroidY_25,MCS_25,CellID_26,Area_26,Perimeter_26,ContactEnergy_26,CentroidX_26,CentroidY_26,MCS_26,CellID_27,Area_27,Perimeter_27,ContactEnergy_27,CentroidX_27,CentroidY_27,MCS_27,CellID_28,Area_28,Perimeter_28,ContactEnergy_28,CentroidX_28,CentroidY_28,MCS_28,CellID_29,Area_29,Perimeter_29,ContactEnergy_29,CentroidX_29,CentroidY_29,MCS_29,CellID_30,Area_30,Perimeter_30,ContactEnergy_30,CentroidX_30,CentroidY_30,MCS_30,CellID_31,Area_31,Perimeter_31,ContactEnergy_31,CentroidX_31,CentroidY_31,MCS_31,CellID_32,Area_32,Perimeter_32,ContactEnergy_32,CentroidX_32,CentroidY_32,MCS_32,CellID_33,Area_33,Perimeter_33,ContactEnergy_33,CentroidX_33,CentroidY_33,MCS_33,CellID_34,Area_34,Perimeter_34,ContactEnergy_34,CentroidX_34,CentroidY_34,MCS_34,CellID_35,Area_35,Perimeter_35,ContactEnergy_35,CentroidX_35,CentroidY_35,MCS_35,CellID_36,Area_36,Perimeter_36,ContactEnergy_36,CentroidX_36,CentroidY_36,MCS_36,CellID_37,Area_37,Perimeter_37,ContactEnergy_37,CentroidX_37,CentroidY_37,MCS_37,CellID_38,Area_38,Perimeter_38,ContactEnergy_38,CentroidX_38,CentroidY_38,MCS_38,CellID_39,Area_39,Perimeter_39,ContactEnergy_39,CentroidX_39,CentroidY_39,MCS_39,CellID_40,Area_40,Perimeter_40,ContactEnergy_40,CentroidX_40,CentroidY_40,MCS_40,CellID_41,Area_41,Perimeter_41,ContactEnergy_41,CentroidX_41,CentroidY_41,MCS_41,CellID_42,Area_42,Perimeter_42,ContactEnergy_42,CentroidX_42,CentroidY_42,MCS_42,CellID_43,Area_43,Perimeter_43,ContactEnergy_43,CentroidX_43,CentroidY_43,MCS_43,CellID_44,Area_44,Perimeter_44,ContactEnergy_44,CentroidX_44,CentroidY_44,MCS_44,CellID_45,Area_45,Perimeter_45,ContactEnergy_45,CentroidX_45,CentroidY_45,MCS_45,CellID_46,Area_46,Perimeter_46,ContactEnergy_46,CentroidX_46,CentroidY_46,MCS_46,CellID_47,Area_47,Perimeter_47,ContactEnergy_47,CentroidX_47,CentroidY_47,MCS_47,CellID_48,Area_48,Perimeter_48,ContactEnergy_48,CentroidX_48,CentroidY_48,MCS_48,CellID_49,Area_49,Perimeter_49,ContactEnergy_49,CentroidX_49,CentroidY_49,MCS_49,CellID_50,Area_50,Perimeter_50,ContactEnergy_50,CentroidX_50,CentroidY_50,MCS_50,CellID_51,Area_51,Perimeter_51,ContactEnergy_51,CentroidX_51,CentroidY_51,MCS_51,CellID_52,Area_52,Perimeter_52,ContactEnergy_52,CentroidX_52,CentroidY_52,MCS_52,CellID_53,Area_53,Perimeter_53,ContactEnergy_53,CentroidX_53,CentroidY_53,MCS_53,CellID_54,Area_54,Perimeter_54,ContactEnergy_54,CentroidX_54,CentroidY_54,MCS_54,CellID_55,Area_55,Perimeter_55,ContactEnergy_55,CentroidX_55,CentroidY_55,MCS_55,CellID_56,Area_56,Perimeter_56,ContactEnergy_56,CentroidX_56,CentroidY_56,MCS_56,CellID_57,Area_57,Perimeter_57,ContactEnergy_57,CentroidX_57,CentroidY_57,MCS_57,CellID_58,Area_58,Perimeter_58,ContactEnergy_58,CentroidX_58,CentroidY_58,MCS_58,CellID_59,Area_59,Perimeter_59,ContactEnergy_59,CentroidX_59,CentroidY_59,MCS_59,CellID_60,Area_60,Perimeter_60,ContactEnergy_60,CentroidX_60,CentroidY_60,MCS_60,CellID_61,Area_61,Perimeter_61,ContactEnergy_61,CentroidX_61,CentroidY_61,MCS_61,CellID_62,Area_62,Perimeter_62,ContactEnergy_62,CentroidX_62,CentroidY_62,MCS_62,CellID_63,Area_63,Perimeter_63,ContactEnergy_63,CentroidX_63,CentroidY_63,MCS_63,CellID_64,Area_64,Perimeter_64,ContactEnergy_64,CentroidX_64,CentroidY_64,MCS_64,CellID_65,Area_65,Perimeter_65,ContactEnergy_65,CentroidX_65,CentroidY_65,MCS_65,CellID_66,Area_66,Perimeter_66,ContactEnergy_66,CentroidX_66,CentroidY_66,MCS_66,CellID_67,Area_67,Perimeter_67,ContactEnergy_67,CentroidX_67,CentroidY_67,MCS_67,CellID_68,Area_68,Perimeter_68,ContactEnergy_68,CentroidX_68,CentroidY_68,MCS_68,CellID_69,Area_69,Perimeter_69,ContactEnergy_69,CentroidX_69,CentroidY_69,MCS_69,CellID_70,Area_70,Perimeter_70,ContactEnergy_70,CentroidX_70,CentroidY_70,MCS_70,CellID_71,Area_71,Perimeter_71,ContactEnergy_71,CentroidX_71,CentroidY_71,MCS_71,CellID_72,Area_72,Perimeter_72,ContactEnergy_72,CentroidX_72,CentroidY_72,MCS_72,CellID_73,Area_73,Perimeter_73,ContactEnergy_73,CentroidX_73,CentroidY_73,MCS_73,CellID_74,Area_74,Perimeter_74,ContactEnergy_74,CentroidX_74,CentroidY_74,MCS_74,CellID_75,Area_75,Perimeter_75,ContactEnergy_75,CentroidX_75,CentroidY_75,MCS_75,CellID_76,Area_76,Perimeter_76,ContactEnergy_76,CentroidX_76,CentroidY_76,MCS_76,CellID_77,Area_77,Perimeter_77,ContactEnergy_77,CentroidX_77,CentroidY_77,MCS_77,CellID_78,Area_78,Perimeter_78,ContactEnergy_78,CentroidX_78,CentroidY_78,MCS_78,CellID_79,Area_79,Perimeter_79,ContactEnergy_79,CentroidX_79,CentroidY_79,MCS_79,CellID_80,Area_80,Perimeter_80,ContactEnergy_80,CentroidX_80,CentroidY_80,MCS_80,CellID_81,Area_81,Perimeter_81,ContactEnergy_81,CentroidX_81,CentroidY_81,MCS_81,CellID_82,Area_82,Perimeter_82,ContactEnergy_82,CentroidX_82,CentroidY_82,MCS_82,CellID_83,Area_83,Perimeter_83,ContactEnergy_83,CentroidX_83,CentroidY_83,MCS_83,CellID_84,Area_84,Perimeter_84,ContactEnergy_84,CentroidX_84,CentroidY_84,MCS_84,CellID_85,Area_85,Perimeter_85,ContactEnergy_85,CentroidX_85,CentroidY_85,MCS_85,CellID_86,Area_86,Perimeter_86,ContactEnergy_86,CentroidX_86,CentroidY_86,MCS_86,CellID_87,Area_87,Perimeter_87,ContactEnergy_87,CentroidX_87,CentroidY_87,MCS_87,CellID_88,Area_88,Perimeter_88,ContactEnergy_88,CentroidX_88,CentroidY_88,MCS_88,CellID_89,Area_89,Perimeter_89,ContactEnergy_89,CentroidX_89,CentroidY_89,MCS_89,CellID_90,Area_90,Perimeter_90,ContactEnergy_90,CentroidX_90,CentroidY_90,MCS_90,CellID_91,Area_91,Perimeter_91,ContactEnergy_91,CentroidX_91,CentroidY_91,MCS_91,CellID_92,Area_92,Perimeter_92,ContactEnergy_92,CentroidX_92,CentroidY_92,MCS_92,CellID_93,Area_93,Perimeter_93,ContactEnergy_93,CentroidX_93,CentroidY_93,MCS_93,CellID_94,Area_94,Perimeter_94,ContactEnergy_94,CentroidX_94,CentroidY_94,MCS_94,CellID_95,Area_95,Perimeter_95,ContactEnergy_95,CentroidX_95,CentroidY_95,MCS_95,CellID_96,Area_96,Perimeter_96,ContactEnergy_96,CentroidX_96,CentroidY_96,MCS_96,CellID_97,Area_97,Perimeter_97,ContactEnergy_97,CentroidX_97,CentroidY_97,MCS_97,CellID_98,Area_98,Perimeter_98,ContactEnergy_98,CentroidX_98,CentroidY_98,MCS_98,CellID_99,Area_99,Perimeter_99,ContactEnergy_99,CentroidX_99,CentroidY_99,MCS_99,CellID_100,Area_100,Perimeter_100,ContactEnergy_100,CentroidX_100,CentroidY_100,MCS_100
0,7358685,298,1,11,16,320,2,9,12,240,3,10,22,440,4,9,16,320,5,11,20,400,6,10,14,280,7,9,16,320,8,9,20,400,9,12,20,760,10,11,16,320,11,9,16,320,12,9,16,680,13,12,18,360,14,9,16,320,15,8,18,360,16,10,18,360,17,13,20,400,18,14,20,400,19,12,16,320,20,11,18,360,21,7,14,460,22,10,18,360,23,8,14,280,24,11,20,760,25,9,16,320,26,12,18,360,27,11,16,320,28,13,18,360,29,12,22,680,30,13,20,400,31,12,16,320,32,9,20,400,33,11,20,400,34,11,20,400,35,11,20,580,36,9,16,320,37,11,16,320,38,13,16,320,39,13,20,400,40,10,18,360,41,10,18,360,42,11,16,320,43,11,20,400,44,10,18,360,45,9,12,240,46,10,18,360,47,9,12,240,48,11,18,360,49,10,18,360,50,10,16,320,51,10,18,540,52,8,14,520,53,12,20,400,54,9,16,320,55,12,18,360,56,7,14,460,57,12,20,400,58,9,16,380,59,13,18,360,60,10,18,360,61,10,14,460,62,10,18,360,63,13,16,320,64,11,16,320,65,13,20,400,66,12,22,440,67,6,12,480,68,11,16,320,69,9,20,400,70,13,20,400,71,12,20,400,72,11,16,320,73,10,14,280,74,11,20,400,75,11,16,500,76,9,16,320,77,12,22,440,78,12,16,320,79,13,16,500,80,6,12,480,81,9,16,320,82,9,16,320,83,9,16,320,84,12,20,400,85,11,16,320,86,10,18,360,87,9,16,320,88,11,16,500,89,8,14,280,90,12,18,360,91,9,16,320,92,13,20,460,93,11,20,400,94,12,18,360,95,12,18,360,96,8,14,280,97,11,16,320,98,8,14,280,99,10,18,360,100,11,18,720
1,6802365,672,1,13,22,440,2,12,22,440,3,16,26,520,4,13,20,400,5,12,20,400,6,13,18,360,7,13,24,480,8,14,22,440,9,14,20,760,10,13,18,360,11,12,22,500,12,12,18,720,13,15,20,400,14,12,22,440,15,9,16,320,16,13,24,480,17,16,26,520,18,17,22,440,19,14,20,400,20,17,22,440,21,8,16,500,22,13,24,480,23,8,18,360,24,14,24,960,25,11,20,400,26,16,24,480,27,16,22,440,28,16,22,440,29,13,24,840,30,16,24,480,31,14,22,440,32,11,20,400,33,17,26,520,34,14,22,440,35,14,18,540,36,10,20,400,37,16,20,400,38,15,20,400,39,16,26,520,40,15,22,440,41,16,22,440,42,13,22,440,43,15,20,400,44,13,22,440,45,12,18,360,46,13,22,440,47,15,18,420,48,15,20,400,49,13,18,360,50,14,22,440,51,17,24,660,52,10,18,720,53,15,22,440,54,12,18,360,55,17,24,480,56,10,18,540,57,19,28,560,58,10,16,500,59,20,28,560,60,14,24,480,61,10,18,660,62,15,22,440,63,18,24,480,64,15,24,480,65,16,24,480,66,17,24,480,67,10,16,680,68,14,18,360,69,14,22,440,70,17,22,440,71,14,20,400,72,15,24,480,73,10,22,500,74,14,22,440,75,14,24,720,76,12,20,400,77,17,24,480,78,14,22,440,79,14,18,600,80,8,16,680,81,11,16,320,82,12,20,400,83,12,20,400,84,15,22,440,85,14,18,360,86,14,18,360,87,11,18,360,88,11,24,780,89,9,16,320,90,19,26,520,91,13,20,400,92,16,24,600,93,16,24,480,94,17,22,440,95,14,20,400,96,11,20,400,97,14,22,440,98,10,22,440,99,13,18,360,100,15,22,920
2,6200685,1106,1,18,28,560,2,14,24,480,3,24,32,640,4,19,22,440,5,13,20,400,6,18,22,440,7,17,32,640,8,15,22,440,9,15,22,860,10,19,26,520,11,14,20,580,12,14,22,860,13,19,20,400,14,16,26,520,15,10,18,360,16,18,26,520,17,21,30,600,18,25,30,600,19,19,22,440,20,24,28,560,21,12,22,680,22,17,26,520,23,10,20,400,24,19,32,1240,25,12,20,400,26,23,30,600,27,23,30,600,28,20,26,520,29,16,28,920,30,20,26,520,31,16,24,480,32,15,22,440,33,27,34,680,34,17,26,520,35,14,24,720,36,14,24,480,37,21,24,480,38,22,26,520,39,22,30,600,40,18,22,440,41,22,22,440,42,16,24,480,43,21,28,560,44,18,30,600,45,17,26,520,46,17,26,520,47,16,20,580,48,23,30,600,49,15,20,400,50,17,28,560,51,17,22,680,52,13,20,760,53,20,28,560,54,19,26,520,55,23,26,520,56,9,18,600,57,26,34,680,58,14,26,1060,59,26,32,640,60,22,34,680,61,11,18,720,62,17,22,440,63,22,30,600,64,22,30,660,65,19,28,560,66,20,26,520,67,13,18,720,68,15,20,400,69,18,26,520,70,24,26,520,71,21,24,480,72,18,28,560,73,17,20,580,74,21,28,560,75,17,26,820,76,17,24,480,77,20,28,560,78,19,22,440,79,15,20,700,80,12,16,680,81,16,30,600,82,18,22,440,83,15,24,480,84,19,26,520,85,12,20,400,86,18,22,440,87,16,20,400,88,15,26,880,89,10,18,360,90,26,34,680,91,17,24,480,92,16,26,880,93,20,22,500,94,20,26,520,95,18,28,560,96,15,18,360,97,23,28,560,98,14,24,480,99,19,22,440,100,15,26,1120
3,5573085,1601,1,24,34,680,2,19,28,560,3,32,32,640,4,22,26,520,5,19,22,440,6,20,24,480,7,25,34,680,8,20,26,520,9,19,24,960,10,27,30,600,11,19,24,720,12,16,24,960,13,21,26,520,14,20,26,520,15,11,20,400,16,20,26,520,17,27,28,560,18,31,32,640,19,22,22,440,20,28,34,680,21,13,22,740,22,21,32,640,23,14,26,520,24,20,36,1380,25,16,28,560,26,31,34,680,27,33,32,640,28,29,32,640,29,18,30,1140,30,26,28,560,31,20,22,440,32,19,28,560,33,31,38,760,34,22,30,600,35,17,26,760,36,20,30,600,37,27,28,560,38,27,26,520,39,28,42,840,40,24,26,520,41,28,32,640,42,21,28,560,43,29,38,760,44,22,32,640,45,20,30,600,46,22,24,480,47,22,28,980,48,27,30,600,49,19,28,560,50,22,28,560,51,24,26,760,52,19,30,1200,53,25,26,520,54,20,28,560,55,29,32,640,56,13,18,660,57,33,32,640,58,17,26,1180,59,31,34,680,60,27,36,720,61,12,20,820,62,23,26,520,63,29,32,640,64,25,30,660,65,22,32,640,66,26,30,600,67,15,26,1120,68,21,32,640,69,24,28,560,70,31,32,640,71,29,34,680,72,22,32,640,73,21,26,940,74,25,28,560,75,21,32,1060,76,22,28,560,77,26,32,640,78,24,28,560,79,18,24,900,80,15,22,980,81,22,32,640,82,24,24,480,83,21,24,480,84,26,28,560,85,17,22,440,86,22,28,560,87,19,24,480,88,18,32,1060,89,14,20,400,90,35,32,640,91,19,22,440,92,22,28,980,93,24,26,580,94,25,32,640,95,25,28,560,96,15,26,520,97,30,34,680,98,18,26,520,99,21,26,520,100,21,30,1260
4,4891830,2152,1,28,38,760,2,24,32,640,3,38,42,840,4,28,34,680,5,22,28,560,6,25,30,600,7,25,34,740,8,26,34,680,9,26,30,1080,10,31,32,640,11,22,26,820,12,20,26,1000,13,26,28,560,14,26,34,740,15,19,24,480,16,25,32,640,17,36,36,720,18,39,36,720,19,26,28,560,20,35,44,880,21,14,26,1060,22,28,32,700,23,22,34,680,24,28,42,1500,25,20,26,520,26,39,42,840,27,38,32,640,28,32,36,720,29,19,30,1320,30,31,34,680,31,25,24,480,32,29,38,760,33,41,52,1040,34,28,40,800,35,24,30,960,36,28,32,640,37,32,34,680,38,32,32,640,39,39,42,840,40,30,32,640,41,41,40,800,42,29,30,600,43,40,36,720,44,25,30,600,45,27,30,600,46,24,28,560,47,26,34,1280,48,31,32,640,49,24,32,640,50,26,32,640,51,29,26,880,52,22,32,1300,53,32,28,560,54,28,40,800,55,33,36,720,56,16,28,1100,57,44,40,800,58,19,28,1340,59,38,38,760,60,33,40,800,61,15,22,860,62,30,30,600,63,34,36,720,64,28,36,840,65,27,38,760,66,32,32,640,67,17,28,1220,68,29,36,720,69,30,34,680,70,41,44,880,71,34,34,680,72,28,36,720,73,26,28,1160,74,31,34,740,75,27,36,1260,76,29,34,680,77,29,36,720,78,27,28,560,79,20,32,1180,80,16,26,1240,81,28,36,720,82,29,38,760,83,25,28,560,84,30,36,720,85,24,28,560,86,28,30,600,87,21,26,520,88,21,28,980,89,18,26,520,90,43,34,680,91,24,26,520,92,23,28,1040,93,31,32,760,94,30,32,640,95,33,38,760,96,17,26,520,97,36,38,760,98,24,30,600,99,26,30,600,100,22,34,1340
5,4197500,2788,1,38,44,880,2,31,42,840,3,48,40,800,4,36,38,760,5,27,32,640,6,29,32,640,7,32,40,1040,8,33,40,800,9,30,36,1200,10,38,32,640,11,26,34,1160,12,23,32,1120,13,32,28,560,14,35,36,960,15,25,28,560,16,33,36,720,17,45,44,880,18,47,42,840,19,35,28,560,20,44,52,1040,21,19,28,1100,22,30,32,700,23,30,42,840,24,31,46,1760,25,23,26,520,26,50,44,880,27,45,36,720,28,40,40,800,29,22,40,1820,30,38,42,840,31,28,28,560,32,39,40,800,33,47,48,960,34,34,46,920,35,31,38,1360,36,35,38,760,37,33,34,680,38,37,34,680,39,48,42,840,40,38,40,800,41,49,42,840,42,35,40,800,43,49,42,840,44,28,34,680,45,31,36,720,46,30,32,820,47,25,34,1340,48,34,38,760,49,33,40,800,50,34,40,800,51,29,30,1200,52,26,36,1560,53,41,40,800,54,37,48,960,55,38,40,800,56,18,26,1060,57,51,40,800,58,20,32,1660,59,47,34,680,60,40,40,800,61,15,22,860,62,36,32,640,63,39,40,800,64,36,44,1240,65,33,38,760,66,39,40,800,67,21,34,1520,68,36,40,800,69,41,40,800,70,51,48,960,71,43,36,720,72,34,38,760,73,30,30,1260,74,43,46,1160,75,35,36,1320,76,37,38,760,77,38,48,960,78,34,34,680,79,25,30,1200,80,21,40,1820,81,35,38,760,82,37,38,760,83,32,38,760,84,37,40,800,85,29,32,640,86,34,34,680,87,25,26,520,88,27,32,1060,89,23,36,720,90,48,40,800,91,29,30,600,92,28,32,1180,93,39,36,1080,94,37,38,760,95,41,38,760,96,21,30,600,97,40,38,760,98,29,34,680,99,29,32,640,100,29,40,1640
6,3550260,3463,1,46,46,920,2,39,38,760,3,55,50,1000,4,46,40,800,5,34,36,720,6,37,36,720,7,42,44,1300,8,43,40,800,9,35,38,1300,10,42,36,720,11,28,34,1340,12,30,36,1260,13,39,34,680,14,38,38,1180,15,32,34,680,16,42,42,840,17,55,38,760,18,56,44,880,19,36,40,800,20,54,52,1040,21,24,36,1440,22,32,36,780,23,34,42,840,24,39,54,2340,25,27,26,520,26,56,44,880,27,51,46,920,28,51,46,920,29,25,40,1820,30,41,44,880,31,30,32,640,32,44,46,920,33,55,56,1120,34,39,50,1000,35,36,38,1360,36,41,44,880,37,36,36,720,38,46,40,800,39,54,40,800,40,49,40,800,41,60,52,1040,42,43,40,800,43,57,50,1000,44,34,38,760,45,38,42,840,46,37,36,1140,47,28,40,1820,48,40,46,920,49,38,44,880,50,38,40,800,51,32,30,1200,52,29,40,1820,53,48,42,840,54,44,40,800,55,46,48,960,56,22,32,1360,57,62,44,880,58,24,34,1880,59,55,44,880,60,46,42,840,61,20,24,960,62,41,40,800,63,44,42,840,64,47,50,1660,65,44,46,920,66,45,40,1040,67,26,40,1820,68,42,40,800,69,50,42,840,70,64,54,1080,71,50,40,800,72,42,34,680,73,35,40,1820,74,51,40,1280,75,39,40,1400,76,42,44,880,77,51,50,1000,78,43,40,800,79,28,36,1320,80,29,44,1900,81,41,42,840,82,42,42,840,83,45,44,1120,84,42,44,880,85,35,36,720,86,40,36,720,87,32,34,680,88,31,36,1200,89,28,38,760,90,60,46,920,91,37,32,640,92,30,32,1180,93,43,40,1460,94,46,44,880,95,51,48,960,96,25,32,640,97,43,42,840,98,36,36,720,99,36,38,760,100,32,44,2140
7,2871205,4221,1,54,48,960,2,44,42,840,3,64,52,1040,4,54,40,800,5,45,40,800,6,45,42,840,7,47,50,1420,8,51,48,960,9,38,42,1500,10,49,36,720,11,35,42,1680,12,35,42,1560,13,46,40,800,14,44,42,1260,15,39,42,840,16,51,48,960,17,52,54,1080,18,64,48,960,19,45,40,800,20,62,56,1120,21,28,42,1620,22,42,44,1180,23,45,52,1040,24,46,56,2800,25,34,30,600,26,63,46,920,27,59,54,1080,28,61,54,1080,29,30,42,1920,30,51,50,1000,31,35,30,600,32,55,52,1040,33,67,54,1080,34,46,56,1120,35,41,46,1640,36,49,46,920,37,44,42,840,38,51,44,880,39,58,42,840,40,59,48,960,41,75,62,1240,42,49,40,800,43,66,54,1080,44,40,46,920,45,42,44,880,46,43,40,1340,47,30,46,2000,48,46,46,920,49,47,54,1080,50,47,42,840,51,37,36,1440,52,30,46,2240,53,56,42,840,54,55,48,960,55,56,54,1080,56,28,34,1460,57,67,48,960,58,24,38,2080,59,63,48,960,60,56,50,1000,61,24,32,1420,62,50,42,840,63,53,50,1000,64,56,56,1900,65,52,52,1040,66,53,50,1600,67,33,50,2320,68,47,44,880,69,55,44,880,70,76,54,1080,71,57,42,840,72,46,40,800,73,45,52,2120,74,54,40,1640,75,42,50,1960,76,50,48,960,77,66,54,1080,78,49,44,880,79,34,44,1840,80,34,46,2000,81,47,46,920,82,50,48,960,83,52,50,1600,84,51,46,920,85,44,42,840,86,48,48,960,87,43,40,800,88,37,50,1780,89,35,46,920,90,71,52,1040,91,46,36,720,92,36,38,1360,93,47,44,1660,94,53,46,920,95,66,52,1040,96,32,34,680,97,50,48,960,98,44,40,860,99,45,44,880,100,33,50,2680
8,2250025,5053,1,58,48,1020,2,52,44,880,3,71,54,1080,4,59,42,840,5,57,48,960,6,56,40,800,7,54,52,1520,8,62,48,960,9,44,46,1940,10,59,40,800,11,38,42,1680,12,42,56,2380,13,53,48,960,14,51,46,1400,15,47,52,1100,16,56,52,1040,17,64,52,1040,18,74,52,1100,19,51,36,720,20,70,58,1160,21,37,48,2040,22,49,46,1460,23,53,54,1080,24,48,56,2980,25,40,34,680,26,75,56,1120,27,72,52,1040,28,74,54,1080,29,34,52,2360,30,61,52,1040,31,41,34,680,32,66,58,1160,33,81,62,1240,34,60,50,1000,35,48,56,2080,36,54,46,920,37,52,46,920,38,62,46,920,39,66,50,1000,40,73,52,1040,41,87,58,1160,42,55,40,800,43,78,58,1160,44,49,48,960,45,47,50,1000,46,46,50,1960,47,38,52,2180,48,52,48,960,49,58,54,1080,50,54,48,960,51,41,42,1800,52,36,46,2420,53,65,48,960,54,63,54,1080,55,69,56,1120,56,34,44,1960,57,78,54,1080,58,30,40,2360,59,71,56,1120,60,61,56,1120,61,28,36,1680,62,59,48,960,63,69,62,1240,64,64,58,1940,65,60,56,1120,66,60,52,1700,67,37,54,2580,68,56,44,880,69,63,46,920,70,88,58,1160,71,65,54,1080,72,54,42,840,73,58,50,2140,74,59,48,2460,75,47,62,2320,76,58,52,1040,77,73,50,1000,78,56,42,840,79,40,56,2200,80,39,54,2340,81,59,58,1160,82,63,56,1120,83,60,52,1640,84,57,44,880,85,54,46,920,86,55,50,1000,87,47,46,920,88,43,52,2000,89,44,46,920,90,77,58,1160,91,53,42,840,92,41,46,1640,93,51,44,1660,94,58,48,1020,95,81,52,1040,96,36,36,720,97,61,54,1080,98,47,40,1040,99,54,50,1000,100,43,62,3100
9,1654520,5955,1,65,50,1120,2,64,50,1000,3,75,58,1160,4,67,46,920,5,63,52,1040,6,62,44,880,7,67,60,1860,8,70,50,1000,9,48,52,2360,10,62,56,1120,11,45,44,1960,12,56,64,3020,13,62,52,1040,14,54,54,1740,15,56,54,1140,16,68,60,1200,17,75,64,1280,18,86,56,1240,19,61,52,1040,20,80,58,1160,21,41,58,2660,22,60,54,1800,23,60,50,1000,24,55,68,3460,25,50,44,880,26,86,58,1160,27,82,58,1160,28,88,64,1280,29,39,60,2760,30,76,60,1200,31,46,36,720,32,72,60,1200,33,91,70,1400,34,72,60,1200,35,56,68,2500,36,60,54,1080,37,60,50,1000,38,70,50,1000,39,75,48,960,40,85,52,1040,41,96,62,1240,42,62,44,880,43,86,62,1240,44,57,52,1040,45,54,54,1080,46,54,68,2680,47,47,66,3060,48,60,56,1120,49,70,54,1080,50,59,48,960,51,44,46,2060,52,43,52,2600,53,78,52,1040,54,72,62,1420,55,81,66,1320,56,36,54,2580,57,95,58,1160,58,30,46,2840,59,87,58,1160,60,75,66,1320,61,37,50,2380,62,68,46,920,63,83,60,1200,64,68,64,2240,65,68,56,1120,66,68,54,1860,67,45,66,2880,68,61,48,960,69,74,50,1000,70,101,64,1280,71,77,56,1120,72,64,48,960,73,65,66,3060,74,59,56,3160,75,55,62,2500,76,69,60,1200,77,83,58,1160,78,63,44,880,79,49,60,2460,80,46,60,2700,81,68,66,1320,82,72,64,1280,83,66,60,1860,84,67,48,960,85,66,54,1080,86,68,62,1240,87,57,54,1080,88,45,66,2700,89,50,50,1000,90,87,64,1280,91,56,40,800,92,50,54,1920,93,57,48,1920,94,70,50,1120,95,91,62,1240,96,41,44,1060,97,72,56,1120,98,55,50,1420,99,63,54,1080,100,44,66,3420
10,1168700,6889,1,70,52,1280,2,73,48,960,3,89,62,1240,4,79,58,1220,5,72,56,1120,6,74,48,960,7,75,64,2000,8,74,52,1040,9,52,60,2820,10,70,52,1040,11,55,50,2140,12,63,68,3520,13,71,56,1120,14,58,56,1840,15,62,50,1120,16,78,68,1360,17,89,74,1480,18,96,64,1640,19,68,50,1000,20,91,58,1220,21,47,68,3160,22,70,54,1980,23,69,52,1040,24,65,72,3660,25,57,50,1000,26,102,64,1280,27,89,60,1200,28,98,72,1440,29,46,68,3220,30,86,64,1280,31,53,44,1060,32,82,62,1240,33,106,66,1320,34,86,70,1460,35,59,70,2900,36,72,62,1240,37,68,60,1200,38,83,58,1160,39,77,54,1080,40,88,58,1160,41,111,74,1480,42,72,52,1040,43,105,62,1240,44,64,54,1080,45,61,58,1160,46,63,76,3140,47,58,66,3060,48,71,56,1180,49,80,62,1240,50,72,58,1160,51,51,56,2620,52,45,58,3080,53,89,56,1120,54,85,66,1500,55,97,72,1440,56,40,62,3040,57,101,76,1520,58,31,50,3220,59,99,58,1160,60,88,62,1240,61,44,58,2780,62,77,54,1080,63,96,58,1160,64,87,76,3020,65,78,60,1200,66,71,60,2460,67,52,70,3320,68,66,52,1040,69,83,56,1120,70,111,68,1360,71,85,64,1400,72,77,54,1140,73,70,74,3220,74,63,68,3880,75,63,66,2880,76,80,68,1360,77,97,66,1320,78,72,52,1040,79,61,58,2720,80,55,64,3020,81,74,64,1280,82,81,72,1440,83,75,60,2100,84,76,52,1040,85,77,62,1240,86,79,58,1160,87,65,58,1160,88,51,74,3100,89,57,54,1080,90,96,66,1320,91,64,48,960,92,51,60,2280,93,57,58,2600,94,76,58,1400,95,104,68,1420,96,49,46,1100,97,81,64,1340,98,60,56,1660,99,71,56,1300,100,49,62,3460
11,752405,7943,1,75,52,1520,2,80,56,1180,3,97,72,1440,4,93,64,1400,5,78,54,1080,6,84,56,1120,7,82,74,2320,8,83,54,1080,9,61,72,3360,10,78,58,1160,11,58,54,2520,12,66,76,4040,13,86,70,1400,14,67,58,2000,15,75,52,1340,16,98,78,1560,17,101,86,1720,18,105,68,1900,19,76,48,960,20,103,62,1300,21,59,74,3460,22,76,68,2560,23,82,58,1160,24,70,76,3860,25,72,54,1080,26,112,64,1280,27,101,76,1580,28,111,70,1400,29,56,70,3560,30,101,60,1200,31,59,44,1120,32,97,66,1320,33,122,74,1480,34,97,68,1660,35,72,74,3400,36,85,72,1440,37,79,64,1280,38,92,66,1380,39,87,64,1280,40,99,66,1320,41,124,82,1640,42,84,62,1240,43,108,90,1800,44,78,66,1320,45,70,58,1160,46,68,70,3140,47,66,76,3560,48,80,62,1360,49,94,66,1320,50,84,60,1200,51,55,66,3180,52,46,72,3960,53,95,62,1240,54,96,68,1600,55,110,74,1480,56,43,66,3300,57,115,76,1520,58,39,60,3900,59,98,84,1680,60,96,62,1240,61,50,54,2760,62,86,56,1180,63,107,74,1480,64,98,84,3720,65,88,68,1360,66,78,68,2920,67,62,78,4080,68,76,60,1200,69,97,68,1360,70,122,80,1600,71,99,72,2040,72,92,58,1460,73,78,86,3760,74,75,78,4500,75,68,72,3360,76,94,60,1500,77,112,74,1480,78,81,52,1040,79,69,74,3400,80,57,70,3260,81,84,60,1200,82,94,64,1280,83,77,66,2400,84,86,60,1200,85,87,68,1360,86,92,70,1400,87,74,62,1240,88,63,82,3320,89,64,60,1200,90,109,70,1400,91,74,60,1200,92,55,62,2620,93,66,66,3240,94,92,62,1780,95,112,76,1580,96,59,50,1240,97,89,64,1400,98,64,64,2000,99,82,58,1400,100,53,70,3740
12,440850,9053,1,86,64,1940,2,94,66,1440,3,112,70,1400,4,103,68,1600,5,85,62,1240,6,92,58,1160,7,89,78,2400,8,90,62,1240,9,71,62,2860,10,84,62,1240,11,62,60,2940,12,66,68,3640,13,103,76,1520,14,73,64,2120,15,87,60,1560,16,119,80,1600,17,100,66,1320,18,111,68,1840,19,81,60,1200,20,115,78,1920,21,64,88,3980,22,84,64,2720,23,95,68,1360,24,76,80,4240,25,82,58,1160,26,115,86,1720,27,111,82,1760,28,125,70,1400,29,59,82,4340,30,105,78,1560,31,70,48,1560,32,106,68,1360,33,112,66,1320,34,114,72,1920,35,80,82,3920,36,103,78,1560,37,92,66,1320,38,99,70,1520,39,97,72,1440,40,109,66,1320,41,124,68,1360,42,96,66,1320,43,116,72,1440,44,89,64,1280,45,83,66,1320,46,80,70,3080,47,74,62,2800,48,91,64,1460,49,104,70,1400,50,95,62,1240,51,68,70,3680,52,55,64,3440,53,109,68,1360,54,108,70,1760,55,125,80,1600,56,52,64,3500,57,119,62,1240,58,44,66,4440,59,106,66,1320,60,107,78,1560,61,57,64,3320,62,93,66,1440,63,116,62,1240,64,100,78,3780,65,98,64,1280,66,88,70,3020,67,68,74,3640,68,86,56,1120,69,115,76,1520,70,115,58,1160,71,113,72,2460,72,102,68,1900,73,87,64,2840,74,77,82,4760,75,77,80,3820,76,101,64,1940,77,127,72,1440,78,88,60,1200,79,73,78,3780,80,63,78,3900,81,96,66,1320,82,111,68,1360,83,89,66,2520,84,94,70,1400,85,103,66,1320,86,109,70,1400,87,90,68,1360,88,75,94,3920,89,70,54,1080,90,120,72,1440,91,88,64,1280,92,63,74,3220,93,75,64,3380,94,92,68,2080,95,124,64,1640,96,66,48,1320,97,103,72,1680,98,76,60,2100,99,88,64,1880,100,68,82,4280
13,210530,10247,1,94,72,2400,2,105,62,1360,3,127,72,1440,4,112,78,2160,5,94,70,1400,6,102,72,1440,7,96,86,2740,8,102,64,1280,9,80,72,3840,10,94,62,1240,11,65,64,3140,12,74,78,4620,13,116,74,1480,14,86,68,2380,15,93,62,1780,16,121,62,1240,17,114,74,1480,18,117,74,2140,19,100,70,1400,20,128,68,2140,21,70,86,3940,22,94,70,2900,23,103,68,1360,24,75,74,3640,25,95,62,1240,26,124,72,1440,27,117,58,1400,28,116,76,1520,29,70,80,4240,30,122,78,1560,31,79,60,2100,32,124,72,1440,33,127,84,1680,34,126,78,2340,35,85,80,3640,36,120,80,1600,37,101,76,1520,38,111,70,1520,39,113,78,1560,40,115,76,1520,41,117,76,1520,42,111,74,1480,43,130,82,1640,44,99,74,1480,45,94,70,1400,46,90,76,3200,47,85,78,3780,48,100,72,1920,49,121,72,1440,50,107,70,1400,51,77,62,3340,52,64,76,4160,53,118,70,1400,54,122,76,2180,55,118,74,1480,56,64,62,3460,57,127,80,1600,58,55,70,4700,59,121,80,1600,60,116,62,1240,61,62,64,2960,62,103,68,1600,63,122,66,1320,64,105,80,3940,65,113,74,1480,66,95,84,4260,67,75,90,4440,68,95,62,1240,69,125,64,1280,70,122,82,1640,71,123,78,3240,72,118,72,2340,73,90,74,3700,74,85,76,4700,75,84,74,3220,76,109,72,2160,77,115,76,1520,78,104,64,1280,79,77,70,3140,80,69,74,3820,81,110,76,1520,82,123,74,1480,83,99,82,3740,84,108,64,1280,85,117,74,1480,86,126,64,1280,87,102,72,1440,88,81,80,3280,89,85,64,1280,90,122,76,1520,91,105,68,1360,92,66,78,3360,93,89,62,3160,94,103,74,2620,95,127,94,2660,96,71,56,1780,97,125,74,2080,98,85,68,2500,99,95,68,2260,100,83,74,3640
14,76950,11442,1,108,70,2180,2,111,78,1740,3,117,82,1640,4,121,72,1980,5,101,64,1280,6,115,74,1480,7,98,76,2600,8,113,66,1320,9,81,72,3600,10,113,80,1600,11,71,68,3400,12,86,70,3980,13,127,66,1320,14,97,74,2560,15,99,66,2040,16,113,90,1800,17,127,76,1520,18,125,70,2180,19,111,72,1440,20,122,74,2080,21,79,80,3640,22,101,72,2880,23,111,74,1480,24,84,80,3880,25,109,62,1240,26,107,70,1400,27,122,74,1840,28,125,62,1240,29,76,78,4320,30,121,68,1360,31,93,66,2520,32,112,74,1480,33,118,72,1440,34,124,66,1920,35,94,84,4200,36,120,76,1520,37,120,74,1480,38,121,80,1780,39,118,68,1360,40,119,62,1240,41,118,66,1320,42,126,78,1560,43,127,66,1320,44,115,78,1560,45,107,74,1480,46,102,74,2860,47,97,76,3320,48,116,70,1760,49,117,78,1560,50,121,78,1560,51,85,66,4020,52,76,70,3680,53,123,94,1880,54,117,66,2040,55,125,66,1320,56,72,68,3400,57,118,64,1280,58,61,70,4640,59,116,60,1200,60,125,82,1640,61,76,68,3040,62,120,72,1800,63,122,84,1680,64,105,84,4320,65,130,80,1600,66,107,76,3800,67,81,84,3960,68,104,66,1320,69,115,80,1600,70,115,66,1320,71,113,62,2560,72,130,74,2200,73,93,74,3280,74,92,74,4300,75,91,68,2860,76,122,86,2980,77,120,66,1320,78,116,70,1400,79,93,74,2980,80,77,80,3880,81,120,72,1440,82,115,72,1440,83,102,72,3120,84,112,84,1680,85,128,62,1240,86,117,90,1800,87,117,78,1560,88,82,78,3240,89,101,70,1400,90,118,62,1240,91,115,72,1440,92,70,76,3080,93,96,72,3960,94,108,68,2320,95,122,74,2080,96,80,58,1880,97,108,64,1820,98,88,64,2420,99,109,76,2720,100,84,78,3840
15,-6730,12705,1,119,74,2260,2,123,62,1540,3,128,66,1320,4,115,72,2040,5,114,68,1360,6,124,74,1480,7,104,72,2400,8,120,84,1680,9,93,88,4280,10,115,66,1320,11,82,76,3740,12,92,80,4960,13,124,84,1680,14,107,66,2340,15,109,70,2300,16,117,72,1440,17,121,62,1240,18,117,82,2780,19,130,76,1520,20,122,62,1840,21,83,90,4080,22,109,76,3140,23,131,78,1560,24,90,78,3480,25,118,70,1400,26,118,80,1600,27,114,66,1740,28,115,74,1480,29,82,78,4140,30,119,90,1800,31,106,66,2580,32,130,82,1640,33,129,84,1680,34,124,94,2720,35,96,80,4240,36,119,64,1280,37,122,64,1280,38,118,72,1740,39,122,92,1840,40,129,72,1440,41,122,86,1780,42,122,58,1160,43,117,74,1480,44,124,72,1440,45,125,72,1440,46,108,72,3000,47,100,74,3100,48,134,76,1880,49,122,64,1280,50,118,64,1280,51,99,76,4640,52,84,66,3300,53,122,74,1480,54,122,84,2700,55,118,76,1520,56,84,80,3880,57,124,72,1440,58,68,78,4980,59,121,78,1560,60,117,68,1360,61,88,68,3160,62,123,74,1900,63,114,70,1400,64,106,78,3900,65,124,68,1360,66,114,78,4380,67,85,76,3500,68,124,74,1480,69,119,64,1280,70,117,84,1680,71,120,72,3000,72,116,70,2120,73,110,72,3060,74,107,82,4820,75,105,82,3440,76,115,76,2600,77,124,92,1840,78,126,76,1520,79,96,80,3400,80,86,74,3400,81,123,74,1480,82,131,72,1440,83,117,70,3380,84,120,68,1360,85,126,78,1560,86,123,72,1440,87,128,72,1440,88,90,82,3440,89,113,68,1360,90,126,80,1600,91,124,78,1560,92,77,68,2800,93,103,64,3500,94,116,74,2560,95,113,62,1840,96,89,62,2260,97,107,84,2280,98,94,72,3000,99,119,80,2860,100,93,78,3480
16,-57825,13927,1,126,66,2280,2,117,76,2000,3,122,84,1680,4,123,70,1820,5,129,80,1600,6,117,70,1400,7,118,86,2980,8,123,78,1560,9,95,70,3440,10,119,82,1640,11,84,82,3860,12,102,78,4680,13,122,68,1360,14,113,72,2880,15,116,74,2380,16,130,86,1720,17,111,70,1400,18,113,68,2200,19,117,68,1360,20,118,82,2300,21,92,80,3460,22,115,72,2760,23,128,64,1280,24,103,80,3400,25,128,84,1680,26,120,76,1520,27,118,90,2280,28,123,66,1320,29,96,78,4020,30,124,62,1240,31,122,80,3280,32,127,60,1200,33,121,68,1360,34,115,70,1940,35,106,80,3880,36,120,88,1760,37,113,76,1520,38,129,72,1920,39,110,74,1480,40,117,74,1480,41,115,72,1620,42,117,74,1480,43,128,66,1320,44,113,74,1480,45,104,70,1400,46,117,68,2560,47,113,88,3500,48,122,78,1980,49,126,84,1680,50,125,80,1600,51,102,76,4280,52,92,78,4260,53,116,66,1320,54,110,74,2680,55,121,72,1440,56,89,68,3220,57,113,74,1480,58,79,74,5080,59,117,64,1280,60,128,92,1840,61,101,70,3020,62,118,72,1920,63,123,70,1400,64,102,86,4420,65,115,86,1720,66,124,76,4040,67,91,92,4540,68,114,68,1360,69,125,88,1760,70,125,68,1360,71,120,72,3120,72,131,82,2780,73,116,84,3420,74,109,70,3920,75,110,74,3340,76,116,66,2340,77,116,84,1680,78,118,68,1360,79,106,76,3380,80,94,80,3520,81,114,68,1360,82,120,76,1520,83,114,80,3580,84,120,94,1880,85,119,68,1360,86,108,70,1400,87,117,78,1560,88,95,80,3220,89,124,78,1560,90,118,70,1400,91,120,62,1240,92,88,84,3300,93,115,72,3900,94,126,70,2660,95,126,82,2300,96,99,70,2600,97,115,70,1820,98,98,78,3240,99,117,80,3280,100,101,80,3400
17,-86425,15139,1,122,86,3040,2,125,64,1760,3,114,74,1480,4,115,82,2060,5,120,68,1360,6,127,86,1720,7,120,70,2480,8,114,74,1480,9,107,84,4200,10,125,72,1440,11,86,80,3640,12,97,80,4900,13,118,86,1720,14,120,74,2920,15,119,74,2680,16,125,76,1520,17,128,74,1480,18,127,86,2740,19,119,94,1880,20,116,74,2140,21,104,86,3640,22,121,72,3000,23,126,86,1720,24,110,72,3120,25,124,74,1480,26,124,66,1320,27,125,78,2040,28,115,82,1640,29,107,86,4360,30,118,84,1680,31,115,66,2640,32,120,82,1640,33,128,88,1760,34,125,76,2060,35,103,72,3480,36,121,76,1520,37,121,62,1240,38,117,76,2000,39,127,82,1640,40,121,66,1320,41,129,78,1920,42,127,72,1440,43,127,82,1640,44,125,86,1720,45,119,76,1520,46,120,88,3380,47,113,74,2980,48,116,62,1660,49,120,66,1320,50,115,62,1240,51,114,84,4380,52,100,76,3740,53,125,90,1800,54,125,82,2840,55,114,74,1480,56,100,66,3240,57,127,84,1680,58,84,64,4280,59,122,78,1560,60,126,76,1520,61,106,68,2920,62,126,78,2040,63,112,80,1600,64,108,82,4160,65,112,74,1480,66,116,68,3760,67,94,84,3900,68,121,80,1600,69,118,64,1280,70,122,88,1760,71,123,76,3140,72,126,78,2640,73,119,78,3060,74,125,84,4860,75,115,74,3400,76,118,76,2660,77,123,76,1520,78,123,80,1600,79,118,80,3520,80,104,76,3320,81,125,88,1760,82,119,66,1320,83,121,74,3160,84,118,74,1480,85,128,86,1720,86,122,74,1480,87,121,64,1280,88,112,86,3280,89,120,76,1520,90,127,84,1680,91,123,80,1600,92,97,82,2960,93,121,78,4020,94,119,78,3180,95,122,78,2220,96,107,72,2640,97,127,80,2020,98,110,84,3300,99,122,72,2760,100,111,88,3440
18,-118515,16322,1,119,78,2640,2,121,76,2000,3,132,66,1320,4,121,66,1800,5,129,92,1840,6,120,68,1360,7,119,96,3360,8,128,80,1600,9,108,76,3860,10,114,70,1400,11,93,84,4020,12,110,80,4540,13,126,74,1480,14,126,74,3460,15,118,60,2160,16,115,58,1160,17,118,76,1520,18,120,68,2380,19,126,70,1400,20,130,68,1900,21,103,78,3360,22,118,64,2600,23,121,70,1400,24,121,78,3120,25,115,68,1360,26,123,90,1800,27,120,72,1800,28,120,72,1440,29,109,74,3760,30,122,76,1520,31,121,82,2840,32,125,62,1240,33,123,80,1600,34,116,62,1660,35,118,82,3860,36,122,72,1440,37,116,78,1560,38,123,64,1760,39,119,66,1320,40,121,90,1800,41,120,72,1980,42,115,78,1560,43,123,72,1440,44,122,72,1440,45,119,66,1320,46,126,78,2940,47,126,76,2960,48,121,78,1980,49,121,86,1720,50,120,84,1680,51,109,74,4060,52,105,78,3840,53,117,76,1520,54,117,74,2680,55,126,82,1640,56,109,68,3160,57,120,68,1360,58,94,80,5080,59,116,66,1320,60,121,64,1280,61,116,68,2800,62,117,60,1560,63,119,74,1480,64,112,78,4020,65,122,76,1520,66,122,86,4540,67,108,82,3920,68,117,74,1480,69,129,84,1680,70,118,72,1440,71,120,66,2520,72,121,62,2020,73,118,72,2880,74,117,74,4180,75,121,70,3080,76,119,72,2640,77,121,74,1480,78,117,66,1320,79,120,66,3000,80,116,76,3200,81,121,72,1440,82,125,80,1600,83,116,72,3540,84,121,72,1440,85,122,70,1400,86,117,66,1320,87,119,78,1560,88,111,76,2960,89,116,76,1520,90,125,78,1560,91,117,68,1360,92,106,80,3100,93,115,70,3800,94,128,70,2780,95,115,64,1820,96,121,70,2600,97,124,62,1720,98,110,78,3000,99,113,72,2640,100,113,72,3000
19,-118090,17542,1,128,68,2440,2,118,72,1980,3,118,78,1560,4,123,90,2520,5,121,76,1520,6,123,88,1760,7,117,86,2920,8,116,62,1240,9,116,74,3700,10,126,84,1680,11,110,86,3880,12,110,74,4300,13,118,66,1320,14,119,66,3000,15,123,74,2740,16,125,74,1480,17,122,68,1360,18,122,76,2480,19,109,78,1560,20,117,72,2040,21,115,82,3560,22,122,80,3280,23,118,88,1760,24,110,72,3240,25,123,90,1800,26,122,78,1560,27,124,78,2160,28,120,80,1600,29,121,72,4020,30,115,60,1200,31,116,68,2620,32,118,86,1720,33,118,70,1400,34,128,76,2000,35,114,74,3760,36,114,74,1480,37,119,64,1280,38,115,80,2140,39,126,82,1640,40,117,62,1240,41,121,74,1960,42,123,66,1320,43,113,72,1440,44,112,76,1520,45,119,78,1560,46,119,72,2700,47,120,70,2960,48,116,64,1700,49,115,66,1320,50,116,70,1400,51,122,80,4480,52,112,76,3680,53,129,64,1280,54,122,78,3240,55,118,68,1360,56,117,76,3440,57,122,88,1760,58,98,80,4780,59,122,92,1840,60,114,72,1440,61,115,76,3260,62,123,74,2080,63,128,68,1360,64,119,78,4140,65,112,70,1400,66,115,74,4120,67,106,78,3720,68,123,68,1360,69,121,72,1440,70,127,76,1520,71,126,92,3400,72,117,74,2560,73,128,78,3120,74,122,80,4540,75,125,84,3780,76,125,78,3300,77,115,70,1400,78,124,78,1560,79,118,86,3820,80,113,66,2880,81,117,76,1520,82,120,72,1440,83,125,72,3600,84,113,72,1440,85,117,86,1720,86,120,96,1920,87,121,64,1280,88,124,88,3500,89,122,64,1280,90,117,62,1240,91,129,82,1640,92,110,74,2980,93,118,78,4260,94,118,72,3000,95,117,80,2200,96,113,94,3560,97,116,78,2280,98,116,72,2880,99,123,80,2860,100,130,82,3440
20,-127350,18745,1,112,78,2940,2,129,78,2040,3,121,64,1280,4,123,72,2100,5,117,70,1400,6,116,76,1520,7,121,76,2660,8,127,76,1520,9,118,74,3700,10,123,74,1480,11,111,76,3440,12,121,76,4460,13,121,90,1800,14,128,76,3140,15,113,72,2940,16,114,62,1240,17,124,82,1640,18,115,62,2140,19,120,70,1400,20,131,66,1860,21,126,78,3540,22,115,74,2920,23,118,78,1560,24,126,80,3520,25,121,70,1400,26,118,70,1400,27,117,64,1700,28,122,64,1280,29,125,80,4540,30,126,74,1480,31,131,94,3680,32,125,76,1520,33,126,82,1640,34,120,68,1840,35,125,74,3580,36,124,72,1440,37,124,78,1560,38,119,66,1800,39,126,68,1360,40,127,92,1900,41,118,68,1840,42,116,78,1560,43,128,80,1600,44,123,72,1440,45,123,68,1360,46,130,76,2660,47,123,82,3140,48,123,80,2140,49,127,76,1520,50,133,84,1680,51,115,70,3980,52,109,68,3160,53,129,92,1840,54,116,72,2820,55,130,80,1600,56,122,74,3460,57,116,72,1500,58,105,70,4340,59,115,74,1480,60,127,76,1520,61,118,66,2640,62,122,66,1740,63,120,66,1320,64,122,70,3680,65,127,72,1440,66,131,74,4120,67,117,78,3360,68,118,80,1600,69,120,72,1440,70,120,62,1240,71,119,74,2620,72,124,68,2140,73,118,70,2900,74,120,74,4060,75,118,80,3520,76,116,60,2640,77,128,84,1680,78,122,64,1280,79,122,76,3440,80,121,84,3360,81,124,68,1360,82,127,78,1560,83,107,74,3700,84,127,76,1520,85,126,78,1560,86,119,74,1480,87,118,80,1600,88,119,74,2800,89,120,88,1760,90,123,82,1640,91,118,60,1200,92,121,78,3060,93,117,62,3100,94,130,82,3500,95,123,74,2020,96,123,80,2980,97,122,72,2100,98,121,76,3080,99,114,76,3320,100,120,76,3440
21,-116820,19947,1,113,70,2360,2,121,74,2020,3,121,80,1600,4,114,82,2360,5,130,80,1600,6,124,68,1360,7,119,74,2380,8,113,66,1320,9,128,74,3580,10,114,66,1320,11,114,84,3840,12,115,74,4360,13,123,80,1600,14,116,58,2480,15,124,80,3100,16,120,72,1440,17,117,70,1400,18,127,94,2840,19,116,88,1760,20,125,76,2300,21,116,78,3540,22,125,70,3020,23,120,64,1280,24,120,66,2700,25,119,92,1840,26,128,80,1600,27,124,80,2140,28,122,84,1680,29,122,68,4060,30,111,68,1360,31,125,76,3020,32,119,66,1320,33,116,74,1480,34,120,96,2640,35,117,76,3920,36,113,76,1520,37,120,68,1360,38,126,98,2500,39,119,82,1640,40,124,72,1560,41,132,84,2100,42,125,62,1240,43,112,68,1360,44,108,66,1320,45,128,84,1680,46,114,78,2880,47,120,70,2780,48,118,64,1760,49,115,64,1280,50,128,72,1440,51,126,84,4980,52,123,72,3360,53,123,78,1560,54,127,86,3340,55,123,64,1280,56,124,74,3460,57,133,80,1720,58,118,80,4900,59,123,66,1320,60,118,66,1320,61,121,90,3960,62,117,80,2140,63,129,92,1840,64,116,82,4400,65,117,76,1520,66,110,74,4300,67,114,78,3480,68,126,70,1400,69,119,74,1480,70,131,74,1480,71,122,62,2560,72,120,88,2720,73,130,96,3300,74,119,76,4460,75,126,74,3160,76,124,84,3840,77,121,76,1520,78,125,80,1600,79,114,68,3040,80,116,72,2880,81,119,82,1640,82,124,70,1400,83,119,78,3900,84,116,64,1280,85,122,62,1240,86,127,60,1200,87,127,72,1440,88,121,84,3840,89,119,74,1480,90,118,74,1540,91,123,74,1480,92,117,72,3060,93,123,76,3860,94,123,68,2860,95,121,80,2380,96,118,76,3140,97,116,78,2280,98,117,68,2860,99,118,68,2860,100,123,68,2740
22,-131000,21137,1,121,76,2840,2,114,70,1940,3,111,68,1360,4,116,70,2120,5,126,66,1320,6,111,86,1720,7,122,74,2740,8,125,84,1680,9,118,82,3980,10,132,86,1720,11,121,80,3640,12,125,82,5060,13,120,72,1440,14,125,70,3260,15,118,66,2640,16,123,72,1440,17,127,72,1440,18,125,72,2400,19,115,68,1360,20,122,64,1760,21,121,76,3320,22,111,84,3540,23,126,88,1760,24,126,80,3220,25,127,76,1520,26,124,66,1320,27,122,74,1960,28,116,76,1520,29,120,82,4460,30,126,84,1680,31,111,72,3300,32,121,94,1880,33,124,74,1480,34,121,76,2240,35,122,68,3340,36,118,70,1400,37,122,74,1480,38,124,68,1900,39,123,72,1440,40,114,72,1440,41,126,70,2000,42,118,76,1520,43,126,82,1640,44,124,84,1680,45,124,72,1440,46,115,60,2340,47,122,82,2900,48,128,76,2180,49,124,80,1600,50,114,80,1600,51,120,74,4360,52,108,66,3000,53,112,68,1360,54,114,74,2920,55,110,74,1480,56,117,68,3160,57,119,64,1280,58,115,72,4620,59,117,70,1460,60,123,84,1680,61,119,76,3260,62,124,74,1960,63,122,80,1600,64,117,78,4140,65,124,64,1280,66,116,72,4140,67,124,72,3120,68,115,72,1440,69,123,68,1360,70,117,76,1520,71,119,76,2720,72,120,78,2520,73,125,84,2940,74,124,74,4480,75,114,78,3480,76,120,72,3360,77,118,68,1360,78,117,58,1160,79,129,76,3440,80,124,80,3220,81,122,72,1440,82,115,74,1480,83,120,72,3660,84,126,88,1760,85,119,78,1560,86,125,80,1600,87,118,68,1360,88,114,76,3260,89,124,66,1320,90,122,64,1340,91,112,68,1360,92,126,78,3120,93,124,70,3620,94,123,94,3740,95,116,70,1880,96,126,70,2840,97,120,72,2160,98,123,86,3520,99,127,84,3540,100,113,78,3180
23,-125275,22292,1,121,68,2320,2,130,82,2300,3,125,82,1640,4,124,86,2800,5,122,78,1560,6,116,76,1520,7,122,78,3180,8,120,70,1400,9,118,70,3380,10,118,70,1400,11,107,76,3500,12,123,74,4420,13,120,82,1640,14,119,80,3940,15,122,88,3260,16,112,68,1360,17,116,74,1480,18,114,72,2400,19,117,80,1600,20,117,72,2280,21,114,82,3800,22,117,70,2840,23,121,80,1600,24,119,70,2840,25,120,66,1320,26,112,82,1640,27,116,68,1900,28,118,60,1200,29,118,70,3920,30,125,70,1400,31,119,74,3220,32,117,74,1480,33,112,68,1360,34,116,64,2000,35,116,88,4700,36,126,88,1760,37,114,72,1440,38,125,82,2300,39,113,74,1480,40,125,78,1560,41,116,72,2160,42,120,64,1280,43,123,74,1480,44,118,72,1440,45,110,82,1640,46,121,66,2400,47,121,68,2380,48,118,66,1980,49,115,74,1480,50,116,62,1240,51,125,86,5380,52,125,82,3980,53,128,78,1560,54,123,80,2980,55,128,86,1720,56,121,90,3960,57,129,82,1640,58,128,84,5160,59,126,84,1740,60,117,76,1520,61,113,66,2880,62,112,68,1900,63,115,72,1440,64,129,76,4160,65,115,78,1560,66,128,76,4340,67,110,88,4100,68,124,72,1440,69,119,86,1720,70,116,66,1320,71,124,62,2380,72,120,76,2420,73,118,66,2340,74,117,66,3840,75,121,76,3260,76,120,86,4300,77,132,74,1480,78,128,72,1440,79,118,70,3140,80,118,70,2780,81,116,80,1600,82,127,74,1480,83,115,78,4020,84,121,68,1360,85,120,72,1440,86,118,70,1400,87,133,86,1720,88,127,72,3000,89,122,102,2040,90,123,82,1700,91,129,78,1560,92,115,72,3000,93,117,78,4080,94,116,72,3060,95,123,78,2400,96,111,76,2900,97,117,80,2680,98,122,78,3360,99,120,76,3260,100,122,74,2920
24,-128120,23425,1,124,78,2700,2,124,78,2280,3,116,62,1240,4,113,74,2380,5,115,68,1360,6,124,68,1360,7,116,74,2860,8,125,84,1680,9,127,86,4180,10,131,88,1760,11,119,76,3500,12,114,82,5000,13,123,70,1400,14,121,68,3400,15,119,76,2900,16,126,78,1560,17,123,66,1320,18,134,74,2380,19,125,70,1400,20,132,72,2160,21,117,76,3380,22,123,88,3500,23,119,76,1520,24,127,94,3560,25,120,82,1640,26,119,74,1480,27,123,84,2400,28,123,76,1520,29,125,84,4680,30,115,80,1600,31,125,70,3080,32,125,68,1360,33,128,72,1440,34,117,78,2220,35,120,80,4300,36,123,76,1520,37,130,84,1680,38,122,74,2200,39,128,76,1520,40,121,68,1360,41,129,78,2220,42,122,78,1560,43,114,70,1400,44,126,76,1520,45,116,74,1480,46,124,76,2720,47,119,94,3500,48,123,82,2420,49,123,70,1400,50,119,80,1600,51,116,76,4520,52,117,74,3460,53,120,68,1360,54,113,74,2920,55,126,74,1480,56,118,80,3460,57,123,68,1360,58,121,74,4840,59,120,72,1500,60,123,68,1360,61,122,88,3740,62,119,72,2160,63,132,84,1680,64,119,78,4320,65,118,64,1280,66,115,64,3620,67,117,78,3540,68,112,74,1480,69,123,76,1520,70,119,84,1680,71,127,80,3100,72,120,80,2800,73,117,90,3420,74,122,76,4460,75,119,72,3180,76,124,74,3640,77,120,78,1560,78,112,78,1560,79,126,86,3460,80,123,92,3820,81,117,72,1440,82,113,78,1560,83,123,70,3620,84,121,82,1640,85,123,70,1400,86,123,86,1720,87,125,78,1560,88,114,80,3580,89,118,82,1640,90,112,72,1440,91,123,66,1320,92,129,76,3200,93,125,76,4040,94,125,82,3560,95,117,68,2080,96,121,72,2880,97,120,74,2380,98,113,72,2940,99,114,76,3200,100,107,74,3160
25,-131490,24579,1,117,70,2360,2,113,70,1940,3,127,82,1640,4,127,76,2480,5,123,80,1600,6,116,84,1680,7,120,78,3180,8,120,72,1440,9,120,72,3360,10,122,70,1400,11,124,76,3500,12,119,70,4040,13,118,84,1680,14,123,84,4080,15,126,64,2480,16,120,66,1320,17,114,80,1600,18,121,74,2560,19,110,84,1680,20,123,72,2220,21,121,74,3220,22,122,76,3080,23,125,74,1480,24,123,76,3080,25,123,70,1400,26,127,72,1440,27,115,66,2040,28,119,66,1320,29,118,72,3720,30,120,66,1320,31,107,80,3280,32,121,98,1960,33,114,70,1400,34,124,64,1880,35,122,78,4140,36,113,68,1360,37,122,72,1440,38,118,64,1820,39,118,70,1400,40,115,84,1680,41,119,72,2220,42,114,66,1320,43,135,86,1720,44,120,72,1440,45,126,66,1320,46,116,64,2300,47,122,80,2920,48,121,70,1940,49,111,90,1800,50,117,72,1440,51,122,74,4360,52,119,68,3040,53,128,78,1560,54,126,82,3200,55,113,68,1360,56,117,72,3180,57,123,84,1680,58,119,72,4740,59,122,76,1640,60,116,82,1640,61,116,72,3120,62,126,76,2240,63,125,76,1520,64,132,72,3840,65,126,84,1680,66,120,82,4640,67,123,68,3040,68,126,78,1560,69,117,72,1440,70,127,76,1520,71,121,70,2720,72,117,74,2440,73,123,80,2920,74,126,66,3900,75,127,72,3000,76,116,74,3700,77,120,72,1440,78,114,66,1320,79,118,68,2920,80,119,78,3120,81,140,84,1680,82,122,66,1320,83,122,86,4300,84,112,64,1280,85,119,84,1680,86,121,66,1320,87,116,72,1440,88,123,72,3120,89,122,74,1480,90,133,82,1760,91,118,80,1600,92,121,74,3040,93,116,72,3780,94,121,68,3100,95,127,84,2460,96,114,76,3080,97,117,70,2360,98,127,72,2760,99,125,74,3160,100,121,78,3120
26,-118755,25766,1,127,84,2820,2,137,86,2680,3,118,74,1480,4,114,64,2180,5,118,70,1400,6,119,70,1400,7,116,70,2660,8,126,74,1480,9,117,78,3960,10,121,88,1760,11,114,72,3420,12,132,80,4600,13,122,76,1520,14,120,66,3180,15,117,76,2780,16,120,78,1560,17,117,72,1440,18,120,66,2280,19,116,68,1360,20,117,68,1960,21,113,80,3700,22,117,86,3880,23,117,76,1520,24,120,72,3000,25,116,82,1640,26,114,70,1400,27,118,84,2340,28,122,88,1760,29,128,80,4060,30,124,88,1760,31,113,72,3000,32,124,88,1760,33,132,86,1720,34,123,78,2280,35,119,76,3980,36,125,88,1760,37,108,72,1440,38,125,86,2680,39,132,88,1760,40,120,62,1240,41,127,76,2120,42,119,78,1560,43,130,68,1360,44,124,76,1520,45,129,84,1680,46,123,82,3140,47,121,74,2800,48,123,82,2180,49,120,72,1440,50,131,76,1520,51,118,72,4200,52,133,92,4240,53,124,60,1200,54,119,70,2720,55,124,74,1480,56,131,84,3780,57,120,74,1480,58,135,78,5160,59,121,62,1300,60,123,68,1360,61,129,74,3280,62,117,70,2060,63,121,74,1480,64,118,74,3880,65,120,68,1360,66,118,78,4260,67,113,88,4160,68,111,70,1400,69,132,82,1640,70,115,70,1400,71,119,82,3260,72,123,72,2580,73,118,76,2840,74,126,90,5460,75,124,84,3780,76,121,76,3860,77,120,78,1560,78,121,94,1880,79,121,88,3860,80,120,70,2840,81,134,70,1400,82,116,74,1480,83,116,74,3820,84,114,82,1640,85,125,76,1520,86,117,76,1520,87,131,78,1560,88,110,78,3360,89,114,70,1400,90,125,74,1600,91,122,74,1480,92,115,76,3320,93,130,74,3820,94,121,82,3500,95,115,74,2080,96,122,66,2640,97,130,74,2380,98,111,72,2760,99,117,70,2960,100,116,70,2960
27,-131415,26921,1,116,78,2520,2,130,82,2480,3,127,68,1360,4,127,88,2720,5,127,92,1840,6,124,88,1760,7,131,80,3160,8,113,76,1520,9,118,70,3500,10,118,66,1320,11,128,82,3800,12,120,70,3860,13,115,66,1320,14,120,88,4040,15,124,64,2480,16,120,68,1360,17,127,78,1560,18,116,72,2400,19,124,88,1760,20,121,88,2540,21,122,74,3160,22,120,76,3080,23,123,68,1360,24,127,82,3740,25,124,74,1480,26,125,76,1520,27,121,74,2020,28,115,74,1480,29,120,72,3840,30,119,60,1200,31,122,78,3180,32,121,74,1480,33,125,74,1480,34,118,66,1920,35,119,74,3760,36,119,68,1360,37,128,74,1480,38,125,68,2200,39,127,70,1400,40,123,82,1640,41,116,76,2240,42,120,70,1400,43,118,74,1480,44,122,64,1280,45,121,74,1480,46,119,66,2520,47,119,70,2660,48,121,70,2000,49,119,74,1480,50,116,86,1720,51,127,80,4300,52,129,78,3720,53,122,68,1360,54,121,88,3500,55,114,66,1320,56,122,76,3200,57,121,70,1400,58,119,84,5220,59,112,78,1560,60,113,76,1520,61,116,84,3600,62,125,82,2180,63,112,68,1360,64,127,80,4420,65,120,90,1800,66,118,72,4080,67,112,80,3760,68,123,72,1440,69,124,76,1520,70,128,80,1600,71,122,70,2660,72,113,70,2300,73,125,72,2700,74,119,68,4120,75,118,68,2860,76,122,72,3540,77,116,68,1360,78,127,76,1520,79,117,72,2940,80,131,82,3320,81,121,66,1320,82,124,72,1440,83,126,78,3900,84,124,70,1400,85,117,70,1400,86,123,70,1400,87,122,66,1320,88,121,80,3520,89,129,80,1600,90,114,72,1560,91,114,64,1280,92,123,72,3180,93,113,76,3980,94,118,74,3220,95,130,74,2260,96,121,86,3460,97,118,74,2440,98,126,74,2560,99,124,82,3260,100,124,88,3860
28,-125570,28081,1,118,68,2200,2,120,72,2220,3,117,76,1520,4,118,68,2260,5,120,76,1520,6,118,74,1480,7,127,70,2780,8,119,66,1320,9,123,84,4020,10,126,94,1880,11,123,76,3440,12,122,84,4440,13,117,86,1720,14,120,76,3680,15,122,90,3540,16,127,86,1720,17,119,66,1320,18,129,78,2640,19,117,68,1360,20,124,76,2120,21,115,76,3200,22,115,80,3460,23,119,82,1640,24,120,74,3400,25,119,72,1440,26,121,66,1320,27,120,70,1940,28,122,74,1480,29,119,80,4480,30,119,86,1720,31,123,72,3000,32,122,64,1280,33,117,70,1400,34,129,84,2520,35,122,74,3820,36,121,90,1800,37,113,66,1320,38,120,76,2360,39,114,72,1440,40,124,70,1400,41,123,70,2180,42,123,92,1840,43,124,68,1360,44,119,84,1680,45,113,70,1400,46,123,82,3140,47,118,88,3500,48,119,88,2360,49,121,68,1360,50,117,70,1400,51,119,72,4140,52,119,76,3620,53,117,86,1720,54,123,74,2920,55,122,86,1720,56,118,72,3120,57,119,76,1520,58,121,70,4520,59,115,66,1380,60,119,66,1320,61,124,68,3100,62,123,70,1940,63,138,74,1480,64,118,74,4180,65,116,78,1560,66,120,74,4000,67,120,78,3660,68,115,76,1520,69,112,66,1320,70,122,68,1360,71,113,88,3560,72,129,82,3080,73,120,84,3420,74,123,84,5040,75,127,86,3760,76,120,72,3540,77,125,82,1700,78,119,66,1320,79,128,86,3760,80,124,76,3260,81,120,92,1840,82,111,74,1480,83,118,72,3480,84,114,76,1520,85,130,82,1640,86,115,80,1600,87,119,86,1720,88,121,76,3260,89,120,72,1440,90,133,86,1900,91,119,84,1680,92,116,70,2900,93,123,68,3640,94,116,64,2900,95,117,72,2040,96,117,72,2880,97,128,72,2340,98,117,74,2620,99,113,72,3000,100,119,80,3520
29,-126430,29281,1,128,80,2500,2,119,72,2280,3,121,70,1400,4,127,82,2480,5,117,70,1400,6,120,68,1360,7,113,74,2860,8,128,88,1760,9,123,74,3520,10,122,76,1520,11,113,72,3420,12,117,70,3920,13,119,80,1600,14,126,78,4020,15,118,80,3040,16,123,82,1640,17,127,84,1680,18,116,68,2200,19,126,88,1760,20,117,74,2200,21,123,72,3120,22,121,78,3300,23,125,74,1480,24,124,74,3400,25,125,72,1440,26,119,86,1720,27,121,88,2360,28,118,66,1320,29,121,74,4120,30,121,74,1480,31,109,74,3160,32,115,88,1760,33,129,86,1720,34,122,66,1920,35,110,74,4060,36,117,72,1440,37,113,84,1680,38,119,70,2300,39,126,82,1640,40,118,76,1520,41,118,86,2800,42,117,74,1480,43,112,76,1520,44,121,74,1480,45,131,74,1480,46,115,70,2660,47,122,72,2940,48,126,70,2060,49,112,88,1760,50,127,80,1600,51,128,78,4680,52,128,70,3320,53,124,70,1400,54,122,74,2980,55,120,74,1480,56,125,74,3160,57,123,66,1320,58,120,84,5340,59,125,84,1860,60,125,84,1680,61,120,84,3660,62,118,78,2160,63,125,84,1680,64,127,88,5120,65,119,76,1520,66,113,66,3840,67,114,76,3440,68,118,64,1280,69,123,102,2040,70,123,92,1840,71,121,74,2860,72,125,68,2380,73,118,74,2980,74,116,76,4520,75,118,70,2900,76,122,76,3920,77,118,72,1500,78,126,84,1680,79,125,72,2940,80,121,70,3080,81,121,76,1520,82,126,78,1560,83,133,82,4040,84,118,62,1240,85,122,66,1320,86,116,72,1440,87,121,76,1520,88,118,76,3500,89,120,76,1520,90,125,76,1700,91,118,70,1400,92,127,78,3300,93,112,86,4720,94,118,80,3400,95,130,80,2320,96,129,76,3020,97,114,70,2240,98,125,68,2560,99,125,76,3200,100,121,80,3520
30,-130590,30442,1,123,68,2260,2,128,84,3000,3,116,88,1760,4,122,80,2680,5,127,82,1640,6,114,82,1640,7,130,80,2980,8,123,70,1400,9,119,78,4080,10,118,62,1240,11,124,78,3480,12,122,80,4600,13,123,66,1320,14,118,74,3760,15,118,68,2440,16,120,70,1400,17,121,66,1320,18,112,92,3280,19,122,72,1440,20,126,72,1980,21,121,78,3480,22,115,72,2940,23,111,66,1320,24,118,74,3340,25,115,78,1560,26,119,76,1520,27,117,66,1800,28,125,88,1760,29,110,70,4160,30,114,70,1400,31,121,84,3540,32,123,78,1560,33,128,72,1440,34,114,82,2420,35,120,78,4140,36,134,80,1600,37,117,62,1240,38,117,92,3220,39,119,66,1320,40,124,60,1200,41,123,72,2340,42,123,72,1440,43,120,66,1320,44,114,68,1360,45,120,74,1480,46,129,80,2980,47,106,78,3180,48,117,70,2000,49,123,64,1280,50,121,68,1360,51,118,80,4840,52,119,72,3360,53,116,74,1480,54,118,74,2980,55,119,64,1280,56,112,74,3400,57,116,84,1680,58,116,74,4720,59,116,76,1640,60,119,70,1400,61,120,70,2960,62,124,64,1760,63,119,62,1240,64,118,80,4540,65,117,70,1400,66,122,82,4820,67,121,78,3480,68,130,84,1680,69,117,76,1520,70,114,74,1480,71,120,76,3020,72,118,82,2960,73,123,74,3100,74,115,74,4360,75,131,84,3660,76,120,70,3440,77,134,76,1580,78,124,72,1440,79,109,86,3700,80,125,84,3720,81,116,66,1320,82,110,74,1480,83,120,76,3800,84,122,84,1680,85,116,78,1560,86,133,78,1560,87,117,68,1360,88,125,70,2960,89,123,68,1360,90,116,64,1520,91,122,82,1640,92,122,72,3000,93,121,74,4000,94,126,70,3080,95,126,60,1740,96,122,74,2980,97,124,72,2520,98,119,92,3520,99,116,72,3300,100,116,72,3300
31,-119080,31671,1,129,90,2880,2,117,76,2780,3,120,72,1440,4,123,74,2380,5,120,60,1200,6,120,68,1360,7,126,68,2740,8,110,80,1600,9,123,76,4040,10,124,80,1600,11,110,66,2940,12,118,80,4480,13,119,94,1880,14,120,76,3920,15,127,80,3040,16,125,96,1920,17,117,90,1800,18,116,72,2400,19,111,64,1280,20,109,76,2180,21,112,70,2960,22,123,82,3320,23,120,82,1640,24,111,74,3640,25,121,74,1480,26,117,64,1280,27,123,78,2220,28,118,74,1480,29,118,84,4800,30,127,76,1520,31,116,70,2960,32,122,64,1280,33,113,76,1520,34,118,70,1940,35,118,74,3880,36,122,68,1360,37,125,88,1760,38,122,76,2900,39,123,74,1480,40,125,80,1600,41,112,80,2620,42,111,76,1520,43,125,96,1920,44,128,90,1800,45,117,74,1480,46,117,70,2540,47,122,86,3580,48,129,80,2320,49,119,80,1600,50,111,84,1680,51,132,74,4480,52,127,70,3140,53,122,66,1320,54,124,76,3020,55,127,84,1680,56,124,74,3040,57,122,80,1600,58,122,76,5000,59,122,70,1520,60,121,84,1680,61,122,80,3460,62,121,90,2460,63,126,78,1560,64,119,76,4400,65,124,80,1600,66,123,70,4280,67,113,70,3140,68,125,66,1320,69,120,64,1280,70,125,80,1600,71,118,64,2540,72,119,68,2440,73,112,74,3340,74,125,78,4380,75,125,68,2740,76,122,88,3980,77,116,84,1800,78,111,78,1560,79,114,70,2780,80,120,78,3600,81,129,80,1600,82,129,82,1640,83,123,78,3840,84,120,76,1520,85,122,76,1520,86,123,74,1480,87,121,94,1880,88,117,80,3460,89,113,84,1680,90,123,88,2180,91,115,70,1400,92,115,82,3620,93,117,68,3700,94,118,76,3380,95,123,76,2180,96,115,74,2980,97,116,72,2340,98,127,72,3000,99,129,74,3040,100,131,84,3840
32,-136485,32835,1,122,70,2420,2,123,72,2460,3,118,76,1520,4,115,72,2460,5,122,82,1640,6,120,82,1640,7,113,78,3180,8,113,66,1320,9,124,70,3560,10,118,68,1360,11,117,82,3380,12,121,70,3920,13,124,74,1480,14,125,74,3940,15,120,64,2420,16,115,80,1600,17,121,70,1400,18,130,74,2560,19,114,82,1640,20,125,74,2200,21,126,80,3400,22,120,74,3040,23,114,70,1400,24,127,76,3500,25,119,66,1320,26,122,82,1640,27,117,72,2100,28,123,66,1320,29,120,74,4300,30,118,68,1360,31,130,78,3060,32,117,84,1680,33,120,70,1400,34,125,86,2620,35,134,78,4020,36,118,78,1560,37,117,72,1440,38,116,70,2420,39,117,70,1400,40,121,64,1280,41,118,70,2240,42,120,72,1440,43,116,80,1600,44,121,74,1480,45,125,66,1320,46,132,88,3140,47,118,70,2900,48,124,76,2120,49,123,78,1560,50,117,70,1400,51,112,74,4420,52,112,80,3580,53,120,84,1680,54,112,78,3420,55,123,68,1360,56,115,72,3240,57,113,70,1400,58,110,70,4640,59,115,76,1640,60,119,68,1360,61,119,76,3500,62,116,80,2260,63,116,64,1280,64,122,80,4480,65,115,64,1280,66,121,74,4480,67,123,84,3660,68,122,82,1640,69,119,82,1640,70,122,74,1480,71,120,104,4000,72,124,84,3180,73,118,74,2980,74,119,76,4340,75,124,86,3580,76,122,72,3420,77,122,70,1400,78,113,68,1360,79,124,82,3500,80,120,80,3640,81,121,68,1360,82,119,72,1440,83,117,74,3700,84,127,60,1200,85,117,66,1320,86,115,70,1400,87,113,78,1560,88,119,74,3340,89,118,66,1320,90,121,70,1820,91,128,78,1560,92,119,64,2900,93,116,84,4260,94,124,64,3020,95,113,70,2120,96,124,82,3500,97,128,76,2540,98,116,70,2840,99,115,72,2940,100,122,72,3420
33,-109320,34054,1,123,92,3340,2,110,74,2500,3,124,68,1360,4,131,82,2960,5,116,72,1440,6,118,72,1440,7,121,80,3160,8,120,86,1720,9,111,80,4240,10,125,92,1840,11,118,78,3240,12,128,90,4980,13,116,72,1440,14,114,72,3900,15,125,92,3160,16,121,72,1440,17,119,88,1760,18,112,78,2760,19,116,66,1320,20,118,70,2060,21,112,70,3020,22,119,68,2860,23,128,70,1400,24,117,72,3420,25,122,96,1920,26,118,70,1400,27,132,80,2200,28,115,84,1680,29,119,66,3840,30,128,102,2040,31,122,74,3220,32,122,66,1320,33,120,98,1960,34,117,68,2140,35,121,86,4420,36,119,70,1400,37,130,82,1640,38,127,82,2660,39,124,78,1560,40,128,72,1440,41,128,90,2700,42,119,72,1440,43,123,72,1440,44,114,70,1400,45,120,94,1880,46,126,72,2820,47,123,92,4060,48,114,70,2060,49,114,66,1320,50,127,80,1600,51,127,86,5140,52,114,66,3000,53,123,72,1440,54,116,74,3100,55,124,88,1760,56,126,82,3260,57,126,74,1480,58,116,74,4780,59,127,60,1320,60,125,84,1680,61,122,66,3060,62,122,72,2040,63,121,86,1720,64,116,72,3960,65,124,76,1520,66,124,78,4860,67,120,74,3160,68,119,76,1520,69,121,70,1400,70,109,64,1280,71,130,90,3360,72,118,72,2700,73,123,78,3780,74,122,74,4240,75,123,72,3000,76,115,80,4060,77,113,72,1440,78,125,74,1480,79,122,70,2960,80,119,70,3080,81,122,82,1640,82,131,78,1560,83,125,78,4020,84,128,76,1520,85,124,80,1600,86,127,78,1560,87,114,74,1480,88,122,70,3020,89,130,84,1680,90,113,84,2100,91,120,68,1360,92,121,86,3700,93,125,68,3520,94,118,78,3840,95,128,82,2300,96,122,72,3060,97,110,74,2800,98,126,78,3060,99,136,92,3580,100,122,76,3500
34,-132640,35230,1,117,78,2940,2,127,76,2540,3,112,82,1640,4,127,72,2760,5,129,72,1440,6,128,74,1480,7,112,72,2940,8,120,74,1480,9,119,74,3820,10,122,64,1280,11,117,70,3080,12,116,76,4280,13,125,76,1520,14,127,78,3720,15,117,78,2640,16,119,74,1480,17,122,76,1520,18,119,58,2000,19,118,84,1680,20,118,84,2160,21,127,86,3580,22,123,88,3620,23,117,72,1440,24,134,80,3700,25,116,72,1440,26,134,92,1840,27,123,68,1960,28,122,72,1440,29,125,76,3980,30,127,80,1600,31,117,70,3020,32,124,82,1640,33,117,82,1640,34,128,86,2560,35,123,68,3220,36,123,88,1760,37,120,62,1240,38,120,72,2520,39,121,66,1320,40,114,74,1480,41,119,70,2060,42,127,78,1560,43,109,74,1480,44,122,70,1400,45,121,78,1560,46,118,76,3080,47,116,74,2920,48,129,78,2340,49,121,80,1600,50,123,66,1320,51,117,68,3820,52,124,86,3880,53,113,82,1640,54,127,74,3040,55,118,76,1520,56,116,78,3420,57,114,72,1440,58,121,74,4900,59,123,74,1780,60,115,68,1360,61,117,78,3600,62,114,78,2160,63,119,70,1400,64,127,86,4540,65,120,64,1280,66,119,66,3840,67,116,80,3760,68,118,74,1480,69,117,86,1720,70,119,80,1600,71,124,82,3020,72,131,76,3020,73,121,66,2760,74,123,80,4900,75,114,76,3560,76,123,68,3280,77,126,80,1660,78,114,68,1360,79,116,78,3600,80,127,82,3380,81,116,70,1400,82,123,74,1480,83,118,70,3440,84,121,72,1440,85,118,70,1400,86,120,62,1240,87,129,86,1720,88,117,76,3440,89,124,70,1400,90,120,70,1760,91,120,86,1720,92,116,72,3360,93,115,80,3880,94,123,72,3540,95,117,68,1840,96,114,70,2960,97,126,82,2960,98,121,68,2740,99,133,78,3180,100,109,76,3620
35,-119180,36394,1,119,74,2860,2,118,72,2400,3,120,68,1360,4,120,76,2780,5,118,74,1480,6,112,66,1320,7,125,82,3440,8,120,70,1400,9,117,72,3720,10,120,88,1760,11,131,84,3780,12,123,74,4180,13,118,68,1360,14,118,74,3760,15,125,70,2420,16,117,64,1280,17,113,74,1480,18,122,80,2860,19,123,68,1360,20,122,72,1920,21,120,80,3280,22,117,82,3140,23,133,76,1520,24,121,78,3960,25,128,86,1720,26,128,78,1560,27,121,82,2360,28,109,76,1520,29,122,64,3260,30,122,68,1360,31,133,80,3340,32,117,68,1360,33,127,78,1560,34,127,68,2020,35,113,102,5340,36,119,76,1520,37,114,84,1680,38,133,78,2580,39,122,82,1640,40,121,82,1640,41,134,80,2080,42,118,72,1440,43,120,80,1600,44,112,82,1640,45,111,68,1360,46,121,72,2940,47,122,80,3460,48,119,64,1940,49,117,70,1400,50,123,86,1720,51,130,100,5900,52,121,72,3300,53,121,64,1280,54,113,76,3200,55,121,70,1400,56,125,72,3120,57,128,78,1560,58,111,82,5540,59,115,68,1600,60,123,88,1760,61,118,64,3140,62,118,68,2080,63,117,90,1800,64,117,74,3820,65,117,82,1640,66,115,84,4980,67,121,72,3300,68,123,70,1400,69,122,76,1520,70,121,66,1320,71,124,78,2820,72,117,80,2800,73,121,88,3620,74,120,74,4420,75,119,76,3560,76,128,88,4160,77,116,74,1540,78,121,86,1720,79,119,76,3560,80,122,68,2800,81,123,80,1600,82,111,70,1400,83,122,82,4400,84,117,68,1360,85,126,84,1680,86,124,82,1640,87,118,78,1560,88,122,76,3320,89,113,78,1560,90,123,88,2300,91,125,72,1440,92,133,86,4120,93,119,70,3440,94,119,86,4360,95,126,84,2160,96,133,78,3240,97,118,78,2820,98,113,88,3260,99,123,80,3340,100,123,84,4080
36,-132480,37540,1,123,70,2600,2,127,76,2540,3,124,78,1560,4,119,68,2620,5,123,64,1280,6,116,90,1800,7,115,66,2520,8,121,92,1840,9,128,82,4040,10,115,76,1520,11,122,82,3800,12,115,76,4280,13,130,88,1760,14,120,64,2960,15,115,84,3060,16,122,88,1760,17,124,86,1720,18,119,66,2340,19,125,82,1640,20,115,72,1860,21,125,78,3120,22,124,80,3100,23,124,78,1560,24,119,70,3440,25,124,72,1440,26,122,60,1200,27,116,74,2200,28,119,76,1520,29,122,86,4720,30,115,78,1560,31,123,72,2940,32,133,88,1760,33,114,70,1400,34,120,76,2120,35,116,78,3900,36,122,74,1480,37,119,74,1480,38,123,72,2520,39,114,70,1400,40,114,68,1360,41,126,76,2000,42,126,74,1480,43,122,76,1520,44,116,76,1520,45,123,80,1600,46,116,78,3780,47,116,66,2760,48,125,86,2980,49,130,82,1640,50,116,72,1440,51,126,80,4780,52,114,80,3880,53,110,76,1520,54,124,78,3300,55,116,94,1880,56,114,74,3040,57,121,64,1280,58,117,80,5320,59,126,84,1920,60,115,76,1520,61,120,72,3600,62,120,80,2320,63,118,76,1520,64,123,86,4780,65,122,64,1280,66,119,72,4200,67,120,84,3960,68,118,74,1480,69,113,66,1320,70,120,78,1560,71,119,76,2600,72,120,68,2320,73,121,72,2880,74,118,82,5240,75,118,74,3400,76,127,80,3880,77,124,76,1580,78,112,64,1280,79,114,70,3320,80,123,84,3780,81,117,68,1360,82,126,78,1560,83,121,72,3840,84,127,82,1640,85,119,72,1440,86,125,72,1440,87,121,72,1440,88,118,78,3600,89,121,70,1400,90,122,72,1860,91,107,60,1200,92,127,76,3440,93,119,86,4000,94,124,76,3800,95,122,70,1820,96,119,76,3260,97,122,74,2740,98,117,76,2840,99,124,74,2980,100,116,74,3520
37,-138710,38658,1,123,84,3180,2,123,72,2400,3,118,62,1240,4,131,86,3220,5,119,76,1520,6,116,72,1440,7,126,80,2920,8,125,76,1520,9,118,74,3880,10,121,72,1440,11,115,78,3480,12,122,74,4120,13,122,76,1520,14,120,82,3560,15,118,72,2460,16,117,72,1440,17,118,74,1480,18,122,84,2940,19,117,62,1240,20,129,84,2340,21,117,74,2920,22,116,70,2840,23,122,64,1280,24,119,86,4300,25,115,70,1400,26,120,80,1600,27,124,74,1960,28,124,70,1400,29,120,70,3920,30,124,68,1360,31,116,76,2960,32,129,72,1440,33,130,86,1720,34,123,72,2160,35,120,80,4060,36,112,66,1320,37,122,66,1320,38,115,78,2580,39,131,86,1720,40,117,86,1720,41,114,74,2080,42,112,72,1440,43,119,68,1360,44,123,72,1440,45,115,68,1360,46,118,68,3100,47,115,80,3520,48,116,76,2660,49,122,70,1400,50,131,80,1600,51,125,76,4520,52,117,66,3060,53,124,78,1560,54,116,72,2820,55,122,80,1600,56,125,66,2760,57,123,78,1560,58,128,76,5000,59,118,70,1640,60,122,70,1400,61,119,68,3220,62,125,72,1920,63,122,68,1360,64,121,80,4420,65,119,90,1800,66,126,84,5220,67,122,72,3180,68,117,70,1400,69,123,92,1840,70,120,76,1520,71,123,78,3060,72,122,86,3340,73,125,78,3480,74,122,72,4500,75,118,72,3600,76,123,76,3860,77,117,70,1460,78,122,74,1480,79,125,80,3760,80,123,80,3580,81,124,84,1680,82,116,68,1360,83,119,80,4240,84,117,70,1400,85,125,72,1440,86,111,72,1440,87,112,76,1520,88,123,70,3140,89,113,82,1640,90,114,82,2360,91,113,68,1360,92,118,68,3160,93,127,74,3640,94,118,74,4060,95,115,82,2300,96,123,64,2660,97,112,72,2940,98,123,72,2640,99,114,68,2800,100,122,84,4260
38,-123855,39818,1,114,76,2840,2,112,78,2520,3,126,74,1480,4,121,72,2700,5,117,66,1320,6,136,74,1480,7,121,70,2660,8,118,64,1280,9,128,74,3880,10,116,70,1400,11,123,76,3560,12,117,76,4280,13,117,68,1360,14,124,64,3080,15,125,76,2660,16,128,78,1560,17,126,66,1320,18,116,74,2740,19,126,76,1520,20,122,66,1800,21,121,80,3400,22,129,82,3140,23,117,84,1680,24,122,78,3780,25,122,76,1520,26,120,66,1320,27,122,72,1920,28,114,78,1560,29,121,84,4320,30,115,76,1520,31,119,72,3180,32,113,72,1440,33,124,78,1560,34,114,82,2240,35,122,76,3860,36,120,82,1640,37,117,78,1560,38,119,74,2440,39,126,76,1520,40,123,66,1320,41,127,74,2020,42,127,82,1640,43,130,82,1640,44,113,74,1480,45,120,88,1760,46,124,100,4640,47,119,72,2940,48,121,66,2280,49,116,84,1680,50,122,72,1440,51,118,70,4100,52,116,86,3820,53,116,66,1320,54,127,82,3020,55,115,74,1480,56,120,88,3560,57,120,70,1400,58,112,74,5020,59,131,80,1840,60,115,88,1760,61,129,82,3620,62,112,80,2080,63,121,86,1720,64,118,72,3960,65,127,78,1560,66,124,72,4320,67,113,80,3700,68,127,82,1640,69,114,68,1360,70,121,68,1360,71,117,78,3180,72,114,80,3100,73,119,70,2900,74,111,92,5800,75,126,72,3300,76,123,74,3580,77,132,82,1640,78,114,64,1280,79,117,74,3340,80,113,76,3500,81,115,78,1560,82,130,84,1680,83,127,68,3520,84,133,94,1880,85,114,80,1600,86,120,68,1360,87,122,76,1520,88,116,84,3480,89,120,70,1400,90,120,66,1740,91,118,80,1600,92,125,92,3820,93,119,80,3580,94,127,70,3680,95,118,74,1960,96,118,76,2900,97,126,76,2780,98,108,78,3000,99,122,86,3460,100,113,74,3700
39,-127740,41019,1,125,68,2800,2,119,70,2420,3,114,66,1320,4,122,72,2520,5,127,76,1520,6,118,84,1680,7,123,76,2780,8,122,80,1600,9,117,82,4160,10,137,86,1720,11,117,80,3880,12,123,76,4280,13,121,98,1960,14,124,74,3400,15,116,62,2200,16,119,66,1320,17,116,76,1520,18,124,74,2920,19,119,72,1440,20,121,86,2380,21,114,76,3200,22,123,70,2720,23,125,68,1360,24,116,72,3660,25,117,68,1360,26,120,84,1680,27,124,76,2000,28,122,72,1440,29,117,70,3800,30,123,66,1320,31,130,70,2660,32,129,78,1560,33,124,72,1440,34,118,72,2040,35,116,76,4100,36,122,76,1520,37,123,62,1240,38,123,68,2380,39,118,68,1360,40,117,80,1600,41,119,74,2140,42,117,66,1320,43,121,68,1360,44,132,88,1760,45,118,72,1440,46,117,76,3320,47,120,84,3420,48,116,76,2600,49,122,72,1440,50,117,78,1560,51,135,84,4920,52,123,72,3060,53,116,82,1640,54,123,70,2420,55,123,70,1400,56,126,82,3320,57,123,96,1920,58,123,84,5400,59,128,74,1720,60,122,72,1440,61,127,66,2820,62,114,68,1840,63,116,76,1520,64,129,76,4220,65,122,66,1320,66,118,84,5100,67,119,68,2980,68,116,68,1360,69,123,94,1880,70,112,86,1720,71,120,78,3180,72,119,74,2980,73,125,86,3460,74,116,72,4500,75,114,74,3400,76,117,72,3600,77,124,72,1440,78,121,80,1600,79,127,76,3440,80,120,74,3280,81,123,70,1400,82,123,74,1480,83,119,84,4500,84,127,74,1480,85,117,74,1480,86,133,86,1720,87,117,72,1440,88,117,74,2920,89,124,94,1880,90,128,84,2220,91,125,64,1280,92,115,72,3240,93,120,74,3520,94,119,82,4460,95,123,66,1980,96,119,66,2340,97,117,68,2440,98,115,72,2760,99,118,70,2660,100,128,86,3940
40,-121075,42184,1,120,82,2960,2,125,88,2960,3,121,80,1600,4,107,80,3160,5,115,66,1320,6,123,80,1600,7,120,70,2600,8,122,66,1320,9,123,74,4000,10,124,74,1480,11,121,72,3360,12,116,72,4260,13,115,70,1400,14,113,70,3260,15,117,76,2840,16,123,98,1960,17,121,58,1160,18,120,74,2740,19,123,70,1400,20,113,80,2320,21,124,76,3140,22,119,82,3380,23,117,82,1640,24,122,78,3540,25,122,92,1840,26,118,74,1480,27,119,66,1740,28,115,72,1440,29,123,86,4720,30,117,72,1440,31,114,84,3300,32,122,70,1400,33,108,80,1600,34,126,74,2080,35,121,72,3840,36,113,68,1360,37,123,76,1520,38,121,86,2920,39,129,82,1640,40,127,74,1480,41,127,74,2140,42,122,84,1680,43,119,84,1680,44,129,70,1400,45,131,88,1760,46,114,70,3320,47,117,66,2640,48,120,68,2380,49,115,76,1520,50,123,72,1440,51,125,74,4300,52,112,78,3420,53,124,66,1320,54,114,80,2860,55,112,80,1600,56,115,80,3220,57,120,78,1560,58,121,72,4740,59,116,78,1740,60,113,74,1480,61,124,80,3820,62,130,80,2020,63,118,70,1400,64,115,76,4160,65,122,90,1800,66,119,68,4000,67,132,82,3500,68,124,84,1680,69,117,84,1680,70,114,68,1360,71,117,74,2980,72,121,70,2780,73,119,68,2680,74,124,88,5180,75,132,74,3400,76,129,82,4040,77,110,78,1560,78,113,66,1320,79,114,72,3360,80,118,74,3520,81,112,76,1520,82,112,70,1400,83,112,74,3700,84,112,78,1560,85,123,66,1320,86,131,78,1560,87,131,82,1640,88,121,80,3580,89,123,82,1640,90,127,66,1740,91,113,84,1680,92,128,74,3160,93,125,66,3600,94,123,76,4100,95,126,86,2440,96,125,86,2980,97,122,92,3400,98,123,82,3020,99,128,90,3420,100,125,72,3420
41,-128210,43360,1,118,60,2340,2,115,70,2420,3,113,72,1440,4,111,70,2780,5,126,78,1560,6,119,74,1480,7,120,92,3280,8,118,82,1640,9,119,78,4260,10,113,68,1360,11,118,80,4000,12,126,76,4340,13,134,80,1600,14,126,84,3780,15,121,62,2380,16,122,76,1520,17,123,78,1560,18,113,80,3220,19,118,78,1560,20,119,70,2000,21,116,70,3020,22,118,70,2900,23,124,72,1440,24,118,76,3500,25,116,80,1600,26,124,68,1360,27,125,82,2060,28,126,86,1720,29,122,74,3880,30,129,82,1640,31,117,70,2900,32,113,78,1560,33,117,74,1480,34,114,74,2140,35,122,80,4300,36,117,76,1520,37,112,66,1320,38,118,74,2500,39,123,70,1400,40,111,84,1680,41,115,76,2180,42,118,76,1520,43,123,68,1360,44,113,64,1280,45,130,68,1360,46,117,66,2820,47,125,84,3360,48,115,80,2560,49,117,68,1360,50,111,82,1640,51,114,78,4620,52,115,68,3160,53,127,88,1760,54,118,72,2340,55,118,72,1440,56,123,76,3140,57,117,76,1520,58,121,88,5720,59,122,70,1640,60,129,86,1720,61,118,66,3120,62,122,64,1700,63,130,90,1800,64,124,82,4400,65,117,78,1560,66,131,84,5280,67,128,78,3360,68,116,70,1400,69,125,76,1520,70,121,84,1680,71,130,80,3640,72,114,94,3860,73,119,86,3400,74,117,74,4300,75,121,76,3260,76,127,70,3500,77,117,72,1440,78,118,88,1760,79,127,80,3340,80,119,66,2940,81,121,70,1400,82,131,76,1520,83,125,92,4420,84,116,68,1360,85,122,80,1600,86,122,74,1480,87,122,72,1440,88,116,72,3060,89,116,66,1320,90,120,84,2400,91,122,66,1320,92,115,76,3440,93,116,80,4060,94,118,70,3740,95,115,68,1960,96,117,76,2420,97,120,78,2940,98,118,68,2560,99,126,80,3100,100,113,74,3460
42,-116525,44576,1,118,80,2800,2,132,88,3020,3,121,72,1440,4,123,76,2780,5,122,64,1280,6,126,70,1400,7,115,80,3040,8,121,66,1320,9,122,74,4000,10,127,84,1680,11,123,78,3720,12,115,74,4300,13,124,74,1480,14,120,74,3400,15,120,76,2840,16,115,60,1200,17,114,58,1160,18,118,72,2880,19,124,70,1400,20,127,82,2420,21,134,80,3400,22,119,88,3620,23,116,64,1280,24,115,70,3200,25,121,70,1400,26,122,94,1880,27,124,70,1880,28,122,72,1440,29,119,80,4600,30,118,68,1360,31,127,74,3100,32,122,70,1400,33,124,68,1360,34,126,70,2060,35,117,68,3520,36,123,68,1360,37,117,94,1880,38,127,68,2620,39,116,76,1520,40,120,68,1360,41,118,68,1840,42,119,70,1400,43,113,76,1520,44,114,92,1840,45,122,72,1440,46,130,90,3960,47,118,72,3000,48,122,68,2260,49,127,82,1640,50,114,76,1520,51,119,72,4140,52,127,84,3600,53,120,70,1400,54,129,76,2600,55,139,84,1680,56,105,76,3320,57,122,72,1440,58,115,80,5320,59,116,94,2120,60,125,62,1240,61,127,80,3700,62,120,82,2120,63,125,80,1600,64,118,76,4040,65,121,62,1240,66,127,76,4640,67,118,76,3440,68,125,72,1440,69,111,68,1360,70,113,70,1400,71,119,76,3380,72,119,80,3280,73,128,76,3080,74,124,84,5460,75,122,64,2660,76,116,74,3940,77,133,80,1600,78,124,62,1240,79,116,68,2740,80,115,98,4480,81,121,94,1880,82,121,76,1520,83,117,78,3780,84,124,82,1640,85,117,66,1320,86,114,66,1320,87,118,78,1560,88,121,82,3500,89,121,90,1800,90,115,76,2060,91,120,92,1840,92,123,66,3000,93,121,72,3780,94,128,80,3880,95,118,96,2700,96,121,70,2480,97,115,72,2700,98,123,78,2700,99,114,78,3180,100,126,78,3360
43,-127135,45766,1,121,72,2520,2,124,78,2580,3,116,78,1560,4,115,72,2700,5,119,70,1400,6,117,72,1440,7,122,76,2900,8,119,82,1640,9,112,76,4220,10,124,66,1320,11,119,74,3400,12,123,78,4560,13,114,72,1440,14,114,72,3480,15,123,66,2400,16,124,76,1520,17,122,72,1440,18,127,78,2940,19,117,80,1600,20,117,72,2340,21,124,82,3800,22,124,76,3080,23,128,80,1600,24,130,86,3640,25,120,92,1840,26,125,74,1480,27,115,74,1900,28,113,70,1400,29,115,70,3740,30,130,86,1720,31,113,64,2720,32,115,88,1760,33,125,82,1640,34,115,78,2400,35,121,98,4960,36,117,96,1920,37,121,78,1560,38,122,74,2500,39,119,68,1360,40,118,90,1800,41,129,86,2380,42,128,94,1880,43,122,72,1440,44,123,72,1440,45,108,78,1560,46,126,78,3300,47,129,78,3120,48,121,86,2740,49,120,68,1360,50,121,74,1480,51,119,84,5040,52,127,70,3080,53,119,80,1600,54,120,80,2800,55,129,66,1320,56,114,86,3880,57,111,72,1440,58,126,80,5440,59,124,84,1920,60,123,76,1520,61,120,68,3040,62,120,72,1860,63,122,74,1480,64,124,72,4140,65,120,80,1600,66,118,72,4320,67,121,70,3080,68,115,72,1440,69,124,78,1560,70,125,80,1600,71,123,70,3200,72,121,74,3400,73,123,74,3040,74,120,72,4560,75,114,80,3340,76,121,82,4520,77,119,68,1360,78,123,86,1720,79,124,82,3380,80,119,78,3540,81,123,72,1440,82,112,68,1360,83,121,74,3520,84,120,70,1400,85,119,84,1680,86,121,82,1640,87,121,72,1440,88,121,72,2940,89,118,76,1520,90,123,72,1980,91,129,80,1600,92,114,84,3720,93,114,74,4000,94,122,72,3600,95,119,90,2700,96,120,84,2880,97,130,78,2820,98,116,68,2500,99,128,76,2960,100,112,72,3360
44,-132760,46849,1,121,80,3160,2,120,74,2500,3,122,64,1280,4,130,88,3080,5,126,84,1680,6,132,76,1520,7,113,82,3500,8,128,74,1480,9,120,80,4300,10,116,80,1600,11,123,72,3180,12,118,74,4300,13,137,84,1680,14,128,82,4040,15,119,70,2660,16,114,64,1280,17,114,68,1360,18,120,74,2980,19,128,72,1440,20,125,78,2400,21,115,78,3480,22,114,70,3020,23,124,66,1320,24,129,76,3500,25,120,86,1720,26,114,66,1320,27,126,70,1820,28,122,82,1640,29,123,70,3800,30,119,70,1400,31,123,82,3260,32,117,72,1440,33,120,76,1520,34,118,72,2280,35,119,82,4160,36,125,80,1600,37,116,66,1320,38,115,66,2340,39,124,86,1720,40,120,72,1440,41,126,74,2020,42,119,78,1560,43,114,78,1560,44,107,76,1520,45,120,76,1520,46,117,72,3120,47,120,70,2600,48,119,80,2620,49,124,80,1600,50,116,70,1400,51,118,76,4460,52,120,86,4060,53,120,68,1360,54,121,76,2600,55,133,80,1600,56,118,78,3480,57,124,72,1440,58,116,70,4760,59,116,68,1540,60,120,66,1320,61,124,88,3800,62,117,74,1900,63,115,72,1440,64,110,80,4360,65,119,76,1520,66,133,82,4700,67,122,94,4220,68,130,78,1560,69,116,66,1320,70,121,74,1480,71,114,82,3860,72,116,80,3940,73,122,62,2440,74,130,74,4540,75,123,68,2860,76,118,68,3640,77,124,94,1880,78,123,72,1440,79,115,72,2940,80,121,68,3100,81,109,70,1400,82,118,76,1520,83,115,72,3660,84,121,78,1560,85,117,70,1400,86,122,76,1520,87,117,74,1480,88,117,76,3320,89,125,66,1320,90,108,80,2140,91,121,74,1480,92,119,74,3280,93,125,76,4040,94,111,82,4400,95,126,78,2400,96,117,70,2480,97,126,72,2760,98,121,88,3080,99,119,74,3100,100,120,78,3540
45,-127205,47973,1,120,64,2480,2,116,76,2960,3,123,88,1760,4,121,74,2680,5,124,74,1480,6,115,80,1600,7,120,74,3040,8,117,76,1520,9,118,78,4320,10,117,68,1360,11,109,76,3500,12,128,74,4240,13,128,66,1320,14,120,72,3420,15,123,82,3140,16,120,78,1560,17,125,82,1640,18,126,76,3140,19,117,76,1520,20,117,70,2240,21,121,72,3060,22,130,84,3960,23,121,82,1640,24,122,74,3340,25,116,70,1400,26,118,82,1640,27,112,72,1860,28,115,76,1520,29,122,88,4880,30,129,84,1680,31,121,58,2300,32,132,78,1560,33,118,70,1400,34,128,76,2180,35,113,72,3780,36,120,70,1400,37,118,76,1520,38,121,88,3200,39,117,70,1400,40,116,74,1480,41,115,70,1820,42,118,64,1280,43,119,74,1480,44,123,72,1440,45,122,66,1320,46,133,78,3240,47,128,88,3080,48,121,68,2260,49,117,70,1400,50,127,78,1560,51,118,70,4100,52,124,78,3660,53,122,84,1680,54,117,74,2740,55,129,68,1360,56,120,74,3100,57,113,80,1600,58,127,82,5660,59,126,80,1900,60,131,86,1720,61,118,86,3760,62,128,70,1820,63,137,82,1640,64,113,74,4000,65,121,64,1280,66,128,84,4980,67,114,84,3780,68,126,64,1280,69,125,84,1680,70,116,68,1360,71,120,76,3560,72,112,74,3580,73,116,76,2840,74,116,86,5500,75,122,90,3660,76,128,86,4420,77,115,78,1560,78,112,66,1320,79,124,86,3580,80,118,90,4140,81,121,78,1560,82,117,66,1320,83,118,76,3740,84,118,68,1360,85,129,88,1760,86,123,64,1280,87,124,74,1480,88,124,78,3420,89,124,86,1720,90,113,76,2060,91,115,68,1360,92,118,76,3740,93,114,78,4200,94,115,68,3640,95,118,70,2240,96,127,80,2860,97,118,78,2760,98,110,84,3120,99,122,68,2500,100,120,74,3340
46,-130330,49148,1,120,72,2700,2,120,70,2600,3,118,76,1520,4,113,64,2360,5,114,70,1400,6,119,74,1480,7,120,74,3340,8,123,68,1360,9,121,74,4060,10,131,76,1520,11,127,80,3460,12,116,74,3940,13,122,84,1680,14,121,76,3860,15,117,66,2700,16,124,68,1360,17,122,68,1360,18,124,72,2940,19,121,62,1240,20,128,84,2580,21,115,80,3520,22,126,68,2980,23,117,68,1360,24,116,72,3180,25,127,84,1680,26,121,74,1480,27,130,76,2000,28,118,72,1440,29,116,74,3880,30,121,80,1600,31,119,84,3060,32,124,72,1440,33,125,90,1800,34,122,74,2140,35,129,88,4460,36,121,100,2000,37,123,62,1240,38,114,76,2720,39,133,84,1680,40,123,66,1320,41,123,78,2040,42,130,76,1520,43,125,66,1320,44,109,76,1520,45,116,92,1840,46,125,66,2820,47,118,68,2500,48,118,86,2980,49,131,80,1600,50,117,64,1280,51,118,78,4620,52,119,76,3620,53,118,68,1360,54,126,72,2580,55,118,72,1440,56,124,80,3520,57,119,72,1440,58,117,74,5020,59,118,68,1480,60,127,74,1480,61,124,78,3540,62,118,72,1920,63,130,74,1480,64,124,82,4340,65,119,82,1640,66,119,74,4660,67,117,80,3700,68,126,80,1600,69,119,68,1360,70,129,88,1760,71,117,74,3580,72,123,80,3760,73,121,70,2540,74,117,70,4220,75,122,82,3200,76,120,80,4000,77,124,70,1400,78,121,76,1520,79,115,72,3000,80,128,76,3380,81,120,74,1480,82,128,86,1720,83,122,82,4160,84,126,88,1760,85,122,68,1360,86,114,86,1720,87,111,66,1320,88,117,74,3160,89,117,70,1400,90,125,74,2140,91,117,82,1640,92,120,70,3320,93,118,68,3640,94,124,90,4560,95,127,80,2500,96,121,72,2580,97,121,70,2480,98,118,72,2760,99,116,84,3060,100,126,72,3180
47,-119025,50315,1,122,68,2440,2,119,86,3100,3,122,72,1440,4,124,86,3520,5,126,78,1560,6,123,66,1320,7,125,70,2960,8,119,88,1760,9,114,76,4280,10,113,80,1600,11,120,76,3380,12,130,72,4080,13,111,72,1440,14,116,68,3280,15,123,80,3340,16,123,86,1720,17,117,78,1560,18,113,74,2980,19,121,90,1800,20,120,80,2500,21,120,72,3060,22,115,78,3360,23,126,88,1760,24,130,78,3540,25,118,74,1480,26,114,68,1360,27,115,74,1900,28,128,72,1440,29,126,74,4120,30,118,72,1440,31,123,70,2780,32,113,82,1640,33,120,76,1520,34,116,66,1920,35,122,78,4020,36,113,84,1680,37,115,76,1520,38,117,76,2900,39,127,78,1560,40,116,82,1700,41,114,68,1720,42,120,78,1560,43,118,86,1780,44,126,74,1480,45,120,72,1440,46,128,84,3720,47,126,86,3220,48,126,78,2700,49,128,66,1320,50,123,100,2060,51,126,74,4360,52,121,74,3400,53,118,94,1880,54,110,76,2720,55,126,76,1520,56,117,72,3060,57,122,82,1700,58,122,84,5940,59,130,94,2180,60,117,82,1640,61,116,74,3580,62,132,78,1980,63,118,88,1760,64,116,76,4100,65,122,72,1440,66,127,74,4420,67,123,76,3440,68,117,60,1200,69,127,88,1760,70,116,74,1480,71,122,74,3640,72,117,72,3480,73,120,94,3380,74,123,88,5300,75,118,72,2760,76,116,74,3880,77,114,82,1640,78,120,66,1320,79,124,74,2800,80,116,70,3260,81,119,66,1320,82,120,76,1520,83,113,74,3820,84,124,70,1400,85,119,88,1760,86,115,72,1440,87,120,86,1720,88,122,78,3360,89,135,90,1800,90,117,70,2000,91,124,72,1440,92,118,88,4220,93,117,80,3940,94,120,76,3980,95,124,76,2420,96,123,74,2680,97,120,94,3680,98,123,76,3200,99,118,82,3020,100,115,76,3500
48,-138640,51428,1,117,88,3020,2,127,78,2700,3,113,72,1440,4,120,72,2520,5,121,70,1400,6,117,76,1520,7,116,80,3460,8,116,78,1560,9,122,80,4480,10,120,62,1240,11,119,72,3120,12,120,72,4020,13,128,84,1680,14,124,88,4160,15,121,70,2840,16,118,74,1480,17,125,68,1360,18,126,80,3100,19,114,70,1400,20,121,72,2100,21,113,86,3880,22,115,64,2660,23,120,62,1240,24,124,72,3420,25,123,78,1560,26,121,90,1800,27,124,66,1740,28,118,74,1480,29,117,72,4080,30,133,84,1680,31,114,68,2560,32,119,78,1560,33,119,70,1400,34,124,80,2380,35,119,72,3720,36,125,72,1440,37,117,66,1320,38,122,68,2500,39,123,72,1440,40,122,76,1580,41,123,84,2220,42,119,68,1360,43,119,78,1620,44,116,70,1400,45,119,74,1480,46,122,72,3060,47,121,72,2520,48,122,72,2460,49,126,78,1560,50,112,76,1580,51,114,72,4200,52,125,70,3140,53,119,82,1640,54,128,86,3040,55,120,64,1280,56,131,82,3800,57,116,68,1420,58,115,70,4820,59,128,74,1780,60,121,70,1400,61,122,72,3240,62,128,64,1700,63,121,74,1480,64,122,76,4340,65,111,72,1440,66,116,76,4340,67,117,72,3180,68,120,82,1640,69,120,82,1640,70,123,70,1400,71,115,72,3720,72,130,80,3940,73,120,76,2600,74,126,72,4260,75,125,78,2820,76,127,80,4240,77,121,72,1440,78,122,88,1760,79,114,66,2580,80,132,84,3600,81,127,88,1760,82,120,74,1480,83,125,74,3640,84,115,68,1360,85,123,80,1600,86,127,78,1560,87,119,76,1520,88,116,74,3100,89,126,80,1600,90,131,80,2080,91,112,74,1480,92,125,74,3280,93,117,74,3880,94,119,72,3780,95,118,66,1980,96,112,68,2680,97,120,78,2640,98,117,72,3060,99,123,76,2720,100,123,74,3460
49,-121845,52588,1,123,82,2960,2,125,70,2540,3,130,88,1760,4,126,76,2540,5,113,82,1640,6,122,70,1400,7,120,74,2980,8,123,72,1440,9,116,70,3980,10,125,80,1600,11,122,84,3840,12,115,74,4120,13,119,62,1240,14,119,76,3440,15,124,88,3500,16,122,66,1320,17,121,84,1680,18,120,72,2940,19,127,76,1520,20,115,72,2100,21,120,82,3680,22,123,88,3320,23,122,80,1600,24,113,82,4100,25,112,70,1400,26,119,78,1560,27,121,84,2400,28,123,70,1400,29,125,68,3820,30,127,74,1480,31,124,82,3140,32,127,72,1440,33,127,90,1800,34,127,60,1920,35,115,74,3760,36,116,76,1520,37,128,90,1800,38,121,78,2700,39,108,84,1680,40,119,70,1580,41,113,74,1900,42,121,86,1720,43,127,66,1380,44,128,76,1520,45,124,72,1440,46,117,80,3640,47,114,70,2480,48,120,76,2360,49,119,68,1360,50,120,74,1540,51,130,78,4620,52,118,76,3500,53,119,68,1360,54,125,76,2780,55,127,90,1800,56,119,74,3520,57,122,102,2220,58,125,84,5760,59,111,78,1920,60,119,92,1840,61,113,80,3940,62,125,80,2320,63,113,70,1400,64,118,72,4080,65,125,82,1640,66,124,78,4380,67,131,84,3660,68,121,70,1400,69,120,68,1360,70,112,74,1480,71,130,80,3700,72,120,76,3620,73,123,66,2400,74,116,84,5100,75,120,74,2800,76,117,74,4000,77,112,68,1360,78,114,80,1600,79,123,84,3000,80,124,72,3000,81,125,70,1400,82,118,74,1480,83,114,80,4240,84,121,90,1800,85,116,66,1320,86,125,74,1480,87,124,68,1360,88,129,84,3840,89,118,66,1320,90,121,68,1720,91,135,86,1720,92,117,78,3600,93,125,72,3780,94,128,80,4480,95,121,86,2380,96,121,78,2820,97,122,74,2500,98,134,76,3140,99,112,74,2980,100,124,82,4100
50,-124395,53804,1,121,72,2280,2,117,80,2860,3,125,76,1520,4,118,68,2500,5,119,70,1400,6,119,86,1720,7,119,70,2960,8,110,84,1680,9,118,86,4660,10,120,72,1440,11,119,70,3320,12,121,78,4440,13,122,80,1600,14,120,74,3520,15,120,74,2980,16,128,88,1760,17,110,68,1360,18,121,72,2940,19,124,66,1320,20,131,80,2200,21,118,86,3760,22,112,74,2800,23,119,64,1280,24,117,62,2740,25,124,70,1400,26,123,70,1400,27,118,74,2260,28,112,76,1520,29,123,82,4460,30,112,74,1480,31,118,66,2700,32,117,80,1600,33,115,82,1640,34,121,70,2120,35,126,76,3920,36,115,66,1320,37,119,74,1480,38,117,72,2700,39,115,66,1320,40,132,84,1800,41,128,84,2160,42,120,74,1480,43,115,78,1620,44,117,66,1320,45,112,78,1560,46,118,74,3160,47,121,88,3200,48,119,68,2260,49,121,88,1760,50,121,74,1540,51,121,74,4420,52,126,72,3300,53,132,86,1720,54,117,72,2700,55,121,74,1480,56,125,72,3480,57,117,80,1720,58,118,72,4980,59,117,72,1800,60,124,76,1520,61,122,74,3400,62,127,70,2180,63,125,74,1480,64,127,82,4640,65,114,74,1480,66,117,68,3820,67,117,76,3380,68,125,96,1920,69,124,88,1760,70,126,76,1520,71,124,70,3560,72,119,76,3680,73,122,80,3040,74,126,68,4180,75,121,66,2400,76,121,76,4160,77,129,82,1640,78,121,68,1360,79,119,70,2480,80,117,78,3600,81,114,76,1520,82,128,72,1440,83,120,68,3160,84,116,76,1520,85,118,106,2120,86,113,68,1360,87,114,84,1680,88,118,74,3220,89,131,94,1880,90,121,96,2340,91,124,76,1520,92,127,76,3260,93,116,78,4320,94,121,62,3220,95,113,76,2120,96,122,62,2500,97,120,70,2540,98,121,80,3220,99,128,82,3020,100,120,66,2820
51,-122765,54990,1,117,76,2540,2,122,70,2420,3,116,68,1360,4,126,78,3180,5,131,84,1680,6,117,72,1440,7,127,86,3520,8,115,74,1480,9,125,78,4020,10,118,76,1520,11,122,96,4320,12,108,70,3980,13,112,62,1240,14,119,78,3840,15,121,70,2660,16,123,76,1520,17,123,68,1360,18,116,84,3600,19,124,94,1880,20,124,66,1980,21,125,80,3520,22,127,76,3140,23,121,88,1760,24,119,76,3260,25,112,72,1440,26,116,90,1800,27,125,74,2200,28,117,74,1480,29,118,74,3700,30,133,82,1640,31,125,78,3180,32,122,74,1480,33,120,78,1560,34,122,94,3080,35,117,68,3400,36,124,88,1760,37,120,60,1200,38,125,78,2580,39,121,90,1800,40,118,76,1640,41,118,70,1880,42,120,68,1360,43,119,72,1500,44,120,90,1800,45,117,70,1400,46,129,78,3780,47,119,80,2920,48,123,82,2600,49,120,76,1520,50,108,68,1420,51,124,70,4100,52,109,74,3460,53,123,74,1480,54,124,86,3580,55,119,64,1280,56,116,72,3360,57,124,76,1640,58,121,74,5260,59,132,84,1980,60,122,62,1240,61,111,72,3600,62,113,66,2040,63,115,72,1440,64,115,80,4600,65,126,80,1600,66,120,84,4920,67,124,76,3500,68,120,84,1680,69,121,72,1440,70,123,70,1400,71,114,78,4260,72,129,84,4380,73,121,74,2800,74,115,84,5280,75,118,82,3200,76,113,68,3580,77,121,72,1440,78,119,84,1680,79,127,88,3320,80,123,70,3080,81,125,74,1480,82,115,78,1560,83,120,90,4140,84,119,68,1360,85,122,84,1680,86,129,80,1600,87,118,80,1600,88,128,78,3480,89,120,84,1680,90,125,78,1920,91,119,74,1480,92,119,68,2800,93,127,74,4000,94,120,78,3840,95,124,70,2060,96,115,84,3540,97,118,88,3380,98,113,72,2760,99,119,80,3220,100,118,82,3380
52,-131950,56137,1,121,74,2380,2,119,82,2720,3,125,94,1880,4,122,70,2840,5,127,78,1560,6,136,82,1640,7,121,72,2880,8,124,76,1520,9,118,70,3800,10,124,68,1360,11,115,76,3320,12,121,76,4280,13,117,78,1560,14,122,66,3180,15,120,78,2940,16,116,70,1400,17,122,86,1720,18,120,76,3200,19,123,78,1560,20,125,90,2760,21,119,78,3480,22,121,68,2620,23,122,74,1480,24,125,60,2640,25,123,78,1560,26,122,78,1560,27,115,78,2160,28,127,66,1320,29,120,76,3800,30,124,76,1520,31,118,70,2900,32,114,68,1360,33,117,74,1480,34,123,72,2640,35,128,86,4240,36,125,70,1400,37,130,76,1520,38,116,76,2600,39,115,70,1400,40,122,60,1320,41,126,88,2180,42,128,88,1760,43,121,72,1620,44,119,68,1360,45,131,90,1800,46,120,74,3520,47,121,72,2640,48,119,70,2180,49,117,66,1320,50,124,78,1740,51,120,74,4480,52,124,84,3780,53,116,72,1440,54,115,82,3440,55,122,84,1680,56,133,88,3680,57,118,70,1520,58,123,70,4940,59,126,82,1940,60,123,88,1760,61,126,80,3880,62,120,76,2120,63,128,74,1480,64,116,76,4280,65,116,70,1400,66,117,72,4080,67,113,78,3660,68,116,70,1400,69,118,74,1480,70,120,78,1560,71,118,72,3720,72,123,74,3640,73,120,66,2520,74,121,70,4460,75,122,68,2740,76,124,90,4680,77,112,76,1520,78,123,78,1560,79,118,76,2900,80,118,78,3420,81,114,76,1520,82,116,74,1480,83,118,74,3340,84,124,96,1920,85,117,70,1400,86,124,68,1360,87,125,76,1520,88,113,76,3560,89,121,78,1560,90,122,72,1680,91,128,74,1480,92,128,86,3520,93,113,78,4500,94,119,62,3160,95,116,84,2640,96,122,76,3320,97,122,74,2920,98,122,80,2920,99,126,78,3060,100,123,72,2880
53,-132595,57260,1,118,74,2860,2,119,74,2560,3,117,82,1640,4,121,84,3540,5,119,70,1400,6,134,70,1400,7,123,76,3080,8,116,72,1440,9,128,90,4620,10,122,90,1800,11,120,76,3380,12,115,80,4540,13,124,68,1360,14,118,74,3460,15,111,68,2500,16,131,86,1720,17,112,68,1360,18,120,74,3160,19,115,66,1320,20,115,74,2260,21,121,74,3220,22,122,80,3040,23,117,64,1280,24,123,70,3200,25,119,64,1280,26,119,64,1280,27,114,68,1900,28,121,78,1560,29,121,66,3360,30,119,72,1440,31,125,82,3200,32,122,84,1680,33,128,68,1360,34,115,78,2880,35,121,74,3640,36,110,74,1480,37,117,70,1400,38,123,74,2560,39,127,72,1440,40,115,74,1840,41,125,74,1900,42,126,60,1200,43,121,78,1620,44,131,86,1720,45,122,74,1480,46,116,84,4140,47,116,82,3440,48,130,86,2560,49,125,76,1520,50,117,66,1380,51,123,74,4420,52,121,74,3220,53,131,80,1600,54,125,76,2900,55,122,64,1280,56,129,72,3180,57,129,86,2080,58,121,76,5000,59,121,72,1620,60,114,70,1400,61,113,70,3380,62,120,70,1940,63,111,80,1600,64,119,76,4340,65,138,82,1640,66,126,84,4800,67,117,72,3180,68,123,76,1520,69,123,68,1360,70,120,68,1360,71,129,86,4480,72,111,74,4000,73,125,92,3640,74,121,84,5460,75,116,74,2920,76,118,82,4280,77,122,74,1480,78,117,66,1320,79,124,72,2880,80,122,70,3020,81,127,66,1320,82,124,66,1320,83,117,82,4160,84,119,76,1520,85,131,78,1560,86,118,82,1640,87,116,68,1360,88,126,74,3340,89,119,72,1440,90,115,72,1680,91,115,76,1520,92,122,70,3080,93,116,74,4120,94,120,86,4420,95,126,74,2260,96,112,66,2700,97,120,82,3500,98,116,68,2680,99,117,78,3120,100,114,88,3560
54,-126135,58445,1,122,74,2740,2,126,74,2560,3,121,76,1520,4,108,72,2880,5,129,94,1880,6,117,86,1720,7,113,70,2840,8,127,78,1560,9,122,76,3920,10,117,74,1480,11,121,74,3280,12,119,74,4180,13,119,84,1680,14,128,78,3660,15,129,86,3220,16,126,74,1480,17,126,78,1560,18,122,70,2960,19,128,80,1600,20,125,72,2160,21,128,76,3500,22,120,70,2600,23,129,86,1720,24,119,76,3080,25,125,76,1520,26,125,82,1640,27,122,84,2340,28,116,72,1440,29,124,78,3960,30,126,78,1560,31,116,68,2800,32,114,76,1520,33,121,74,1480,34,120,70,2660,35,118,72,3540,36,126,78,1560,37,130,88,1760,38,115,70,2480,39,114,72,1440,40,128,72,1680,41,113,74,2140,42,124,76,1520,43,118,66,1560,44,125,74,1480,45,117,74,1480,46,118,74,3640,47,124,74,2860,48,122,74,2320,49,122,64,1280,50,125,82,1880,51,118,74,4420,52,113,76,3500,53,124,74,1480,54,114,76,3080,55,123,80,1600,56,113,78,3540,57,125,74,1720,58,128,72,4860,59,118,74,1780,60,130,80,1600,61,127,80,3760,62,126,92,2500,63,122,72,1440,64,117,70,3980,65,128,74,1480,66,122,68,3880,67,125,82,3620,68,121,64,1280,69,118,96,1920,70,114,84,1680,71,123,74,3820,72,125,78,3840,73,119,78,2940,74,118,72,4560,75,130,72,3060,76,118,74,3820,77,117,66,1320,78,124,90,1800,79,117,78,3180,80,111,82,3500,81,124,90,1800,82,119,96,1920,83,120,70,3260,84,125,70,1400,85,123,72,1440,86,114,60,1200,87,123,88,1760,88,110,80,3520,89,126,78,1560,90,134,82,1880,91,123,64,1280,92,118,84,3240,93,125,72,3960,94,115,70,3800,95,113,76,2240,96,119,84,3240,97,124,74,2920,98,124,82,2780,99,128,76,2960,100,119,70,2960
55,-135560,59593,1,113,76,2960,2,119,76,2600,3,117,72,1440,4,118,78,2940,5,119,70,1400,6,119,68,1360,7,131,82,3020,8,123,70,1400,9,114,72,4020,10,129,70,1400,11,122,80,3760,12,123,80,4420,13,126,76,1520,14,117,68,3340,15,125,66,2400,16,119,74,1480,17,120,70,1400,18,113,86,3640,19,123,68,1360,20,107,74,2440,21,116,72,3120,22,127,80,3040,23,120,70,1400,24,122,70,3020,25,116,70,1400,26,114,72,1440,27,116,70,1940,28,129,86,1720,29,118,70,3620,30,115,68,1360,31,129,88,3380,32,122,62,1240,33,114,64,1280,34,128,82,3080,35,123,82,4100,36,114,72,1440,37,117,70,1400,38,117,72,2520,39,125,74,1480,40,122,78,1800,41,123,76,2120,42,118,68,1360,43,129,90,1980,44,117,66,1320,45,124,68,1360,46,123,74,3700,47,113,68,2620,48,117,68,2200,49,120,86,1720,50,118,70,1580,51,121,80,4900,52,122,72,3240,53,112,68,1360,54,118,70,2780,55,119,62,1240,56,123,68,3040,57,121,72,1680,58,118,78,5220,59,120,70,1700,60,128,72,1440,61,115,66,3000,62,122,76,2060,63,114,76,1520,64,124,78,4380,65,112,68,1360,66,121,88,4760,67,114,72,3240,68,121,88,1760,69,122,82,1640,70,117,72,1440,71,123,72,3600,72,112,70,3440,73,122,68,2620,74,122,78,4980,75,118,66,2760,76,126,76,4220,77,126,96,1920,78,121,72,1440,79,124,70,2840,80,119,72,3060,81,115,78,1560,82,121,78,1560,83,126,92,4180,84,110,84,1680,85,103,72,1440,86,112,80,1600,87,118,70,1400,88,120,72,2880,89,122,70,1400,90,124,70,1520,91,119,84,1680,92,116,70,2840,93,112,78,4200,94,125,80,4420,95,118,82,2600,96,116,72,2820,97,117,70,2780,98,115,74,2560,99,118,80,3220,100,121,82,3260
56,-110470,60862,1,121,68,2560,2,122,74,2620,3,130,78,1560,4,119,70,2780,5,123,88,1760,6,126,86,1720,7,122,74,2980,8,108,82,1640,9,127,80,3940,10,113,74,1480,11,119,72,3360,12,115,72,3900,13,120,70,1400,14,123,82,3800,15,118,84,3240,16,121,68,1360,17,124,98,1960,18,112,72,2940,19,117,74,1480,20,126,78,2400,21,125,94,4400,22,118,72,2520,23,114,86,1720,24,121,78,2940,25,132,84,1680,26,136,88,1760,27,124,74,1960,28,122,78,1560,29,125,92,4780,30,128,84,1680,31,122,78,3000,32,119,80,1600,33,123,96,1920,34,116,72,2580,35,115,78,3900,36,132,82,1640,37,128,84,1680,38,125,76,2660,39,120,72,1440,40,113,72,1680,41,114,70,2060,42,127,92,1840,43,123,70,1520,44,121,82,1640,45,119,82,1640,46,116,72,3540,47,129,76,3200,48,129,96,3060,49,119,76,1520,50,118,88,1880,51,121,76,4580,52,106,76,3260,53,119,74,1480,54,132,88,3500,55,126,76,1520,56,117,96,4440,57,107,76,1760,58,119,72,4920,59,118,84,2100,60,121,72,1440,61,115,76,3560,62,115,66,1800,63,120,72,1440,64,116,78,4740,65,124,80,1600,66,124,76,3980,67,127,72,3180,68,116,74,1480,69,112,66,1320,70,135,74,1480,71,112,76,3740,72,129,84,3960,73,119,88,3440,74,123,72,4380,75,128,82,3320,76,117,76,4280,77,120,80,1600,78,112,72,1440,79,109,80,3280,80,119,80,3580,81,118,68,1360,82,113,74,1480,83,119,80,3640,84,114,74,1480,85,121,68,1360,86,122,68,1360,87,129,82,1640,88,120,82,3440,89,115,86,1720,90,115,70,1460,91,124,76,1520,92,129,86,3220,93,119,82,4520,94,125,66,3660,95,122,70,2240,96,125,88,3500,97,132,84,3060,98,121,74,2440,99,123,74,2920,100,119,70,2780
57,-129575,62001,1,114,84,3480,2,116,70,2540,3,125,74,1480,4,127,70,2780,5,115,82,1640,6,118,66,1320,7,122,68,2740,8,115,74,1480,9,114,74,3820,10,132,82,1640,11,123,88,4340,12,129,84,4440,13,127,100,2000,14,117,74,3460,15,122,68,2560,16,116,86,1720,17,118,82,1640,18,129,78,3360,19,127,68,1360,20,123,64,2120,21,121,82,3680,22,128,72,2760,23,122,76,1520,24,118,70,2840,25,124,74,1480,26,130,76,1520,27,117,76,2120,28,114,72,1440,29,119,76,3980,30,119,70,1400,31,123,64,2600,32,126,68,1360,33,117,84,1680,34,128,86,2980,35,124,72,3540,36,124,74,1480,37,120,64,1280,38,120,74,2620,39,124,72,1440,40,126,72,1800,41,127,84,2280,42,123,72,1440,43,107,78,1680,44,116,76,1520,45,125,76,1520,46,125,78,3600,47,122,76,3200,48,125,86,2740,49,123,74,1480,50,118,80,1720,51,113,70,4220,52,120,78,3300,53,119,68,1360,54,127,84,3420,55,117,66,1320,56,125,82,3680,57,122,84,2040,58,122,84,5640,59,121,72,1740,60,115,72,1440,61,120,68,3040,62,121,82,2240,63,125,74,1480,64,120,74,4480,65,115,68,1360,66,110,70,3920,67,114,80,3340,68,120,72,1440,69,116,90,1800,70,120,82,1640,71,119,74,3700,72,120,70,3320,73,120,84,3360,74,114,76,4700,75,124,76,3260,76,122,74,3940,77,116,70,1400,78,123,78,1560,79,113,76,3260,80,123,74,3340,81,127,92,1840,82,129,76,1520,83,122,78,3660,84,120,68,1360,85,107,86,1720,86,116,82,1640,87,123,72,1440,88,116,74,2980,89,126,76,1520,90,131,88,1820,91,114,70,1400,92,120,72,2760,93,117,72,3840,94,122,86,4840,95,117,82,2480,96,123,76,3260,97,124,76,2900,98,119,72,2460,99,111,72,2760,100,129,82,3080
58,-134925,63073,1,120,76,3020,2,131,78,2880,3,118,70,1400,4,114,74,2680,5,121,74,1480,6,119,90,1800,7,124,88,3500,8,123,76,1520,9,125,80,4060,10,126,74,1480,11,117,76,3620,12,121,78,4380,13,124,84,1680,14,124,74,3700,15,114,90,3180,16,123,70,1400,17,123,82,1640,18,119,74,3280,19,122,84,1680,20,117,82,2480,21,125,82,3620,22,112,74,2800,23,111,66,1320,24,127,82,3080,25,115,72,1440,26,121,78,1560,27,122,72,2040,28,126,78,1560,29,119,72,3960,30,125,84,1680,31,116,78,3300,32,126,80,1600,33,120,76,1520,34,123,68,2440,35,111,78,3780,36,118,68,1360,37,121,80,1600,38,119,70,2720,39,112,72,1440,40,114,66,1500,41,118,72,1920,42,110,74,1480,43,115,76,1580,44,122,68,1360,45,117,72,1440,46,115,72,3360,47,116,68,2740,48,116,78,2520,49,119,68,1360,50,126,68,1420,51,126,80,4780,52,120,68,2800,53,131,80,1600,54,125,78,3300,55,127,82,1640,56,115,80,3580,57,115,74,1660,58,122,70,4700,59,118,74,1780,60,134,92,1840,61,124,84,3840,62,118,74,2080,63,118,72,1440,64,111,76,4580,65,125,86,1720,66,124,72,3900,67,120,70,2840,68,121,76,1520,69,125,74,1480,70,118,68,1360,71,126,76,3980,72,121,82,3860,73,122,74,2860,74,124,70,4460,75,116,68,2920,76,113,80,4300,77,127,78,1560,78,115,68,1360,79,125,74,3040,80,120,74,3460,81,121,86,1720,82,119,76,1520,83,117,72,3300,84,115,84,1680,85,110,74,1480,86,118,76,1520,87,105,74,1480,88,125,80,3580,89,120,66,1320,90,124,72,1560,91,132,78,1560,92,121,70,2660,93,132,80,4360,94,122,74,4180,95,122,72,2280,96,117,72,3180,97,122,68,2560,98,123,80,2800,99,125,94,3620,100,121,74,2920
59,-125870,64207,1,125,68,2620,2,116,74,2860,3,127,78,1560,4,124,76,2780,5,118,68,1360,6,121,72,1440,7,119,70,2660,8,113,68,1360,9,115,72,3540,10,114,72,1440,11,128,80,3940,12,123,72,3960,13,113,74,1480,14,120,70,3320,15,116,74,2500,16,114,82,1640,17,115,74,1480,18,126,74,3280,19,117,66,1320,20,125,72,2220,21,119,78,3540,22,128,84,3240,23,122,92,1840,24,119,72,2640,25,128,74,1480,26,119,68,1360,27,117,76,2180,28,118,72,1440,29,122,80,4540,30,115,72,1440,31,122,74,3160,32,119,66,1320,33,119,66,1320,34,120,90,3120,35,116,74,3520,36,127,82,1640,37,118,70,1400,38,133,84,3060,39,130,72,1440,40,121,94,2240,41,128,74,2140,42,126,64,1280,43,119,76,1580,44,122,88,1760,45,134,88,1760,46,128,86,3940,47,129,84,3180,48,119,72,2520,49,123,86,1720,50,120,82,1700,51,122,72,4500,52,126,94,4160,53,124,64,1280,54,119,76,3140,55,120,68,1360,56,121,78,3540,57,125,74,1840,58,110,86,5620,59,125,70,1700,60,132,82,1640,61,122,70,3140,62,130,66,1980,63,124,70,1400,64,124,74,4480,65,122,76,1520,66,112,80,4360,67,117,90,4080,68,114,70,1400,69,113,76,1520,70,121,86,1720,71,119,76,4160,72,120,74,3640,73,114,70,2900,74,114,82,5240,75,121,86,3700,76,117,74,3940,77,117,66,1320,78,130,84,1680,79,113,84,3660,80,115,78,3960,81,115,80,1600,82,125,68,1360,83,132,84,3900,84,126,62,1240,85,126,76,1520,86,121,70,1400,87,118,88,1760,88,121,72,3000,89,121,80,1600,90,107,74,1780,91,121,68,1360,92,121,88,3380,93,124,68,3880,94,115,72,4140,95,119,74,2260,96,126,82,3260,97,116,78,2820,98,116,74,2740,99,115,84,3360,100,121,68,2560
60,-120685,65342,1,123,96,3780,2,122,72,2580,3,119,66,1320,4,116,66,2460,5,133,94,1880,6,117,68,1360,7,122,82,3020,8,120,76,1520,9,130,86,4180,10,129,76,1520,11,126,76,3620,12,108,70,4040,13,130,86,1720,14,120,90,3900,15,125,66,2340,16,119,74,1480,17,128,76,1520,18,113,72,3060,19,124,84,1680,20,109,70,2180,21,127,76,3440,22,121,68,2620,23,117,80,1600,24,124,78,2940,25,116,78,1560,26,129,92,1840,27,122,74,2140,28,126,78,1560,29,118,70,3980,30,130,78,1560,31,113,68,2620,32,127,82,1640,33,129,92,1840,34,124,76,2660,35,125,80,4000,36,120,76,1520,37,121,98,1960,38,124,72,2580,39,113,70,1400,40,115,80,1840,41,113,76,2240,42,122,72,1440,43,125,70,1460,44,118,72,1440,45,132,76,1520,46,121,78,3720,47,123,76,2780,48,128,74,2560,49,116,76,1520,50,114,76,1580,51,107,84,5340,52,121,80,3400,53,123,80,1600,54,122,74,3040,55,115,80,1600,56,119,76,3440,57,120,72,1680,58,115,74,4840,59,108,76,1820,60,127,72,1440,61,114,84,4020,62,122,78,2220,63,112,76,1520,64,115,86,5320,65,114,68,1360,66,119,72,4020,67,117,76,3320,68,126,82,1640,69,125,74,1480,70,122,72,1440,71,127,68,3580,72,115,70,3320,73,128,74,2740,74,120,74,4660,75,118,70,3020,76,131,82,4460,77,125,88,1760,78,123,72,1440,79,119,74,3100,80,115,72,3480,81,122,76,1520,82,113,82,1640,83,122,76,3740,84,128,86,1720,85,121,68,1360,86,118,90,1800,87,119,74,1480,88,119,82,3740,89,115,70,1400,90,119,72,1740,91,111,80,1600,92,111,82,3080,93,120,88,4880,94,122,88,5060,95,121,68,2140,96,115,76,3080,97,127,72,2580,98,119,82,3020,99,120,78,2820,100,115,86,3100
61,-138725,66430,1,115,80,3100,2,124,78,2880,3,129,82,1640,4,120,78,3120,5,127,86,1720,6,123,88,1760,7,120,76,2780,8,123,72,1440,9,120,78,4080,10,114,76,1520,11,114,80,3940,12,120,76,4340,13,122,74,1480,14,121,74,3400,15,121,78,2820,16,121,68,1360,17,119,76,1520,18,130,80,3340,19,121,68,1360,20,120,74,2500,21,122,76,3380,22,114,90,3360,23,120,72,1440,24,121,70,2720,25,128,70,1400,26,123,74,1480,27,121,72,1980,28,122,70,1400,29,121,84,4980,30,119,74,1480,31,128,84,3420,32,115,62,1240,33,120,76,1520,34,115,76,2960,35,118,72,3480,36,117,66,1320,37,118,78,1560,38,111,78,2880,39,134,62,1240,40,118,72,1680,41,120,72,2100,42,113,76,1520,43,114,82,1640,44,128,82,1640,45,113,88,1760,46,118,74,3400,47,115,72,2760,48,117,76,2600,49,124,72,1440,50,118,74,1480,51,112,74,4540,52,111,70,2960,53,114,70,1400,54,114,72,3000,55,117,70,1400,56,116,76,3380,57,119,72,1680,58,120,68,4780,59,125,80,1840,60,113,78,1560,61,119,76,3920,62,115,66,1860,63,122,70,1400,64,114,76,4580,65,124,88,1760,66,119,78,4500,67,124,70,2960,68,115,70,1400,69,115,74,1480,70,117,80,1600,71,118,86,4540,72,128,84,4020,73,120,80,2920,74,122,72,4680,75,125,86,3820,76,130,72,3900,77,119,70,1400,78,107,72,1440,79,122,80,3700,80,119,86,4240,81,115,66,1320,82,118,76,1520,83,118,72,3480,84,125,74,1480,85,109,86,1720,86,122,74,1480,87,124,68,1360,88,123,80,3760,89,129,74,1480,90,123,74,2020,91,111,70,1400,92,112,70,2720,93,120,80,4300,94,123,78,4320,95,116,84,2700,96,122,74,3040,97,115,82,3200,98,120,76,2900,99,110,82,3380,100,114,74,2800
62,-131460,67533,1,118,72,2820,2,115,72,2580,3,115,68,1360,4,122,72,2820,5,117,76,1520,6,113,76,1520,7,128,76,2780,8,110,74,1480,9,124,68,3220,10,119,70,1400,11,121,76,3740,12,119,66,3660,13,112,72,1440,14,116,70,3440,15,120,72,2640,16,122,94,1880,17,123,72,1440,18,124,74,3220,19,119,84,1680,20,113,62,2020,21,112,76,3380,22,115,72,2820,23,120,74,1480,24,126,82,3020,25,121,74,1480,26,117,64,1280,27,114,72,2100,28,120,86,1720,29,118,76,4460,30,113,66,1320,31,120,72,2880,32,123,76,1520,33,125,76,1520,34,120,76,2900,35,118,80,3880,36,126,88,1760,37,120,62,1240,38,113,72,2580,39,126,98,1960,40,125,74,1720,41,121,74,2260,42,123,70,1400,43,121,68,1420,44,123,70,1400,45,116,72,1440,46,129,78,3900,47,133,78,2760,48,118,68,2440,49,108,72,1440,50,127,64,1340,51,128,86,5200,52,132,80,3580,53,124,78,1560,54,130,78,3000,55,132,84,1680,56,123,74,3340,57,127,70,1640,58,118,76,5360,59,119,68,1540,60,115,70,1400,61,117,70,3320,62,122,94,2540,63,109,74,1480,64,118,74,4420,65,117,78,1560,66,126,74,4360,67,106,80,3580,68,127,82,1640,69,125,74,1480,70,124,70,1400,71,122,74,3700,72,120,70,3320,73,115,72,2640,74,113,78,5040,75,122,78,3420,76,115,78,4140,77,128,88,1760,78,123,72,1440,79,120,74,3340,80,122,76,3500,81,122,90,1800,82,124,72,1440,83,125,74,3580,84,115,68,1360,85,108,70,1400,86,111,68,1360,87,118,86,1720,88,117,68,3040,89,120,74,1480,90,116,66,1740,91,126,84,1680,92,124,90,3480,93,122,74,4000,94,116,74,4120,95,127,70,2180,96,114,70,2840,97,126,68,2740,98,116,74,2800,99,115,78,3000,100,124,76,2900
63,-129715,68676,1,120,88,3620,2,120,72,2760,3,123,94,1880,4,118,74,3220,5,120,64,1280,6,114,62,1240,7,114,76,2780,8,123,80,1600,9,115,86,3820,10,129,96,1920,11,112,72,3420,12,124,86,4540,13,127,88,1760,14,127,80,3760,15,119,74,2740,16,117,80,1600,17,110,74,1480,18,120,72,3120,19,124,72,1440,20,117,76,2540,21,122,80,3640,22,123,82,2900,23,119,74,1480,24,119,74,2740,25,115,72,1440,26,121,86,1720,27,129,74,1960,28,119,72,1440,29,125,68,3820,30,126,84,1680,31,121,74,2920,32,117,66,1320,33,115,70,1400,34,122,70,2600,35,123,74,3640,36,121,74,1480,37,121,84,1680,38,126,78,2880,39,122,80,1600,40,110,68,1600,41,116,74,2380,42,111,76,1520,43,115,78,1680,44,113,84,1680,45,130,76,1520,46,123,72,3480,47,120,78,2760,48,121,84,2940,49,123,86,1720,50,116,82,1760,51,122,76,4640,52,125,72,3180,53,117,70,1400,54,118,76,3080,55,128,70,1400,56,113,74,3520,57,111,72,1680,58,126,66,4800,59,131,88,1940,60,128,78,1560,61,122,86,3940,62,111,76,2000,63,128,78,1560,64,121,76,4760,65,123,72,1440,66,114,78,4440,67,117,74,3220,68,121,74,1480,69,114,76,1520,70,116,70,1400,71,116,72,3900,72,130,84,3900,73,125,70,2600,74,120,70,4460,75,115,68,2920,76,118,76,3980,77,120,78,1560,78,112,74,1480,79,123,74,3040,80,114,66,2880,81,115,80,1600,82,111,82,1640,83,121,76,3560,84,119,90,1800,85,121,82,1640,86,124,74,1480,87,123,76,1520,88,122,86,3700,89,118,74,1480,90,121,86,2380,91,118,68,1360,92,117,80,3160,93,119,72,4080,94,128,82,4760,95,116,72,2460,96,126,74,3040,97,123,92,3580,98,121,74,3160,99,114,74,2920,100,124,68,2620
64,-138960,69747,1,117,76,3200,2,120,74,2740,3,113,70,1400,4,124,60,2340,5,119,78,1560,6,116,86,1720,7,122,70,2540,8,120,60,1200,9,121,68,3340,10,120,80,1600,11,128,86,4060,12,120,72,4140,13,119,80,1600,14,116,70,3260,15,121,72,2880,16,122,72,1440,17,127,76,1520,18,121,70,2960,19,113,74,1480,20,117,70,2420,21,116,78,3480,22,115,68,2560,23,125,62,1240,24,123,78,3360,25,131,80,1600,26,112,78,1560,27,116,78,1980,28,125,72,1440,29,120,94,5000,30,120,68,1360,31,115,76,3200,32,123,80,1600,33,127,74,1480,34,116,86,3220,35,119,72,3480,36,111,66,1320,37,120,68,1360,38,121,74,2740,39,116,66,1320,40,117,76,1880,41,123,70,2120,42,123,68,1360,43,116,70,1580,44,117,68,1360,45,120,78,1560,46,112,80,4000,47,116,72,2700,48,121,70,2360,49,114,68,1360,50,125,72,1620,51,121,74,4420,52,109,80,3460,53,126,68,1360,54,127,74,3040,55,116,72,1440,56,123,82,3560,57,125,78,1920,58,120,80,5740,59,129,76,1760,60,119,68,1360,61,123,74,3280,62,121,76,1940,63,124,76,1520,64,118,72,4440,65,109,78,1560,66,128,70,4100,67,126,78,3420,68,114,68,1360,69,121,72,1440,70,119,78,1560,71,128,84,4260,72,122,74,3520,73,113,76,2780,74,129,80,4960,75,129,82,3500,76,120,70,3680,77,118,74,1480,78,130,86,1720,79,117,74,3340,80,115,84,3720,81,121,74,1480,82,116,74,1480,83,120,68,3160,84,127,76,1520,85,112,70,1400,86,116,70,1400,87,113,66,1320,88,116,66,2880,89,125,66,1320,90,113,74,2020,91,122,74,1480,92,126,80,3400,93,125,72,4140,94,117,74,4240,95,127,80,2620,96,113,72,3000,97,121,68,2500,98,119,74,3160,99,131,90,3480,100,114,94,3680
65,-112910,70901,1,122,70,3020,2,122,70,2660,3,135,92,1840,4,116,72,2880,5,120,70,1400,6,123,68,1360,7,112,74,2800,8,121,74,1480,9,115,86,4120,10,129,70,1400,11,118,80,3820,12,117,86,5020,13,120,70,1400,14,124,84,3960,15,115,64,2180,16,113,80,1600,17,123,74,1480,18,119,80,3280,19,125,80,1600,20,132,86,2860,21,124,74,3100,22,131,90,3180,23,126,78,1560,24,124,70,2960,25,128,66,1320,26,120,66,1320,27,126,68,1780,28,113,76,1520,29,127,76,3740,30,118,98,1960,31,123,70,3080,32,115,68,1360,33,112,74,1480,34,120,74,2680,35,130,86,4360,36,119,82,1640,37,131,92,1840,38,117,72,2700,39,117,86,1720,40,123,72,1740,41,116,80,2560,42,127,92,1840,43,127,90,2040,44,126,96,1920,45,123,68,1360,46,117,74,3640,47,124,80,3100,48,118,84,3120,49,129,84,1680,50,118,74,1720,51,114,82,5300,52,118,78,3300,53,121,80,1600,54,110,78,3120,55,133,76,1520,56,114,66,2940,57,113,60,1500,58,123,70,5060,59,116,74,1720,60,129,96,1920,61,115,78,3720,62,116,70,1820,63,120,66,1320,64,128,94,5840,65,119,68,1360,66,119,76,4760,67,117,74,3220,68,127,72,1440,69,117,76,1520,70,122,74,1480,71,123,74,3760,72,119,68,3280,73,120,76,3020,74,119,78,4860,75,125,74,3220,76,116,90,4740,77,123,70,1400,78,122,70,1400,79,119,72,3180,80,116,70,2960,81,112,66,1320,82,122,66,1320,83,123,92,4240,84,122,68,1360,85,125,78,1560,86,130,86,1720,87,118,86,1720,88,123,92,3760,89,120,84,1680,90,127,84,2280,91,111,64,1280,92,121,72,3000,93,121,78,4560,94,124,78,4500,95,119,80,2740,96,127,76,3080,97,123,84,3120,98,124,80,3700,99,130,88,3440,100,117,78,3120
66,-124755,72104,1,112,78,3000,2,109,80,3100,3,128,78,1560,4,129,68,2620,5,119,88,1760,6,121,88,1760,7,124,86,2860,8,111,68,1360,9,124,70,3440,10,117,76,1520,11,122,72,3300,12,120,74,4300,13,125,84,1680,14,115,70,3140,15,120,84,2760,16,119,66,1320,17,115,64,1280,18,121,74,2800,19,115,68,1360,20,116,76,2480,21,119,78,3480,22,120,74,2800,23,122,68,1360,24,111,76,3200,25,118,90,1800,26,119,80,1600,27,125,90,2400,28,120,72,1440,29,113,64,3200,30,124,76,1520,31,125,76,3140,32,121,84,1680,33,128,78,1560,34,116,68,2680,35,121,74,3580,36,124,74,1480,37,122,72,1440,38,128,84,3180,39,118,72,1440,40,113,74,1780,41,123,72,2040,42,126,72,1440,43,120,68,1480,44,118,80,1600,45,123,88,1760,46,124,70,3320,47,115,72,2700,48,125,76,2720,49,121,72,1440,50,125,68,1480,51,116,70,4280,52,118,74,3100,53,115,70,1400,54,117,72,2880,55,117,78,1560,56,125,82,3560,57,117,74,1780,58,120,86,6100,59,124,80,1960,60,127,78,1560,61,116,66,3120,62,122,78,2160,63,121,80,1600,64,120,80,4960,65,127,92,1840,66,125,66,3840,67,124,70,3020,68,115,80,1600,69,121,70,1400,70,118,74,1480,71,113,78,4200,72,121,102,4680,73,122,66,2580,74,119,70,4400,75,117,72,3300,76,127,78,4260,77,112,86,1720,78,116,86,1720,79,125,76,3380,80,132,80,3160,81,119,96,1920,82,110,82,1640,83,123,74,3460,84,123,98,1960,85,120,72,1440,86,117,70,1400,87,118,72,1440,88,119,78,3120,89,121,68,1360,90,117,72,1800,91,114,92,1840,92,112,82,3920,93,117,74,4360,94,115,72,4020,95,121,72,2400,96,115,72,2880,97,112,66,2580,98,111,70,3140,99,117,80,3220,100,128,74,3160
67,-130700,73230,1,117,74,2980,2,118,72,2700,3,117,70,1400,4,119,70,2780,5,121,78,1560,6,118,70,1400,7,117,68,2560,8,121,86,1720,9,117,76,3740,10,123,70,1400,11,108,80,3640,12,120,78,4740,13,114,78,1560,14,125,76,3320,15,119,74,2380,16,124,78,1560,17,123,90,1800,18,124,84,3600,19,124,82,1640,20,122,78,2640,21,123,72,3000,22,115,86,3880,23,126,100,2000,24,120,72,3000,25,119,68,1360,26,124,74,1480,27,123,76,2060,28,118,70,1400,29,120,78,3600,30,116,74,1480,31,119,64,2660,32,115,70,1400,33,118,74,1480,34,123,78,2880,35,116,80,4120,36,117,72,1440,37,112,72,1440,38,115,74,2740,39,125,76,1520,40,130,68,1660,41,112,80,2200,42,114,74,1480,43,127,82,1760,44,124,68,1360,45,110,78,1560,46,112,76,3560,47,132,90,3540,48,116,68,2140,49,114,72,1440,50,116,90,1920,51,127,84,5100,52,127,78,3480,53,128,82,1700,54,127,80,3220,55,124,66,1320,56,119,70,2960,57,123,68,1660,58,122,70,5000,59,118,74,1780,60,124,66,1320,61,125,88,4340,62,111,66,1860,63,117,78,1560,64,118,70,4160,65,119,74,1480,66,118,84,5100,67,116,76,3440,68,116,70,1400,69,122,86,1720,70,126,66,1320,71,117,72,3720,72,114,88,3920,73,115,82,3380,74,125,90,5580,75,132,78,3180,76,119,76,4340,77,119,72,1440,78,121,70,1400,79,114,70,3020,80,124,76,3020,81,127,74,1480,82,113,64,1280,83,113,76,3740,84,122,76,1520,85,120,76,1520,86,128,84,1680,87,128,74,1540,88,116,80,3760,89,116,84,1680,90,133,84,2100,91,120,84,1680,92,118,66,2820,93,126,70,4100,94,126,78,4200,95,116,74,2560,96,122,82,3260,97,115,80,2980,98,123,84,3600,99,122,74,2860,100,119,76,3080
68,-128465,74385,1,125,70,2780,2,124,80,3220,3,128,78,1560,4,117,76,2780,5,117,70,1400,6,127,92,1840,7,126,80,2800,8,114,70,1400,9,119,68,3400,10,110,76,1520,11,118,78,3660,12,118,72,4320,13,119,70,1400,14,121,70,3080,15,125,68,2260,16,119,68,1360,17,120,78,1560,18,119,78,3240,19,115,72,1440,20,119,74,2560,21,115,82,3320,22,125,78,3360,23,123,78,1560,24,119,72,2940,25,125,90,1800,26,115,70,1400,27,118,76,2180,28,127,86,1720,29,123,66,3000,30,124,72,1440,31,129,84,3660,32,128,78,1560,33,126,74,1480,34,119,78,3000,35,122,74,3640,36,133,78,1560,37,125,76,1520,38,125,80,3220,39,116,64,1280,40,119,76,2060,41,116,66,1800,42,131,74,1480,43,120,74,1480,44,117,88,1760,45,116,64,1280,46,122,68,3040,47,124,78,2820,48,133,82,2660,49,126,82,1640,50,117,72,1440,51,123,72,4380,52,120,74,3400,53,128,66,1380,54,123,72,2940,55,117,78,1560,56,120,98,3640,57,125,100,2540,58,111,72,5160,59,128,74,1840,60,126,88,1760,61,115,76,3500,62,123,84,2340,63,124,68,1360,64,120,96,5520,65,117,68,1360,66,118,74,4300,67,124,74,3400,68,125,74,1480,69,117,70,1400,70,117,98,1960,71,123,74,3760,72,118,74,3520,73,126,70,2660,74,120,78,4860,75,121,68,2800,76,126,80,4660,77,124,76,1520,78,116,78,1560,79,124,80,3040,80,116,70,2540,81,113,68,1360,82,125,82,1640,83,127,68,3100,84,114,68,1360,85,113,66,1320,86,121,70,1400,87,114,74,1540,88,126,72,3240,89,125,74,1480,90,118,66,1680,91,121,74,1480,92,128,82,3380,93,119,76,4580,94,118,66,3540,95,126,70,2480,96,115,74,2980,97,124,70,2660,98,121,78,3360,99,111,84,3660,100,123,74,2980
69,-129710,75528,1,119,74,2860,2,119,74,2980,3,121,70,1400,4,124,72,2760,5,129,82,1640,6,123,78,1560,7,120,72,2460,8,129,82,1640,9,120,84,3780,10,127,76,1520,11,118,72,3360,12,129,72,4260,13,124,82,1640,14,126,80,3280,15,115,84,2820,16,130,80,1600,17,117,66,1320,18,122,74,3100,19,135,84,1680,20,119,70,2480,21,121,70,2780,22,120,72,3000,23,116,72,1440,24,125,76,3260,25,121,78,1560,26,127,80,1600,27,124,74,2200,28,121,78,1560,29,123,86,3940,30,110,74,1480,31,127,74,3040,32,125,68,1360,33,115,76,1520,34,122,66,2520,35,118,76,3800,36,125,76,1520,37,122,62,1240,38,120,72,2940,39,116,80,1600,40,120,76,2060,41,133,92,2500,42,124,82,1640,43,121,68,1540,44,120,72,1440,45,117,82,1640,46,119,88,3680,47,117,72,2700,48,125,70,2240,49,119,68,1360,50,135,86,1900,51,118,76,4280,52,124,78,3480,53,126,84,1740,54,106,78,3180,55,118,68,1360,56,113,74,2860,57,119,82,2180,58,119,72,5220,59,117,84,2040,60,122,74,1480,61,121,78,3840,62,120,78,2280,63,117,86,1720,64,122,82,4640,65,134,84,1680,66,131,74,4540,67,114,70,3320,68,112,66,1320,69,127,88,1760,70,121,76,1520,71,111,72,3720,72,125,72,3480,73,120,76,2780,74,128,76,4700,75,120,80,2860,76,116,66,3540,77,120,60,1200,78,120,76,1520,79,117,68,2620,80,131,88,3320,81,125,82,1640,82,118,74,1480,83,117,82,4040,84,120,82,1640,85,122,86,1720,86,120,84,1680,87,124,72,1500,88,118,80,3580,89,119,72,1440,90,132,80,2020,91,116,68,1360,92,118,82,3620,93,125,70,4220,94,123,86,4360,95,112,72,2520,96,127,78,3180,97,112,74,2800,98,115,70,2960,99,116,76,3080,100,116,74,3220
70,-137400,76656,1,123,64,2360,2,122,72,2940,3,119,88,1760,4,111,78,2820,5,126,70,1400,6,115,70,1400,7,118,74,2560,8,118,74,1480,9,122,70,3380,10,115,70,1400,11,122,82,3800,12,120,74,4300,13,117,72,1440,14,119,70,2960,15,121,70,2300,16,127,70,1400,17,122,84,1680,18,126,78,3360,19,131,74,1480,20,123,90,3180,21,117,82,3260,22,125,78,3300,23,132,80,1600,24,114,72,3360,25,118,72,1440,26,119,68,1360,27,116,70,2060,28,115,66,1320,29,121,68,3160,30,125,80,1600,31,115,78,3240,32,125,86,1720,33,121,74,1480,34,116,90,3120,35,115,78,3780,36,114,70,1400,37,120,82,1640,38,122,74,2980,39,118,74,1480,40,121,74,2020,41,118,70,1880,42,119,68,1360,43,110,74,1600,44,116,76,1520,45,120,72,1440,46,119,74,3280,47,132,84,2880,48,110,72,2340,49,128,84,1680,50,125,76,1640,51,125,74,4360,52,113,72,3180,53,124,62,1240,54,120,82,3260,55,120,84,1680,56,125,80,3220,57,117,72,1980,58,119,74,5440,59,121,74,1900,60,115,68,1360,61,117,74,3520,62,119,74,2140,63,124,78,1560,64,120,80,4600,65,126,72,1440,66,118,74,4360,67,132,72,3180,68,113,86,1720,69,122,72,1440,70,118,70,1400,71,125,78,4080,72,114,84,4080,73,119,66,2520,74,118,76,4760,75,111,80,2860,76,123,82,4400,77,121,82,1640,78,118,66,1320,79,134,82,2900,80,122,78,2940,81,119,72,1440,82,121,68,1360,83,122,74,3520,84,121,70,1400,85,121,66,1320,86,118,74,1480,87,111,76,1520,88,122,72,3180,89,124,76,1520,90,128,68,1600,91,127,90,1800,92,118,80,3460,93,118,80,4840,94,116,66,3360,95,124,82,3020,96,118,78,3180,97,129,80,2860,98,130,78,3120,99,126,76,3200,100,131,76,3440
71,-123670,77771,1,119,82,2960,2,121,80,3340,3,117,74,1480,4,117,72,2640,5,111,78,1560,6,133,72,1440,7,123,70,2660,8,121,64,1280,9,112,84,4020,10,130,76,1520,11,109,74,3160,12,123,80,4780,13,131,82,1640,14,122,88,3500,15,122,96,3180,16,115,76,1520,17,118,72,1440,18,119,76,3200,19,122,78,1560,20,119,76,2600,21,122,74,2860,22,122,68,2680,23,126,74,1480,24,129,78,3480,25,125,78,1560,26,120,76,1520,27,133,82,2300,28,124,90,1800,29,120,96,4440,30,117,66,1320,31,119,70,3080,32,116,62,1240,33,116,72,1440,34,120,72,2700,35,123,74,3580,36,127,74,1480,37,119,68,1360,38,117,78,3300,39,122,68,1360,40,112,64,1760,41,124,78,2040,42,127,94,1880,43,121,78,1680,44,124,64,1280,45,120,74,1480,46,115,70,3320,47,120,74,2740,48,125,78,2520,49,122,64,1280,50,115,68,1480,51,119,66,3840,52,136,80,3280,53,123,94,1880,54,116,80,3040,55,117,68,1360,56,114,68,2740,57,130,76,2000,58,121,66,4740,59,109,68,1840,60,119,90,1800,61,129,78,4020,62,118,68,2020,63,121,68,1360,64,121,74,4180,65,116,70,1400,66,125,78,4560,67,119,74,3160,68,121,70,1400,69,112,78,1560,70,129,76,1520,71,116,68,3400,72,117,74,3580,73,132,88,3020,74,125,72,4380,75,116,70,2600,76,119,80,4120,77,112,70,1400,78,124,80,1600,79,124,68,2560,80,120,76,3260,81,124,74,1480,82,115,88,1760,83,119,86,4480,84,120,94,1880,85,126,94,1880,86,122,72,1440,87,119,70,1400,88,106,78,3720,89,118,72,1440,90,118,70,1700,91,121,74,1480,92,128,74,3100,93,118,64,3920,94,116,84,4380,95,120,70,2480,96,126,74,2920,97,122,68,2560,98,124,74,3040,99,117,76,3200,100,119,78,3480
72,-114905,78988,1,118,74,2560,2,112,72,2820,3,122,74,1480,4,133,92,3700,5,116,68,1360,6,115,76,1520,7,115,68,2440,8,119,80,1600,9,115,76,3620,10,119,74,1480,11,125,88,3440,12,121,72,4380,13,127,70,1400,14,114,68,2920,15,114,82,2840,16,117,74,1480,17,129,74,1480,18,122,68,2560,19,118,70,1400,20,126,76,2840,21,115,72,2880,22,129,84,3120,23,115,76,1520,24,121,68,3040,25,123,62,1240,26,117,74,1480,27,125,76,2120,28,115,66,1320,29,123,74,3700,30,128,90,1800,31,116,88,3740,32,124,74,1480,33,127,82,1640,34,122,78,3000,35,118,72,3540,36,114,80,1600,37,133,86,1720,38,123,72,2820,39,112,86,1720,40,119,84,2280,41,120,72,1920,42,122,82,1640,43,118,70,1640,44,122,86,1720,45,117,72,1440,46,128,90,4320,47,118,66,2340,48,116,70,2540,49,121,88,1760,50,132,90,2040,51,126,82,4520,52,124,80,3400,53,118,68,1360,54,124,72,2880,55,127,78,1560,56,129,90,3240,57,122,76,2120,58,123,68,4900,59,124,80,2080,60,122,82,1640,61,118,80,4240,62,122,90,2400,63,121,90,1800,64,121,88,5120,65,130,78,1560,66,120,58,3380,67,126,76,3320,68,119,88,1760,69,115,72,1440,70,119,74,1480,71,121,92,4780,72,118,80,4300,73,122,64,2300,74,109,84,5340,75,129,84,3060,76,111,76,4340,77,126,78,1560,78,114,74,1480,79,126,86,3100,80,118,72,3060,81,114,68,1360,82,120,66,1320,83,121,70,3560,84,117,80,1600,85,118,78,1560,86,112,74,1480,87,120,86,1720,88,118,84,4020,89,127,78,1560,90,127,86,1960,91,113,64,1280,92,118,82,3380,93,124,88,5540,94,125,70,3500,95,114,88,3080,96,112,74,2920,97,115,98,3820,98,117,70,2960,99,122,80,3580,100,127,72,3120
73,-125130,80155,1,131,68,2560,2,126,82,3140,3,116,66,1320,4,132,80,3220,5,126,86,1720,6,116,68,1360,7,122,94,3200,8,122,68,1360,9,120,80,4000,10,122,66,1320,11,119,78,3240,12,117,84,5160,13,115,84,1680,14,125,84,3660,15,115,74,2740,16,127,68,1360,17,114,82,1640,18,115,88,3500,19,128,84,1680,20,120,66,2340,21,128,84,3120,22,120,82,3080,23,121,76,1520,24,122,94,4040,25,126,80,1600,26,128,66,1320,27,118,68,1960,28,130,82,1640,29,118,70,3620,30,120,72,1440,31,122,70,2900,32,113,72,1440,33,118,68,1360,34,118,68,2440,35,124,74,3580,36,121,74,1480,37,127,70,1400,38,111,80,3100,39,117,76,1520,40,123,74,1960,41,118,78,2220,42,117,70,1400,43,127,84,1860,44,113,70,1400,45,127,68,1360,46,116,76,3560,47,127,82,2840,48,132,86,2740,49,115,74,1480,50,127,74,1660,51,117,72,3900,52,118,66,2640,53,129,84,1680,54,112,80,3340,55,121,66,1320,56,127,72,2880,57,118,68,1840,58,124,74,5020,59,114,74,1960,60,115,70,1400,61,122,76,3980,62,119,80,2200,63,111,70,1400,64,117,76,4220,65,124,70,1400,66,129,72,4320,67,121,68,2680,68,120,80,1660,69,134,80,1600,70,127,64,1280,71,114,80,3880,72,123,72,3600,73,118,76,2720,74,114,74,4660,75,127,72,2700,76,121,72,3720,77,116,70,1400,78,122,78,1560,79,121,76,2780,80,127,76,3200,81,128,80,1600,82,120,92,1840,83,120,100,4940,84,124,64,1280,85,123,68,1360,86,130,84,1680,87,116,72,1440,88,122,80,3700,89,124,74,1480,90,125,74,1960,91,124,92,1840,92,125,80,3340,93,121,74,4480,94,114,80,4120,95,119,76,2540,96,124,84,3420,97,121,84,3300,98,123,82,3560,99,116,72,2940,100,115,82,3800
74,-127825,81307,1,116,66,2340,2,123,72,2820,3,122,88,1760,4,125,70,2540,5,123,74,1480,6,120,98,1960,7,121,78,2520,8,122,94,1880,9,119,72,3540,10,119,84,1680,11,127,74,3160,12,119,72,4380,13,117,60,1200,14,120,70,2780,15,122,76,2900,16,115,78,1560,17,126,70,1400,18,115,74,2860,19,121,70,1400,20,121,86,2980,21,117,76,2780,22,117,76,2900,23,114,68,1360,24,115,80,3640,25,119,74,1480,26,121,78,1560,27,122,86,2320,28,123,78,1560,29,127,84,4200,30,119,80,1600,31,120,92,4060,32,131,72,1440,33,125,78,1560,34,120,84,2940,35,111,80,4060,36,113,70,1400,37,114,68,1360,38,113,72,2820,39,124,74,1480,40,123,72,2220,41,124,66,1740,42,131,80,1600,43,126,74,1660,44,130,76,1520,45,125,76,1520,46,117,70,3200,47,122,72,2400,48,126,74,2380,49,126,68,1360,50,113,70,1580,51,128,80,4420,52,124,88,3680,53,127,76,1580,54,114,72,2820,55,122,88,1760,56,123,72,2700,57,124,86,2500,58,123,72,4860,59,125,86,2200,60,129,82,1640,61,118,78,4020,62,125,70,2000,63,128,80,1600,64,126,66,3840,65,111,78,1560,66,118,70,3800,67,120,86,3640,68,120,72,1500,69,129,74,1480,70,130,92,1840,71,121,70,3620,72,116,86,4120,73,118,64,2240,74,123,72,4320,75,113,76,3080,76,122,78,4440,77,132,80,1600,78,117,70,1400,79,124,78,3120,80,116,70,3020,81,124,68,1360,82,117,74,1480,83,121,78,3960,84,125,84,1680,85,116,86,1720,86,116,72,1440,87,128,72,1500,88,118,80,3700,89,116,72,1440,90,118,70,1940,91,122,82,1640,92,118,76,3140,93,114,68,4060,94,117,72,3780,95,127,78,2820,96,117,70,2780,97,117,72,2580,98,121,78,3240,99,120,86,3940,100,120,86,3760
75,-129815,82462,1,120,82,3020,2,111,82,3200,3,110,72,1440,4,118,82,3140,5,117,70,1400,6,120,76,1520,7,117,74,2440,8,118,84,1680,9,118,82,4220,10,127,78,1560,11,115,82,3440,12,127,86,5200,13,123,86,1720,14,123,86,3100,15,112,76,2900,16,120,64,1280,17,115,74,1480,18,123,80,3340,19,108,88,1760,20,114,70,2540,21,125,70,2720,22,124,76,3080,23,129,80,1600,24,121,68,2980,25,119,66,1320,26,113,70,1400,27,115,70,2000,28,111,70,1400,29,122,74,3760,30,122,74,1480,31,117,76,3380,32,122,76,1520,33,114,70,1400,34,116,72,2520,35,116,68,3280,36,122,78,1560,37,121,88,1760,38,125,80,3160,39,115,70,1400,40,116,76,2120,41,119,74,1900,42,126,70,1400,43,117,68,1480,44,121,76,1520,45,117,62,1240,46,134,86,3880,47,112,80,2860,48,112,78,2460,49,119,74,1480,50,132,80,1720,51,120,62,3400,52,119,66,2700,53,118,74,1540,54,128,82,3500,55,121,70,1400,56,108,74,2800,57,112,70,2000,58,117,70,4880,59,120,74,1960,60,124,76,1520,61,122,66,3420,62,117,84,2280,63,122,62,1240,64,128,78,4440,65,116,76,1520,66,121,84,4800,67,126,70,2780,68,120,76,1580,69,116,72,1440,70,126,74,1480,71,120,86,3820,72,124,72,3540,73,123,72,2700,74,113,84,5100,75,123,68,2560,76,120,70,3800,77,126,72,1440,78,130,82,1640,79,119,68,2560,80,130,82,3380,81,118,84,1680,82,122,72,1440,83,116,70,3680,84,123,74,1480,85,125,74,1480,86,138,88,1760,87,113,82,1700,88,121,70,3140,89,129,82,1640,90,125,82,2240,91,118,68,1360,92,126,70,2960,93,119,74,4300,94,130,76,3800,95,120,68,2500,96,126,90,3660,97,131,88,3260,98,119,74,3220,99,122,82,3500,100,117,70,3020
76,-125505,83609,1,117,70,2720,2,118,72,2760,3,127,88,1760,4,123,78,2940,5,130,84,1680,6,118,64,1280,7,127,68,2200,8,123,70,1400,9,121,72,3720,10,117,62,1240,11,121,76,3080,12,125,76,4700,13,117,74,1480,14,122,68,2680,15,124,76,3140,16,120,78,1560,17,122,76,1520,18,116,74,3100,19,114,76,1520,20,122,80,3100,21,115,78,3180,22,122,68,2680,23,119,66,1320,24,121,86,3760,25,125,74,1480,26,126,82,1640,27,125,78,2220,28,128,86,1720,29,118,72,3720,30,110,66,1320,31,123,72,3180,32,117,68,1360,33,122,80,1600,34,131,82,2780,35,120,88,4400,36,115,68,1360,37,114,74,1480,38,115,74,2800,39,128,76,1520,40,125,66,2040,41,118,70,1880,42,114,76,1520,43,117,84,1800,44,114,70,1400,45,128,78,1560,46,127,82,3680,47,121,72,2580,48,121,74,2440,49,126,66,1320,50,128,76,1640,51,118,92,4660,52,133,80,3160,53,122,70,1520,54,126,76,3140,55,114,80,1600,56,128,86,3340,57,124,76,2240,58,116,74,5320,59,121,76,2240,60,113,66,1320,61,120,92,4540,62,125,76,2180,63,127,86,1720,64,123,72,4020,65,122,66,1320,66,121,80,4540,67,114,68,2920,68,120,68,1360,69,135,80,1600,70,114,70,1400,71,121,68,3160,72,111,72,3420,73,109,72,2580,74,113,76,4580,75,126,96,3780,76,123,84,4500,77,114,72,1440,78,130,76,1520,79,127,92,3700,80,122,70,2660,81,119,76,1520,82,109,78,1560,83,125,82,4280,84,118,68,1360,85,114,68,1360,86,130,74,1480,87,114,74,1600,88,123,94,4280,89,120,72,1440,90,118,70,1880,91,130,86,1720,92,114,84,3600,93,121,66,4140,94,124,78,3960,95,124,76,3020,96,122,82,3260,97,125,82,3020,98,125,70,2900,99,115,78,3300,100,130,88,3800
77,-126810,84732,1,131,80,2920,2,121,86,3220,3,123,78,1560,4,127,72,2640,5,118,76,1520,6,128,90,1800,7,122,82,3140,8,112,82,1640,9,124,78,4140,10,124,92,1840,11,116,76,3080,12,120,82,5240,13,126,72,1440,14,121,94,4220,15,111,74,3160,16,118,68,1360,17,123,68,1360,18,118,70,2960,19,123,68,1360,20,117,68,2500,21,127,68,2800,22,115,78,3240,23,123,86,1720,24,118,72,3000,25,116,64,1280,26,120,70,1400,27,119,68,2020,28,119,72,1440,29,131,80,4120,30,111,88,1760,31,113,74,3220,32,125,86,1720,33,115,72,1440,34,126,78,2700,35,120,74,3460,36,126,90,1800,37,125,72,1440,38,130,78,3060,39,120,66,1320,40,122,86,2380,41,127,88,2600,42,116,62,1240,43,120,74,1600,44,129,84,1680,45,121,72,1440,46,125,74,3340,47,115,70,2420,48,118,76,2600,49,127,86,1720,50,120,70,1520,51,121,70,3560,52,122,78,3360,53,110,82,1760,54,120,68,2680,55,120,70,1400,56,119,70,2840,57,120,68,2020,58,124,72,4980,59,115,74,2080,60,119,78,1560,61,118,74,3400,62,120,74,2140,63,117,70,1400,64,111,80,4660,65,120,82,1640,66,123,66,3660,67,125,80,3400,68,124,80,1660,69,128,74,1480,70,125,86,1720,71,124,88,4280,72,118,84,4020,73,119,70,2420,74,118,78,4860,75,125,74,2980,76,117,70,3920,77,132,72,1440,78,120,76,1520,79,118,70,2900,80,114,88,3680,81,121,62,1240,82,120,72,1440,83,122,66,3420,84,123,96,1920,85,125,80,1600,86,120,86,1720,87,125,76,1640,88,116,76,3140,89,121,72,1440,90,127,88,2420,91,125,82,1640,92,114,72,3180,93,123,82,5000,94,115,64,3380,95,120,70,2540,96,116,70,2720,97,120,72,2640,98,113,84,3660,99,119,74,3220,100,121,70,2960
78,-124575,85903,1,121,66,2520,2,123,66,2520,3,115,66,1320,4,118,76,2840,5,125,68,1360,6,119,72,1440,7,115,70,2420,8,119,74,1480,9,115,70,3680,10,117,74,1480,11,126,78,3420,12,123,74,4540,13,113,78,1560,14,127,72,3000,15,122,76,2960,16,130,98,1960,17,117,86,1720,18,123,84,3540,19,118,86,1720,20,123,86,3280,21,112,82,3320,22,118,70,2780,23,122,74,1480,24,127,78,3360,25,133,84,1680,26,119,92,1840,27,131,78,2160,28,125,78,1560,29,122,72,3780,30,118,68,1360,31,127,80,3580,32,118,68,1360,33,131,90,1800,34,121,70,2540,35,124,84,4500,36,119,72,1440,37,116,76,1520,38,123,74,2680,39,126,86,1720,40,117,76,2060,41,121,72,1980,42,127,84,1680,43,121,64,1400,44,120,70,1400,45,115,72,1440,46,114,70,3200,47,129,80,2920,48,118,68,2320,49,123,78,1560,50,127,100,2120,51,118,86,4720,52,120,76,3260,53,118,70,1460,54,119,88,3500,55,123,86,1720,56,127,78,3240,57,120,78,2100,58,114,76,5300,59,120,74,2020,60,124,66,1320,61,120,76,3500,62,119,74,2080,63,128,78,1560,64,121,70,3980,65,116,72,1440,66,123,80,4600,67,120,74,3220,68,121,68,1360,69,114,80,1600,70,119,70,1400,71,122,80,3820,72,125,76,3680,73,122,94,3200,74,116,70,4340,75,112,68,2860,76,122,84,4560,77,125,72,1440,78,122,70,1400,79,126,86,3220,80,120,72,3060,81,126,90,1800,82,124,76,1520,83,121,86,4540,84,115,78,1560,85,119,70,1400,86,123,72,1440,87,119,72,1500,88,122,70,3140,89,113,76,1520,90,124,76,2120,91,114,74,1480,92,128,80,3340,93,114,70,4160,94,124,76,3800,95,120,86,3280,96,131,88,3500,97,123,74,2800,98,121,76,3260,99,113,80,3580,100,114,90,3600
79,-120570,87103,1,120,82,3200,2,118,90,3660,3,126,86,1720,4,120,70,2660,5,120,82,1640,6,126,72,1440,7,131,86,3100,8,125,68,1360,9,128,80,3880,10,125,70,1400,11,119,74,3280,12,113,76,4580,13,115,68,1360,14,114,88,3680,15,111,68,2620,16,130,84,1680,17,121,70,1400,18,120,82,3440,19,123,74,1480,20,119,68,2560,21,117,74,2980,22,125,94,3740,23,114,72,1440,24,121,66,2700,25,130,68,1360,26,126,72,1440,27,128,70,2060,28,120,70,1400,29,117,76,3980,30,123,98,1960,31,118,66,2820,32,133,80,1600,33,130,68,1360,34,125,82,2720,35,117,78,3900,36,124,72,1440,37,122,58,1160,38,116,78,3420,39,121,78,1560,40,124,70,2060,41,112,78,2100,42,120,72,1440,43,130,82,1700,44,114,86,1720,45,125,80,1600,46,127,78,3780,47,119,74,2740,48,119,88,3320,49,112,68,1360,50,120,86,1780,51,118,70,3920,52,119,70,2900,53,125,82,1820,54,121,74,2980,55,120,68,1360,56,122,64,2780,57,116,68,2020,58,126,70,4820,59,117,70,1940,60,119,84,1680,61,120,78,3900,62,125,70,2060,63,121,72,1440,64,118,102,6060,65,133,80,1600,66,120,70,4220,67,116,70,2900,68,122,94,1940,69,120,74,1480,70,125,92,1840,71,119,72,3360,72,116,68,3160,73,120,76,2780,74,114,90,5640,75,119,74,3040,76,117,74,3940,77,109,68,1360,78,114,84,1680,79,119,78,3120,80,120,72,3120,81,119,76,1520,82,116,68,1360,83,121,80,4180,84,118,62,1240,85,127,92,1840,86,109,74,1480,87,125,76,1700,88,112,90,3840,89,119,70,1400,90,119,68,1840,91,129,72,1440,92,119,68,2920,93,127,86,5260,94,118,72,3960,95,121,80,2800,96,123,72,2940,97,112,68,2620,98,122,76,3260,99,122,70,2900,100,117,76,2900
80,-121815,88286,1,114,64,2360,2,123,80,3160,3,124,70,1400,4,125,90,3420,5,121,72,1440,6,119,76,1520,7,128,74,2560,8,117,82,1640,9,120,66,3360,10,115,78,1560,11,131,80,3880,12,125,72,4260,13,122,86,1720,14,124,72,3060,15,122,72,2700,16,127,74,1480,17,119,90,1800,18,120,80,3400,19,117,64,1280,20,125,86,2800,21,123,72,3240,22,121,84,3360,23,132,74,1480,24,116,86,3580,25,118,70,1400,26,107,76,1520,27,115,70,2000,28,121,90,1800,29,116,70,3800,30,117,74,1480,31,124,80,3580,32,125,72,1440,33,116,68,1360,34,119,72,2520,35,123,74,3580,36,107,66,1320,37,120,78,1560,38,124,72,3000,39,115,76,1520,40,120,74,2140,41,115,64,1820,42,124,78,1560,43,126,70,1400,44,121,74,1480,45,118,68,1360,46,122,72,3480,47,123,72,2580,48,119,80,2920,49,122,70,1400,50,120,78,1560,51,122,78,4380,52,118,96,3900,53,113,68,1420,54,118,76,3140,55,124,86,1720,56,117,80,3400,57,124,86,2380,58,116,82,5840,59,128,86,2560,60,121,76,1520,61,122,74,3460,62,115,82,2240,63,111,74,1480,64,120,82,4700,65,127,70,1400,66,130,88,4760,67,126,86,3700,68,113,80,1600,69,124,64,1280,70,120,66,1320,71,121,76,3680,72,128,78,3600,73,120,68,2500,74,118,82,5120,75,125,70,2720,76,124,72,3960,77,123,74,1480,78,119,82,1640,79,121,70,2720,80,119,76,3380,81,122,70,1400,82,122,86,1720,83,118,74,4000,84,128,94,1880,85,123,82,1640,86,125,84,1680,87,121,70,1460,88,114,80,3340,89,129,90,1800,90,114,94,2360,91,116,80,1600,92,120,92,3760,93,118,74,4420,94,125,70,3560,95,112,74,2560,96,112,80,3220,97,114,78,3180,98,110,68,2860,99,118,98,3940,100,120,78,3420
81,-135240,89460,1,126,76,2660,2,114,68,2620,3,113,80,1600,4,115,72,2880,5,118,72,1440,6,123,66,1320,7,115,78,2580,8,125,72,1440,9,126,80,4240,10,124,70,1400,11,124,74,3520,12,113,84,5160,13,119,68,1360,14,122,80,3340,15,112,78,3240,16,116,74,1480,17,122,70,1400,18,121,74,3220,19,126,90,1800,20,115,74,2440,21,113,74,2980,22,115,74,2800,23,122,70,1400,24,121,70,3140,25,131,86,1720,26,130,84,1680,27,133,78,2100,28,115,74,1480,29,125,80,4480,30,129,64,1280,31,118,70,3200,32,111,80,1600,33,120,92,1840,34,127,76,2720,35,115,70,3260,36,117,80,1600,37,115,68,1360,38,116,74,2740,39,118,68,1360,40,123,66,1980,41,118,82,2360,42,117,72,1440,43,114,78,1560,44,113,66,1320,45,126,88,1760,46,117,72,3420,47,106,80,2860,48,120,70,2480,49,119,92,1840,50,121,78,1560,51,126,68,3820,52,128,74,2980,53,125,76,1580,54,122,74,2980,55,122,68,1360,56,124,70,2900,57,118,74,2140,58,118,76,5240,59,121,74,2200,60,113,72,1440,61,120,72,3420,62,116,72,1980,63,123,70,1400,64,119,76,4340,65,112,72,1440,66,126,68,4000,67,119,72,2940,68,118,70,1460,69,120,88,1760,70,119,92,1840,71,120,72,3420,72,122,70,3260,73,127,88,3020,74,123,72,4440,75,118,72,2760,76,111,80,4420,77,117,70,1400,78,124,80,1600,79,125,86,3040,80,119,70,3320,81,118,90,1800,82,118,72,1440,83,123,74,3940,84,126,68,1360,85,117,70,1400,86,119,72,1440,87,114,84,1740,88,119,74,3100,89,127,82,1640,90,119,74,1960,91,120,70,1400,92,119,80,3160,93,125,74,4600,94,113,74,3820,95,121,76,2480,96,116,74,2980,97,122,72,2880,98,127,84,3600,99,122,86,3520,100,124,74,3220
82,-129385,90632,1,117,66,2400,2,120,86,3400,3,120,74,1480,4,134,88,3560,5,130,74,1480,6,114,78,1560,7,123,72,2400,8,116,72,1440,9,123,76,3740,10,116,82,1640,11,117,70,3200,12,115,68,4120,13,122,82,1640,14,119,66,3000,15,118,72,2760,16,125,70,1400,17,115,80,1600,18,117,72,3180,19,122,76,1520,20,125,70,2240,21,126,78,3120,22,125,76,3200,23,123,78,1560,24,118,90,4080,25,125,74,1480,26,123,66,1320,27,120,70,2000,28,127,82,1640,29,117,64,3500,30,121,82,1640,31,127,78,3240,32,121,70,1400,33,120,74,1480,34,119,68,2680,35,127,84,3960,36,122,68,1360,37,118,82,1640,38,123,78,3240,39,126,82,1640,40,119,80,2320,41,122,68,2080,42,134,86,1720,43,122,70,1400,44,125,86,1720,45,118,76,1520,46,127,82,3920,47,111,70,2480,48,116,92,3220,49,120,70,1400,50,116,68,1360,51,116,84,4440,52,114,82,3260,53,115,68,1420,54,111,80,3580,55,125,88,1760,56,116,76,3080,57,125,74,2200,58,124,68,4840,59,110,76,2300,60,125,86,1720,61,117,78,3960,62,134,86,2320,63,110,74,1480,64,128,78,4500,65,125,80,1600,66,121,88,4880,67,127,74,3100,68,127,82,1700,69,122,76,1520,70,120,76,1520,71,128,82,4100,72,122,80,4060,73,120,74,2560,74,116,82,5240,75,132,78,2760,76,118,72,4140,77,131,80,1600,78,118,72,1440,79,118,74,2680,80,127,78,3180,81,118,74,1480,82,127,78,1560,83,116,84,4740,84,116,84,1680,85,134,76,1520,86,122,72,1440,87,121,80,1660,88,124,80,3580,89,120,68,1360,90,123,70,1940,91,114,84,1680,92,120,70,2780,93,116,66,3900,94,127,80,4180,95,115,74,2320,96,127,82,3620,97,107,78,3360,98,123,70,2900,99,112,80,3280,100,119,80,3880
83,-125455,91778,1,130,94,3080,2,122,80,2980,3,121,64,1280,4,126,78,3000,5,113,74,1480,6,118,70,1400,7,109,82,2960,8,130,82,1640,9,115,74,3940,10,115,74,1480,11,122,88,4280,12,121,86,5140,13,117,74,1480,14,126,78,3720,15,131,84,3360,16,115,74,1480,17,123,70,1400,18,127,82,3620,19,113,68,1360,20,112,78,2760,21,117,68,2740,22,111,66,2580,23,110,68,1360,24,127,80,3520,25,114,68,1360,26,117,78,1560,27,125,98,2560,28,119,68,1360,29,122,86,4540,30,118,74,1480,31,119,74,3160,32,116,86,1720,33,121,68,1360,34,129,88,3020,35,117,72,3360,36,120,78,1560,37,121,74,1480,38,113,70,2780,39,118,78,1560,40,122,64,1820,41,118,94,2720,42,125,70,1400,43,118,88,1760,44,114,72,1440,45,117,64,1280,46,120,70,3140,47,123,86,2920,48,111,78,2760,49,121,92,1840,50,130,86,1720,51,123,66,3540,52,117,76,3200,53,124,80,1600,54,112,70,2840,55,121,80,1600,56,121,70,2780,57,116,72,1980,58,118,88,6440,59,127,78,2280,60,121,72,1440,61,119,72,3720,62,129,74,2080,63,125,78,1560,64,118,78,4440,65,122,64,1280,66,119,70,4100,67,116,80,3280,68,122,76,1700,69,115,72,1440,70,117,76,1520,71,121,72,3600,72,123,68,3340,73,116,72,2640,74,125,68,4120,75,124,76,2900,76,124,82,4580,77,126,68,1360,78,131,70,1400,79,119,70,2780,80,118,72,3300,81,127,66,1320,82,120,62,1240,83,116,72,3720,84,126,78,1560,85,119,76,1520,86,114,70,1400,87,115,74,1480,88,114,74,3340,89,119,82,1640,90,111,80,2380,91,122,76,1520,92,121,98,4120,93,131,78,4680,94,120,70,3740,95,129,74,2680,96,123,70,2840,97,116,74,2920,98,118,90,3960,99,121,80,3280,100,117,72,3360
84,-127115,92964,1,123,74,2560,2,114,80,3220,3,119,84,1680,4,118,74,2920,5,127,78,1560,6,120,80,1600,7,116,76,2720,8,123,74,1480,9,123,68,3400,10,127,74,1480,11,111,72,3240,12,122,74,4360,13,126,70,1400,14,122,70,3440,15,123,74,3040,16,123,74,1480,17,117,76,1520,18,121,72,3300,19,122,74,1480,20,121,72,2640,21,129,86,3340,22,119,80,3040,23,127,78,1560,24,117,74,3280,25,122,78,1560,26,123,74,1480,27,122,76,2120,28,125,82,1640,29,113,72,3780,30,127,68,1360,31,121,64,2720,32,126,72,1440,33,117,82,1640,34,124,66,2640,35,130,82,4040,36,121,70,1400,37,117,60,1200,38,127,88,3380,39,124,72,1440,40,111,80,2320,41,130,72,2280,42,115,78,1560,43,123,78,1560,44,126,82,1640,45,130,86,1720,46,130,92,4300,47,113,66,2160,48,121,74,2560,49,117,78,1560,50,122,72,1440,51,117,84,4440,52,123,70,2960,53,116,70,1400,54,124,82,3380,55,119,76,1520,56,117,92,3460,57,128,76,2240,58,126,70,5060,59,117,76,2300,60,117,74,1480,61,120,82,4580,62,112,80,2200,63,117,72,1440,64,119,74,4120,65,129,88,1760,66,126,78,4320,67,118,68,2920,68,121,66,1560,69,126,80,1600,70,118,68,1360,71,126,90,4860,72,123,92,4660,73,130,78,2400,74,121,90,5220,75,114,72,2940,76,118,74,4120,77,120,88,1760,78,118,74,1480,79,125,96,3420,80,137,74,2860,81,116,80,1600,82,116,78,1560,83,125,86,4360,84,121,64,1280,85,121,68,1360,86,131,92,1840,87,123,74,1480,88,125,84,3900,89,123,76,1520,90,118,70,2000,91,116,66,1320,92,109,78,3240,93,122,70,4160,94,118,82,4100,95,115,74,2680,96,118,76,3260,97,123,78,3000,98,116,72,2880,99,117,76,2960,100,127,80,3400
85,-138350,94095,1,116,64,2240,2,120,66,2580,3,125,60,1200,4,123,70,2720,5,120,66,1320,6,119,68,1360,7,120,74,2680,8,120,72,1440,9,120,88,4400,10,113,72,1440,11,129,82,3620,12,121,82,5060,13,112,72,1440,14,119,72,3540,15,110,80,3400,16,116,66,1320,17,129,62,1240,18,123,76,3560,19,117,62,1240,20,114,80,3160,21,125,74,2860,22,122,72,2760,23,122,66,1320,24,126,70,2900,25,117,66,1320,26,115,74,1480,27,116,70,1880,28,120,74,1480,29,129,84,4380,30,117,78,1560,31,114,84,3480,32,113,70,1400,33,124,70,1400,34,131,86,3100,35,125,72,3480,36,116,80,1600,37,124,78,1560,38,116,70,2660,39,111,74,1480,40,117,70,2000,41,114,78,2460,42,117,70,1400,43,114,74,1480,44,118,64,1280,45,126,72,1440,46,127,72,3420,47,127,78,2520,48,114,70,2600,49,124,66,1320,50,107,76,1520,51,122,74,4000,52,115,82,3560,53,125,78,1560,54,119,76,3020,55,123,74,1480,56,122,78,2940,57,122,70,2000,58,110,72,5280,59,125,74,2200,60,121,64,1280,61,122,70,3680,62,113,74,1960,63,132,78,1560,64,124,80,4540,65,122,76,1520,66,120,70,3980,67,127,80,3520,68,120,84,1980,69,120,76,1520,70,119,82,1640,71,116,82,4340,72,120,78,4080,73,117,74,2440,74,120,78,4560,75,121,80,2980,76,123,74,4180,77,121,76,1520,78,125,70,1400,79,124,72,2820,80,123,72,2940,81,124,72,1440,82,122,64,1280,83,118,74,3640,84,120,82,1640,85,119,86,1720,86,124,70,1400,87,116,70,1400,88,117,74,3160,89,122,64,1280,90,126,94,2840,91,124,94,1880,92,120,82,3500,93,120,78,4680,94,121,72,3420,95,126,78,3120,96,121,66,2820,97,118,70,2720,98,133,88,3500,99,121,78,3360,100,119,68,2860
86,-122865,95307,1,122,82,3020,2,129,80,2980,3,129,86,1720,4,113,80,3280,5,116,86,1720,6,122,90,1800,7,116,70,2540,8,122,76,1520,9,122,74,3520,10,131,82,1640,11,116,76,3680,12,112,68,4120,13,130,84,1680,14,127,72,3480,15,122,68,2920,16,118,92,1840,17,131,94,1880,18,111,76,3800,19,128,82,1640,20,119,74,2860,21,121,70,2540,22,117,80,2920,23,119,82,1640,24,113,74,2980,25,121,84,1680,26,125,76,1520,27,138,84,2460,28,118,68,1360,29,116,68,3640,30,121,74,1480,31,120,64,2720,32,129,72,1440,33,113,76,1520,34,125,70,2660,35,118,78,3720,36,123,74,1480,37,112,70,1400,38,125,80,2980,39,126,80,1600,40,129,84,2400,41,121,68,2260,42,129,78,1560,43,129,84,1680,44,122,90,1800,45,113,70,1400,46,118,74,3400,47,115,74,2560,48,126,80,2800,49,123,88,1760,50,123,72,1440,51,122,76,4280,52,123,70,2960,53,121,66,1320,54,122,82,3620,55,115,66,1320,56,118,62,2380,57,115,92,2560,58,120,76,5180,59,118,74,2260,60,114,82,1640,61,116,90,4620,62,130,80,2380,63,122,70,1400,64,117,74,4180,65,113,68,1360,66,126,90,5100,67,122,70,2960,68,119,76,1940,69,118,74,1480,70,123,72,1440,71,125,80,4060,72,115,72,3720,73,131,80,2680,74,122,76,4400,75,120,66,2400,76,116,74,4180,77,118,72,1440,78,111,72,1440,79,116,72,2520,80,114,68,2560,81,115,74,1480,82,116,78,1560,83,126,82,4520,84,117,74,1480,85,123,78,1560,86,111,74,1480,87,131,84,1680,88,123,80,3640,89,118,82,1640,90,122,74,2200,91,120,76,1520,92,117,74,3040,93,122,66,3960,94,109,82,4160,95,121,70,2780,96,116,82,3620,97,122,90,3480,98,129,80,3160,99,115,72,2880,100,134,82,3140
87,-135160,96444,1,115,64,2300,2,122,70,2660,3,123,72,1440,4,115,76,3140,5,120,74,1480,6,116,78,1560,7,131,84,3060,8,117,68,1360,9,115,70,3500,10,125,68,1360,11,123,64,2900,12,125,78,4500,13,125,66,1320,14,116,82,4220,15,116,88,3800,16,123,80,1600,17,122,74,1480,18,120,74,3400,19,121,70,1400,20,122,76,3260,21,114,76,2660,22,116,68,2560,23,119,64,1280,24,127,80,3220,25,114,72,1440,26,117,68,1360,27,132,74,2080,28,126,88,1760,29,121,96,5040,30,113,74,1480,31,117,84,3720,32,108,76,1520,33,121,78,1560,34,114,70,2600,35,123,70,3440,36,112,74,1480,37,123,70,1400,38,123,72,2700,39,127,70,1400,40,126,76,2240,41,131,94,3080,42,121,74,1480,43,123,72,1440,44,117,72,1440,45,128,80,1600,46,127,70,3260,47,126,74,2620,48,120,72,2640,49,116,78,1560,50,111,76,1520,51,110,70,3920,52,117,82,3560,53,117,88,1760,54,115,78,3540,55,123,90,1800,56,124,64,2420,57,119,80,2320,58,113,62,4360,59,122,72,2100,60,117,72,1440,61,120,74,4060,62,122,70,2000,63,113,80,1600,64,121,84,4980,65,124,80,1600,66,120,76,4340,67,119,84,3600,68,120,72,1860,69,124,72,1440,70,111,76,1520,71,114,74,3760,72,130,78,3840,73,125,74,2620,74,119,72,4140,75,119,80,2800,76,127,74,4180,77,126,86,1720,78,118,76,1520,79,132,68,2560,80,122,80,3400,81,124,76,1520,82,125,70,1400,83,119,72,3900,84,121,70,1400,85,120,72,1440,86,124,82,1640,87,118,74,1480,88,119,74,3280,89,127,72,1440,90,119,68,2140,91,118,66,1320,92,121,72,3000,93,115,82,4880,94,118,70,3560,95,129,90,3540,96,120,76,3500,97,117,80,3220,98,119,74,2920,99,125,90,3840,100,124,76,3140
88,-134115,97560,1,122,72,2760,2,123,82,3140,3,105,76,1520,4,122,68,2740,5,120,62,1240,6,120,62,1240,7,123,70,2540,8,131,80,1600,9,135,80,3520,10,128,90,1800,11,116,80,3760,12,112,68,3880,13,128,88,1760,14,122,72,3540,15,119,70,2600,16,116,76,1520,17,114,64,1280,18,120,82,4040,19,122,88,1760,20,119,70,2900,21,122,72,2760,22,120,90,3420,23,122,84,1680,24,118,70,2720,25,127,78,1560,26,128,80,1600,27,122,86,2440,28,120,78,1560,29,122,70,3800,30,131,84,1680,31,122,72,3120,32,125,74,1480,33,115,70,1400,34,125,76,2780,35,111,76,3680,36,129,86,1720,37,117,80,1600,38,108,84,3180,39,117,66,1320,40,120,72,1920,41,136,74,2440,42,120,74,1480,43,107,78,1560,44,131,82,1640,45,121,70,1400,46,109,76,3860,47,117,74,2500,48,122,72,2700,49,122,68,1360,50,117,74,1480,51,125,80,4420,52,120,70,3020,53,117,70,1460,54,123,78,3540,55,119,78,1560,56,116,70,2720,57,120,68,1840,58,119,78,5580,59,106,84,2520,60,128,72,1440,61,120,76,4280,62,123,84,2400,63,119,78,1560,64,117,74,4540,65,117,70,1400,66,115,74,4300,67,122,76,3140,68,126,80,2020,69,111,66,1320,70,122,66,1320,71,123,76,3860,72,119,70,3560,73,117,70,2420,74,124,86,5140,75,125,76,3020,76,117,74,4360,77,115,76,1520,78,120,70,1400,79,121,72,2940,80,119,74,3280,81,119,64,1280,82,110,68,1360,83,126,78,4260,84,122,84,1680,85,120,74,1480,86,117,70,1400,87,127,70,1460,88,120,74,3280,89,112,68,1360,90,125,90,2940,91,121,86,1720,92,114,78,3420,93,115,72,4260,94,122,82,4220,95,120,76,3020,96,120,74,3460,97,116,72,2820,98,114,70,2840,99,117,76,3200,100,123,66,2640
89,-125640,98692,1,116,76,2960,2,120,74,2800,3,115,74,1480,4,114,92,3880,5,121,74,1480,6,125,84,1680,7,111,80,2740,8,125,72,1440,9,123,74,3400,10,122,76,1520,11,120,66,3000,12,128,80,4720,13,123,74,1480,14,125,76,3680,15,126,88,3200,16,122,70,1400,17,122,76,1520,18,117,74,3340,19,122,78,1560,20,122,82,3260,21,114,80,3160,22,119,74,2620,23,113,70,1400,24,128,86,3760,25,118,70,1400,26,125,68,1360,27,118,76,2180,28,125,74,1480,29,110,84,4440,30,125,80,1600,31,108,74,3280,32,120,74,1480,33,129,82,1640,34,117,62,2380,35,117,74,3460,36,121,80,1600,37,123,72,1440,38,114,70,2720,39,124,88,1760,40,126,68,1960,41,120,76,2540,42,121,70,1400,43,118,74,1480,44,123,72,1440,45,124,90,1800,46,121,74,3460,47,117,82,3140,48,111,72,3000,49,126,98,1960,50,126,64,1280,51,118,72,3960,52,122,82,3380,53,129,90,1860,54,113,74,3280,55,124,66,1320,56,129,78,3120,57,121,76,2120,58,115,62,4420,59,111,70,2000,60,119,76,1520,61,122,74,4000,62,119,70,2060,63,118,72,1440,64,122,88,5600,65,130,84,1680,66,121,72,4020,67,111,74,3220,68,120,64,1640,69,120,94,1880,70,118,96,1920,71,115,78,4020,72,130,80,4000,73,128,82,3140,74,117,74,4240,75,113,72,2940,76,121,74,4480,77,117,68,1360,78,123,86,1720,79,123,74,2980,80,130,72,3360,81,123,80,1600,82,126,78,1560,83,119,72,4020,84,115,74,1480,85,122,66,1320,86,137,78,1560,87,111,74,1540,88,121,72,3240,89,124,84,1680,90,123,72,2280,91,119,66,1320,92,120,76,3260,93,126,80,5020,94,120,74,3820,95,115,76,3140,96,121,70,3200,97,126,92,3880,98,119,86,3520,99,126,78,3360,100,128,90,3840
90,-128010,99841,1,120,68,2680,2,120,74,2920,3,125,64,1280,4,115,80,3460,5,116,70,1400,6,115,68,1360,7,115,70,2420,8,111,72,1440,9,126,68,3040,10,116,68,1360,11,124,96,4260,12,113,62,3700,13,116,64,1280,14,119,70,3320,15,124,80,2860,16,118,86,1720,17,113,62,1240,18,125,80,4000,19,115,68,1360,20,117,70,2780,21,121,70,2600,22,121,68,2740,23,130,88,1760,24,121,68,2680,25,130,72,1440,26,117,86,1720,27,121,78,2400,28,115,68,1360,29,120,72,3780,30,118,78,1560,31,130,84,3600,32,118,72,1440,33,114,72,1440,34,119,80,3040,35,124,74,3580,36,116,76,1520,37,111,70,1400,38,128,78,3000,39,122,72,1440,40,114,82,2180,41,117,74,2380,42,117,96,1920,43,127,68,1360,44,112,76,1520,45,119,74,1480,46,114,68,3220,47,124,72,2400,48,121,76,2780,49,120,80,1600,50,125,72,1440,51,127,86,4720,52,114,68,2920,53,127,74,1600,54,127,88,3680,55,120,86,1720,56,124,70,2600,57,116,68,1900,58,111,80,5740,59,122,80,2440,60,127,68,1360,61,118,80,4660,62,126,86,2560,63,131,76,1520,64,118,74,4540,65,119,72,1440,66,111,84,5040,67,122,72,3000,68,128,86,2200,69,120,80,1600,70,120,72,1440,71,122,74,3760,72,123,76,3920,73,119,72,2400,74,128,72,4320,75,124,80,3220,76,117,80,4780,77,127,88,1760,78,116,78,1560,79,114,74,3100,80,118,72,3120,81,116,74,1480,82,122,68,1360,83,130,86,5020,84,127,68,1360,85,117,94,1880,86,118,74,1480,87,130,82,1760,88,120,84,3900,89,118,70,1400,90,114,82,2600,91,124,90,1800,92,120,86,4120,93,117,70,4280,94,114,72,3900,95,117,68,2740,96,116,90,3720,97,120,80,3460,98,127,74,2980,99,108,78,3480,100,124,70,2720
91,-137410,100976,1,118,80,3280,2,122,74,2920,3,116,86,1720,4,119,68,2980,5,131,72,1440,6,123,80,1600,7,130,88,3200,8,124,70,1400,9,115,82,3740,10,118,90,1800,11,118,74,3400,12,123,82,4820,13,125,78,1560,14,123,86,4420,15,121,70,2480,16,126,72,1440,17,125,80,1600,18,118,72,3480,19,120,80,1600,20,124,90,3480,21,123,86,3040,22,116,94,3800,23,120,74,1480,24,118,84,3240,25,114,70,1400,26,122,72,1440,27,118,72,2040,28,124,80,1600,29,118,76,4040,30,128,72,1440,31,122,76,3020,32,126,74,1480,33,132,80,1600,34,122,74,2800,35,118,72,3420,36,119,70,1400,37,123,70,1400,38,118,72,2880,39,114,76,1520,40,119,72,1980,41,126,74,2740,42,119,74,1480,43,113,92,1840,44,119,72,1440,45,126,68,1360,46,120,72,3300,47,109,78,2760,48,114,66,2460,49,116,72,1440,50,112,74,1480,51,121,72,3960,52,127,88,3740,53,113,72,1560,54,121,74,3220,55,122,80,1600,56,112,76,2840,57,128,88,2300,58,119,74,5380,59,120,70,2120,60,121,80,1600,61,123,72,4020,62,119,72,2040,63,115,82,1640,64,118,80,5020,65,127,72,1440,66,121,80,4840,67,114,78,3540,68,121,70,1760,69,118,74,1480,70,123,76,1520,71,121,68,3400,72,118,62,3160,73,122,78,2760,74,120,80,5020,75,113,70,2900,76,122,68,3940,77,122,76,1520,78,124,68,1360,79,124,72,2940,80,124,80,3400,81,122,66,1320,82,127,82,1640,83,120,82,5000,84,115,78,1560,85,126,78,1560,86,126,72,1440,87,120,76,1640,88,116,76,3380,89,128,76,1520,90,119,78,2460,91,111,80,1600,92,118,90,4140,93,126,84,4920,94,120,78,4380,95,124,84,3360,96,119,80,3340,97,117,76,3140,98,116,78,3360,99,114,72,2940,100,120,80,3160
92,-133905,102097,1,122,68,2860,2,109,74,3220,3,117,70,1400,4,122,92,3700,5,123,74,1480,6,120,70,1400,7,125,76,2540,8,109,76,1520,9,113,70,2960,10,121,78,1560,11,123,70,3320,12,122,70,3980,13,121,70,1400,14,123,66,3360,15,122,80,2680,16,110,70,1400,17,119,68,1360,18,131,74,3400,19,124,74,1480,20,120,76,2840,21,117,72,2580,22,120,76,3140,23,120,72,1440,24,123,76,2960,25,122,78,1560,26,115,76,1520,27,125,76,2360,28,121,66,1320,29,121,68,3640,30,110,82,1640,31,114,68,2920,32,113,74,1480,33,127,76,1520,34,119,74,3100,35,128,86,4240,36,128,96,1920,37,117,82,1640,38,135,78,3360,39,122,74,1480,40,127,70,1940,41,113,74,2500,42,124,64,1280,43,117,74,1480,44,126,78,1560,45,123,92,1840,46,117,76,3560,47,120,76,2720,48,122,78,2760,49,139,88,1760,50,123,72,1440,51,112,82,4760,52,118,72,2880,53,124,74,1600,54,111,74,3160,55,113,70,1400,56,121,72,2580,57,126,70,1940,58,116,72,5340,59,112,80,2440,60,120,62,1240,61,111,84,4740,62,126,78,2400,63,122,70,1400,64,118,78,4860,65,113,76,1520,66,115,80,4840,67,120,70,2840,68,122,86,2200,69,127,74,1480,70,118,62,1240,71,132,94,4400,72,123,88,4100,73,114,70,2600,74,122,74,4540,75,124,76,3020,76,119,84,4800,77,109,66,1380,78,120,92,1840,79,115,72,2940,80,115,72,3000,81,115,84,1680,82,119,70,1400,83,119,80,4720,84,115,72,1440,85,119,66,1320,86,115,76,1520,87,119,68,1480,88,127,74,3460,89,120,76,1520,90,119,70,2180,91,119,72,1440,92,123,84,3900,93,119,74,4420,94,121,74,4000,95,121,68,2680,96,125,74,3160,97,124,78,3420,98,123,74,3100,99,126,82,3200,100,117,70,2840
93,-127765,103257,1,117,80,3040,2,129,86,3640,3,125,78,1560,4,123,76,3080,5,115,70,1400,6,136,96,1920,7,112,76,3020,8,127,74,1480,9,128,84,3720,10,117,70,1400,11,115,80,3520,12,123,94,5420,13,121,90,1800,14,127,84,4380,15,118,64,2360,16,123,78,1560,17,124,78,1560,18,118,82,3620,19,116,68,1360,20,124,76,3080,21,133,80,2740,22,119,74,3100,23,119,72,1440,24,113,72,2880,25,119,72,1440,26,118,62,1240,27,121,64,2000,28,122,100,2000,29,119,84,4320,30,111,68,1360,31,122,76,3080,32,131,80,1600,33,117,78,1560,34,123,72,3000,35,118,76,3680,36,121,82,1640,37,125,72,1440,38,120,82,3560,39,117,68,1360,40,113,68,1960,41,124,74,2680,42,123,82,1640,43,126,74,1480,44,121,60,1200,45,119,76,1520,46,123,68,3160,47,111,74,2740,48,114,72,2580,49,128,74,1480,50,112,74,1480,51,115,70,4040,52,124,76,3020,53,114,74,1720,54,129,86,3400,55,127,80,1600,56,115,70,2540,57,117,68,1960,58,126,70,5000,59,117,76,2360,60,126,80,1600,61,114,72,4200,62,120,72,2160,63,111,80,1600,64,120,76,4760,65,122,68,1360,66,118,74,4300,67,122,92,3340,68,122,76,2060,69,113,84,1680,70,121,78,1560,71,120,82,3800,72,118,74,3640,73,125,76,2780,74,118,74,4540,75,122,72,3060,76,121,74,4120,77,116,78,1560,78,123,74,1480,79,125,72,3060,80,126,82,3560,81,118,76,1520,82,126,92,1840,83,120,72,4140,84,132,78,1560,85,119,84,1680,86,118,68,1360,87,127,92,2080,88,122,76,3380,89,119,72,1440,90,122,84,2580,91,126,78,1560,92,113,78,3480,93,117,70,4220,94,119,70,3800,95,115,78,3120,96,115,74,3160,97,116,68,2920,98,113,82,3980,99,117,80,3160,100,130,80,3040
94,-128355,104356,1,119,64,2600,2,120,76,3140,3,118,66,1320,4,110,72,3120,5,129,78,1560,6,126,82,1640,7,118,76,2840,8,119,74,1480,9,118,74,3280,10,132,94,1880,11,119,78,3720,12,124,82,4580,13,118,72,1440,14,122,70,3800,15,131,84,2820,16,118,70,1400,17,119,72,1440,18,117,72,3300,19,129,94,1880,20,119,76,3080,21,125,72,2640,22,119,66,2820,23,123,76,1520,24,129,86,3520,25,119,74,1480,26,116,76,1520,27,116,80,2500,28,115,82,1640,29,125,74,3940,30,121,78,1560,31,117,66,2760,32,127,68,1360,33,130,74,1480,34,110,74,3160,35,117,76,3860,36,113,76,1520,37,114,66,1320,38,119,72,3120,39,121,96,1920,40,123,92,2560,41,120,72,2520,42,120,62,1240,43,116,82,1640,44,126,88,1760,45,119,62,1240,46,123,84,4320,47,127,74,2440,48,124,80,2980,49,115,76,1520,50,124,72,1440,51,128,84,4860,52,118,72,2820,53,128,76,1700,54,123,80,3100,55,117,76,1520,56,129,76,2720,57,125,82,2360,58,118,72,5040,59,119,68,2020,60,123,68,1360,61,129,84,4800,62,124,76,2420,63,120,72,1440,64,110,78,4920,65,121,78,1560,66,129,80,4780,67,126,74,2860,68,114,72,1980,69,114,70,1400,70,117,66,1320,71,120,74,3580,72,129,74,3700,73,113,68,2320,74,120,84,5280,75,119,86,3940,76,111,82,4940,77,121,70,1460,78,114,72,1440,79,114,86,3940,80,116,72,3120,81,126,76,1520,82,121,80,1600,83,115,90,5580,84,124,66,1320,85,127,74,1480,86,128,90,1800,87,123,84,1860,88,108,74,3520,89,126,72,1440,90,118,76,2420,91,126,64,1280,92,119,78,3420,93,134,86,5200,94,121,80,4360,95,119,72,3000,96,124,68,2860,97,133,88,3440,98,119,70,3140,99,122,74,2920,100,121,78,3360
95,-132635,105477,1,126,78,2940,2,119,78,3180,3,116,86,1720,4,123,72,2760,5,120,62,1240,6,119,72,1440,7,118,68,2560,8,126,68,1360,9,122,70,3260,10,117,74,1480,11,113,70,3140,12,117,80,4480,13,132,76,1520,14,117,82,3980,15,122,70,2540,16,131,88,1760,17,130,84,1680,18,131,78,3480,19,121,82,1640,20,121,72,2940,21,119,82,2840,22,128,84,3180,23,120,74,1480,24,121,70,2780,25,119,64,1280,26,116,64,1280,27,124,72,1980,28,115,68,1360,29,114,80,4360,30,111,64,1280,31,128,74,2980,32,118,76,1520,33,109,82,1640,34,125,82,3440,35,122,70,3320,36,122,78,1560,37,119,86,1720,38,125,82,3500,39,117,84,1680,40,122,66,1800,41,120,76,2660,42,124,80,1600,43,117,70,1400,44,121,78,1560,45,123,78,1560,46,116,78,4080,47,118,78,2760,48,119,70,2540,49,115,62,1240,50,112,74,1480,51,119,72,3840,52,131,78,3120,53,120,72,1500,54,116,76,3020,55,121,70,1400,56,119,70,2600,57,119,68,1840,58,128,68,4720,59,128,98,2740,60,124,82,1640,61,119,76,4520,62,118,68,1900,63,122,74,1480,64,113,72,4320,65,113,70,1400,66,128,76,4640,67,113,82,3200,68,127,78,2220,69,125,76,1520,70,122,86,1720,71,122,86,4480,72,113,82,4160,73,127,78,2760,74,124,82,5240,75,121,74,3280,76,116,72,4260,77,120,80,1840,78,134,70,1400,79,123,72,3240,80,134,84,3780,81,120,68,1360,82,114,74,1480,83,119,78,4680,84,119,88,1760,85,114,80,1600,86,121,76,1520,87,124,78,1620,88,120,82,3560,89,107,86,1720,90,123,66,2220,91,119,78,1560,92,115,72,3000,93,128,78,4680,94,114,70,3800,95,124,74,2980,96,120,78,3060,97,121,72,2760,98,130,84,3420,99,110,74,2980,100,118,64,2660
96,-132190,106656,1,116,70,2840,2,121,76,3080,3,122,76,1520,4,110,82,3320,5,120,80,1600,6,125,76,1520,7,124,84,2880,8,126,90,1800,9,113,76,3320,10,124,70,1400,11,131,80,3700,12,119,74,4180,13,112,84,1680,14,122,70,3560,15,125,86,2980,16,124,70,1400,17,126,68,1360,18,126,80,3640,19,116,70,1400,20,125,76,3140,21,124,74,2740,22,121,72,2700,23,121,66,1320,24,114,90,3660,25,126,74,1480,26,124,88,1760,27,114,82,2360,28,118,82,1640,29,121,70,3920,30,122,86,1720,31,117,78,3480,32,120,62,1240,33,119,74,1480,34,118,72,2940,35,117,84,4200,36,113,72,1440,37,122,76,1520,38,115,70,3140,39,127,72,1440,40,124,98,2740,41,115,68,2320,42,120,70,1400,43,132,86,1720,44,120,70,1400,45,115,68,1360,46,123,74,3700,47,125,70,2240,48,128,88,3260,49,119,82,1640,50,128,86,1720,51,123,82,4520,52,123,74,2860,53,123,76,1640,54,125,70,2840,55,118,78,1560,56,126,76,2780,57,129,86,2500,58,119,80,5800,59,123,80,2320,60,114,72,1440,61,128,70,4400,62,125,88,2480,63,119,70,1400,64,124,84,4980,65,125,78,1560,66,122,74,4540,67,117,72,2820,68,119,68,2140,69,124,62,1240,70,119,78,1560,71,114,72,3420,72,116,72,3720,73,116,66,2160,74,115,72,4560,75,118,74,3400,76,121,90,5520,77,116,72,1620,78,120,76,1520,79,114,80,3520,80,126,74,3460,81,129,84,1680,82,127,70,1400,83,121,76,4460,84,120,68,1360,85,119,74,1480,86,115,72,1440,87,117,72,1560,88,117,74,3340,89,113,66,1320,90,124,80,2680,91,124,72,1440,92,126,80,3340,93,109,82,5120,94,127,76,4040,95,113,70,3020,96,115,68,2800,97,116,84,3360,98,125,72,3060,99,126,88,3680,100,127,86,3580
97,-135295,107775,1,129,78,3240,2,112,76,3140,3,115,68,1360,4,116,70,2780,5,119,74,1480,6,121,70,1400,7,110,70,2600,8,115,74,1480,9,119,72,3180,10,114,82,1640,11,126,74,3460,12,124,80,4660,13,113,68,1360,14,119,80,3760,15,119,64,2360,16,114,84,1680,17,118,70,1400,18,115,68,3040,19,135,86,1720,20,114,78,3420,21,118,74,2800,22,119,80,3160,23,119,78,1560,24,117,72,3000,25,115,80,1600,26,113,74,1480,27,124,70,1820,28,122,78,1560,29,125,70,3680,30,112,72,1440,31,120,74,3160,32,117,84,1680,33,121,70,1400,34,125,76,3200,35,119,76,3740,36,126,80,1600,37,114,66,1320,38,127,76,3320,39,115,78,1560,40,121,78,2280,41,121,82,2600,42,121,80,1600,43,120,74,1480,44,114,80,1600,45,121,84,1680,46,111,72,3600,47,113,72,2520,48,123,78,2940,49,122,66,1320,50,121,68,1360,51,117,66,3660,52,112,78,3300,53,111,66,1380,54,118,82,3380,55,121,76,1520,56,123,70,2720,57,123,76,2240,58,120,78,5640,59,116,74,2200,60,124,80,1600,61,122,76,4820,62,113,76,1940,63,126,86,1720,64,117,76,4580,65,121,66,1320,66,121,70,4400,67,135,84,3420,68,127,82,2420,69,120,76,1520,70,123,74,1480,71,118,72,3660,72,121,80,4060,73,126,82,2720,74,125,76,4820,75,124,68,2980,76,122,76,4400,77,125,80,1780,78,113,64,1280,79,117,72,3060,80,113,70,3200,81,125,72,1440,82,112,70,1400,83,123,76,4340,84,120,98,1960,85,121,72,1440,86,130,82,1640,87,133,96,1980,88,124,78,3660,89,124,96,1920,90,123,70,2360,91,115,72,1440,92,115,76,3260,93,115,72,4320,94,116,72,3900,95,131,78,3420,96,120,88,3500,97,116,74,2860,98,111,82,3800,99,121,78,3240,100,121,72,3000
98,-125215,108916,1,120,72,3240,2,123,80,3580,3,123,80,1600,4,125,88,3860,5,128,66,1320,6,125,88,1760,7,126,82,2900,8,127,72,1440,9,122,70,2840,10,119,68,1360,11,117,70,3140,12,117,72,3960,13,124,74,1480,14,117,68,3400,15,124,88,3140,16,115,80,1600,17,129,84,1680,18,118,80,3460,19,130,80,1600,20,124,70,2900,21,126,76,3140,22,128,76,2900,23,121,76,1520,24,125,92,3760,25,120,74,1480,26,122,80,1600,27,111,82,2060,28,116,70,1400,29,108,70,3500,30,130,82,1640,31,121,70,2780,32,121,68,1360,33,109,98,1960,34,117,66,2700,35,126,84,4440,36,120,70,1400,37,120,92,1840,38,117,78,3600,39,119,70,1400,40,115,68,1960,41,121,70,2180,42,121,64,1280,43,121,70,1400,44,118,64,1280,45,117,76,1520,46,126,78,3780,47,130,76,2420,48,117,70,2780,49,116,90,1800,50,122,94,1880,51,121,94,5180,52,115,72,3060,53,118,90,1920,54,126,78,3180,55,114,66,1320,56,117,78,3180,57,118,68,1960,58,117,70,5000,59,126,74,2320,60,118,70,1400,61,115,72,4680,62,124,72,1860,63,116,80,1600,64,117,76,4580,65,121,94,1880,66,120,78,4740,67,128,78,3180,68,119,68,2140,69,119,72,1440,70,113,64,1280,71,132,76,3440,72,111,68,3460,73,117,70,2300,74,118,70,4460,75,116,82,3440,76,108,78,4800,77,121,74,1540,78,114,86,1720,79,129,76,3320,80,132,74,3160,81,114,74,1480,82,122,74,1480,83,117,78,4620,84,122,82,1640,85,116,76,1520,86,128,70,1400,87,127,82,1760,88,121,72,3360,89,111,78,1560,90,120,82,2720,91,128,82,1640,92,121,74,3100,93,129,80,4660,94,132,84,4620,95,117,70,2900,96,124,74,3100,97,121,80,3700,98,115,70,3200,99,112,70,2780,100,114,80,3520
99,-124835,110067,1,120,68,2800,2,115,76,3380,3,120,70,1400,4,121,74,3220,5,129,90,1800,6,118,70,1400,7,118,76,2660,8,114,78,1560,9,115,82,3620,10,132,88,1760,11,124,86,4060,12,124,94,5420,13,113,66,1320,14,124,74,3400,15,119,74,2620,16,120,72,1440,17,125,76,1520,18,125,70,3140,19,123,70,1400,20,112,84,3540,21,116,64,2420,22,113,74,2980,23,117,68,1360,24,120,76,2960,25,122,62,1240,26,117,74,1480,27,117,70,1760,28,129,78,1560,29,122,72,3540,30,126,72,1440,31,119,86,3580,32,111,84,1680,33,111,80,1600,34,126,90,3600,35,113,78,3900,36,118,100,2000,37,117,78,1560,38,122,74,3400,39,123,84,1680,40,118,90,2820,41,116,86,2500,42,119,86,1720,43,119,90,1800,44,126,78,1560,45,121,64,1280,46,111,78,4200,47,114,78,2700,48,131,84,3120,49,122,72,1440,50,118,76,1520,51,124,76,4460,52,126,70,3020,53,125,78,1560,54,118,76,3080,55,121,80,1600,56,122,66,2460,57,128,80,2620,58,117,92,6640,59,116,78,2460,60,131,86,1720,61,129,84,5280,62,107,74,1840,63,124,72,1440,64,120,76,4640,65,117,74,1480,66,115,74,4600,67,119,70,3020,68,126,80,2440,69,122,76,1520,70,120,84,1680,71,121,84,3960,72,120,84,4080,73,131,84,2820,74,133,80,5020,75,122,76,3080,76,115,78,4740,77,116,64,1340,78,118,76,1520,79,122,70,2960,80,116,78,3120,81,129,76,1520,82,115,70,1400,83,123,76,4460,84,109,74,1480,85,121,68,1360,86,112,82,1640,87,121,76,1520,88,115,76,3560,89,118,70,1400,90,118,70,2360,91,119,72,1440,92,116,82,3800,93,125,70,4340,94,124,72,3960,95,132,84,3540,96,120,72,3000,97,116,72,3180,98,127,88,4400,99,123,86,3580,100,120,68,2800
