Step,TotalEnergy,NumTrans,CellID_1,Area_1,Perimeter_1,ContactEnergy_1,CentroidX_1,CentroidY_1,MCS_1,CellID_2,Area_2,Perimeter_2,ContactEnergy_2,CentroidX_2,CentroidY_2,MCS_2,CellID_3,Area_3,Perimeter_3,ContactEnergy_3,CentroidX_3,CentroidY_3,MCS_3,CellID_4,Area_4,Perimeter_4,ContactEnergy_4,CentroidX_4,CentroidY_4,MCS_4,CellID_5,Area_5,Perimeter_5,ContactEnergy_5,CentroidX_5,CentroidY_5,MCS_5,CellID_6,Area_6,Perimeter_6,ContactEnergy_6,CentroidX_6,CentroidY_6,MCS_6,CellID_7,Area_7,Perimeter_7,ContactEnergy_7,CentroidX_7,CentroidY_7,MCS_7,CellID_8,Area_8,Perimeter_8,ContactEnergy_8,CentroidX_8,CentroidY_8,MCS_8,CellID_9,Area_9,Perimeter_9,ContactEnergy_9,CentroidX_9,CentroidY_9,MCS_9,CellID_10,Area_10,Perimeter_10,ContactEnergy_10,CentroidX_10,CentroidY_10,MCS_10,CellID_11,Area_11,Perimeter_11,ContactEnergy_11,CentroidX_11,CentroidY_11,MCS_11,CellID_12,Area_12,Perimeter_12,ContactEnergy_12,CentroidX_12,CentroidY_12,MCS_12,CellID_13,Area_13,Perimeter_13,ContactEnergy_13,CentroidX_13,CentroidY_13,MCS_13,CellID_14,Area_14,Perimeter_14,ContactEnergy_14,CentroidX_14,CentroidY_14,MCS_14,CellID_15,Area_15,Perimeter_15,ContactEnergy_15,CentroidX_15,CentroidY_15,MCS_15,CellID_16,Area_16,Perimeter_16,ContactEnergy_16,CentroidX_16,CentroidY_16,MCS_16,CellID_17,Area_17,Perimeter_17,ContactEnergy_17,CentroidX_17,CentroidY_17,MCS_17,CellID_18,Area_18,Perimeter_18,ContactEnergy_18,CentroidX_18,CentroidY_18,MCS_18,CellID_19,Area_19,Perimeter_19,ContactEnergy_19,CentroidX_19,CentroidY_19,MCS_19,CellID_20,Area_20,Perimeter_20,ContactEnergy_20,CentroidX_20,CentroidY_20,MCS_20,CellID_21,Area_21,Perimeter_21,ContactEnergy_21,CentroidX_21,CentroidY_21,MCS_21,CellID_22,Area_22,Perimeter_22,ContactEnergy_22,CentroidX_22,CentroidY_22,MCS_22,CellID_23,Area_23,Perimeter_23,ContactEnergy_23,CentroidX_23,CentroidY_23,MCS_23,CellID_24,Area_24,Perimeter_24,ContactEnergy_24,CentroidX_24,CentroidY_24,MCS_24,CellID_25,Area_25,Perimeter_25,ContactEnergy_25,CentroidX_25,CentroidY_25,MCS_25,CellID_26,Area_26,Perimeter_26,ContactEnergy_26,CentroidX_26,CentroidY_26,MCS_26,CellID_27,Area_27,Perimeter_27,ContactEnergy_27,CentroidX_27,CentroidY_27,MCS_27,CellID_28,Area_28,Perimeter_28,ContactEnergy_28,CentroidX_28,CentroidY_28,MCS_28,CellID_29,Area_29,Perimeter_29,ContactEnergy_29,CentroidX_29,CentroidY_29,MCS_29,CellID_30,Area_30,Perimeter_30,ContactEnergy_30,CentroidX_30,CentroidY_30,MCS_30,CellID_31,Area_31,Perimeter_31,ContactEnergy_31,CentroidX_31,CentroidY_31,MCS_31,CellID_32,Area_32,Perimeter_32,ContactEnergy_32,CentroidX_32,CentroidY_32,MCS_32,CellID_33,Area_33,Perimeter_33,ContactEnergy_33,CentroidX_33,CentroidY_33,MCS_33,CellID_34,Area_34,Perimeter_34,ContactEnergy_34,CentroidX_34,CentroidY_34,MCS_34,CellID_35,Area_35,Perimeter_35,ContactEnergy_35,CentroidX_35,CentroidY_35,MCS_35,CellID_36,Area_36,Perimeter_36,ContactEnergy_36,CentroidX_36,CentroidY_36,MCS_36,CellID_37,Area_37,Perimeter_37,ContactEnergy_37,CentroidX_37,CentroidY_37,MCS_37,CellID_38,Area_38,Perimeter_38,ContactEnergy_38,CentroidX_38,CentroidY_38,MCS_38,CellID_39,Area_39,Perimeter_39,ContactEnergy_39,CentroidX_39,CentroidY_39,MCS_39,CellID_40,Area_40,Perimeter_40,ContactEnergy_40,CentroidX_40,CentroidY_40,MCS_40,CellID_41,Area_41,Perimeter_41,ContactEnergy_41,CentroidX_41,CentroidY_41,MCS_41,CellID_42,Area_42,Perimeter_42,ContactEnergy_42,CentroidX_42,CentroidY_42,MCS_42,CellID_43,Area_43,Perimeter_43,ContactEnergy_43,CentroidX_43,CentroidY_43,MCS_43,CellID_44,Area_44,Perimeter_44,ContactEnergy_44,CentroidX_44,CentroidY_44,MCS_44,CellID_45,Area_45,Perimeter_45,ContactEnergy_45,CentroidX_45,CentroidY_45,MCS_45,CellID_46,Area_46,Perimeter_46,ContactEnergy_46,CentroidX_46,CentroidY_46,MCS_46,CellID_47,Area_47,Perimeter_47,ContactEnergy_47,CentroidX_47,CentroidY_47,MCS_47,CellID_48,Area_48,Perimeter_48,ContactEnergy_48,CentroidX_48,CentroidY_48,MCS_48,CellID_49,Area_49,Perimeter_49,ContactEnergy_49,CentroidX_49,CentroidY_49,MCS_49,CellID_50,Area_50,Perimeter_50,ContactEnergy_50,CentroidX_50,CentroidY_50,MCS_50,CellID_51,Area_51,Perimeter_51,ContactEnergy_51,CentroidX_51,CentroidY_51,MCS_51,CellID_52,Area_52,Perimeter_52,ContactEnergy_52,CentroidX_52,CentroidY_52,MCS_52,CellID_53,Area_53,Perimeter_53,ContactEnergy_53,CentroidX_53,CentroidY_53,MCS_53,CellID_54,Area_54,Perimeter_54,ContactEnergy_54,CentroidX_54,CentroidY_54,MCS_54,CellID_55,Area_55,Perimeter_55,ContactEnergy_55,CentroidX_55,CentroidY_55,MCS_55,CellID_56,Area_56,Perimeter_56,ContactEnergy_56,CentroidX_56,CentroidY_56,MCS_56,CellID_57,Area_57,Perimeter_57,ContactEnergy_57,CentroidX_57,CentroidY_57,MCS_57,CellID_58,Area_58,Perimeter_58,ContactEnergy_58,CentroidX_58,CentroidY_58,MCS_58,CellID_59,Area_59,Perimeter_59,ContactEnergy_59,CentroidX_59,CentroidY_59,MCS_59,CellID_60,Area_60,Perimeter_60,ContactEnergy_60,CentroidX_60,CentroidY_60,MCS_60,CellID_61,Area_61,Perimeter_61,ContactEnergy_61,CentroidX_61,CentroidY_61,MCS_61,CellID_62,Area_62,Perimeter_62,ContactEnergy_62,CentroidX_62,CentroidY_62,MCS_62,CellID_63,Area_63,Perimeter_63,ContactEnergy_63,CentroidX_63,CentroidY_63,MCS_63,CellID_64,Area_64,Perimeter_64,ContactEnergy_64,CentroidX_64,CentroidY_64,MCS_64,CellID_65,Area_65,Perimeter_65,ContactEnergy_65,CentroidX_65,CentroidY_65,MCS_65,CellID_66,Area_66,Perimeter_66,ContactEnergy_66,CentroidX_66,CentroidY_66,MCS_66,CellID_67,Area_67,Perimeter_67,ContactEnergy_67,CentroidX_67,CentroidY_67,MCS_67,CellID_68,Area_68,Perimeter_68,ContactEnergy_68,CentroidX_68,CentroidY_68,MCS_68,CellID_69,Area_69,Perimeter_69,ContactEnergy_69,CentroidX_69,CentroidY_69,MCS_69,CellID_70,Area_70,Perimeter_70,ContactEnergy_70,CentroidX_70,CentroidY_70,MCS_70,CellID_71,Area_71,Perimeter_71,ContactEnergy_71,CentroidX_71,CentroidY_71,MCS_71,CellID_72,Area_72,Perimeter_72,ContactEnergy_72,CentroidX_72,CentroidY_72,MCS_72,CellID_73,Area_73,Perimeter_73,ContactEnergy_73,CentroidX_73,CentroidY_73,MCS_73,CellID_74,Area_74,Perimeter_74,ContactEnergy_74,CentroidX_74,CentroidY_74,MCS_74,CellID_75,Area_75,Perimeter_75,ContactEnergy_75,CentroidX_75,CentroidY_75,MCS_75,CellID_76,Area_76,Perimeter_76,ContactEnergy_76,CentroidX_76,CentroidY_76,MCS_76,CellID_77,Area_77,Perimeter_77,ContactEnergy_77,CentroidX_77,CentroidY_77,MCS_77,CellID_78,Area_78,Perimeter_78,ContactEnergy_78,CentroidX_78,CentroidY_78,MCS_78,CellID_79,Area_79,Perimeter_79,ContactEnergy_79,CentroidX_79,CentroidY_79,MCS_79,CellID_80,Area_80,Perimeter_80,ContactEnergy_80,CentroidX_80,CentroidY_80,MCS_80,CellID_81,Area_81,Perimeter_81,ContactEnergy_81,CentroidX_81,CentroidY_81,MCS_81,CellID_82,Area_82,Perimeter_82,ContactEnergy_82,CentroidX_82,CentroidY_82,MCS_82,CellID_83,Area_83,Perimeter_83,ContactEnergy_83,CentroidX_83,CentroidY_83,MCS_83,CellID_84,Area_84,Perimeter_84,ContactEnergy_84,CentroidX_84,CentroidY_84,MCS_84,CellID_85,Area_85,Perimeter_85,ContactEnergy_85,CentroidX_85,CentroidY_85,MCS_85,CellID_86,Area_86,Perimeter_86,ContactEnergy_86,CentroidX_86,CentroidY_86,MCS_86,CellID_87,Area_87,Perimeter_87,ContactEnergy_87,CentroidX_87,CentroidY_87,MCS_87,CellID_88,Area_88,Perimeter_88,ContactEnergy_88,CentroidX_88,CentroidY_88,MCS_88,CellID_89,Area_89,Perimeter_89,ContactEnergy_89,CentroidX_89,CentroidY_89,MCS_89,CellID_90,Area_90,Perimeter_90,ContactEnergy_90,CentroidX_90,CentroidY_90,MCS_90,CellID_91,Area_91,Perimeter_91,ContactEnergy_91,CentroidX_91,CentroidY_91,MCS_91,CellID_92,Area_92,Perimeter_92,ContactEnergy_92,CentroidX_92,CentroidY_92,MCS_92,CellID_93,Area_93,Perimeter_93,ContactEnergy_93,CentroidX_93,CentroidY_93,MCS_93,CellID_94,Area_94,Perimeter_94,ContactEnergy_94,CentroidX_94,CentroidY_94,MCS_94,CellID_95,Area_95,Perimeter_95,ContactEnergy_95,CentroidX_95,CentroidY_95,MCS_95,CellID_96,Area_96,Perimeter_96,ContactEnergy_96,CentroidX_96,CentroidY_96,MCS_96,CellID_97,Area_97,Perimeter_97,ContactEnergy_97,CentroidX_97,CentroidY_97,MCS_97,CellID_98,Area_98,Perimeter_98,ContactEnergy_98,CentroidX_98,CentroidY_98,MCS_98,CellID_99,Area_99,Perimeter_99,ContactEnergy_99,CentroidX_99,CentroidY_99,MCS_99,CellID_100,Area_100,Perimeter_100,ContactEnergy_100,CentroidX_100,CentroidY_100,MCS_100
0,7274830,331,1,8,14,280,2,14,24,480,3,11,20,400,4,11,20,400,5,10,14,280,6,11,18,360,7,12,18,360,8,11,20,400,9,12,18,360,10,12,18,360,11,10,18,360,12,11,18,360,13,11,16,320,14,12,20,400,15,12,18,360,16,12,14,280,17,12,16,320,18,11,18,360,19,10,14,280,20,9,16,320,21,12,18,360,22,12,22,440,23,8,14,400,24,13,22,440,25,10,22,440,26,12,18,360,27,12,24,480,28,10,14,280,29,9,16,320,30,10,18,360,31,10,18,360,32,13,20,400,33,12,22,440,34,13,18,360,35,13,16,320,36,11,20,460,37,12,16,320,38,12,18,360,39,8,14,280,40,10,18,360,41,13,20,400,42,9,16,320,43,10,18,360,44,11,16,320,45,8,16,560,46,11,20,400,47,10,14,280,48,12,18,360,49,8,18,360,50,11,16,320,51,9,16,320,52,11,18,360,53,11,16,320,54,14,20,400,55,11,16,320,56,11,20,460,57,10,14,280,58,11,18,360,59,12,16,320,60,11,20,400,61,13,18,360,62,8,14,280,63,12,18,360,64,11,14,280,65,9,12,240,66,9,16,320,67,13,20,400,68,8,14,520,69,12,18,360,70,10,18,360,71,11,20,400,72,14,20,400,73,11,16,320,74,9,16,320,75,13,20,400,76,12,20,400,77,9,16,320,78,10,18,360,79,10,18,360,80,9,16,320,81,10,18,360,82,11,20,400,83,11,20,400,84,11,20,400,85,14,26,520,86,12,16,320,87,9,16,320,88,15,24,480,89,12,18,360,90,11,16,320,91,12,18,360,92,10,18,360,93,11,16,320,94,12,22,440,95,9,20,400,96,12,18,360,97,9,16,320,98,12,18,360,99,10,18,360,100,12,16,320
1,6712010,709,1,10,18,360,2,19,30,600,3,18,24,480,4,15,20,400,5,12,16,320,6,16,26,520,7,17,24,480,8,16,24,480,9,19,22,440,10,12,18,360,11,17,22,440,12,18,26,520,13,12,22,440,14,17,24,480,15,16,26,520,16,16,20,400,17,17,24,480,18,15,24,480,19,14,22,440,20,14,24,480,21,15,24,480,22,16,24,480,23,11,16,560,24,21,24,480,25,15,26,520,26,18,24,480,27,17,26,520,28,13,22,440,29,10,18,360,30,11,20,400,31,12,18,360,32,17,26,520,33,17,20,400,34,16,22,440,35,14,16,320,36,15,24,660,37,14,24,480,38,14,20,400,39,10,20,400,40,14,20,400,41,18,20,400,42,10,18,360,43,16,20,400,44,14,24,480,45,14,26,940,46,15,18,360,47,12,18,360,48,17,18,360,49,11,20,400,50,13,22,440,51,13,22,440,52,13,22,440,53,13,24,480,54,16,22,440,55,15,24,480,56,14,18,420,57,13,18,360,58,15,24,480,59,12,18,360,60,14,24,480,61,16,18,360,62,8,18,360,63,15,20,400,64,15,20,400,65,11,20,400,66,9,16,320,67,17,22,440,68,9,16,740,69,18,28,560,70,13,20,400,71,17,22,440,72,16,20,400,73,13,18,360,74,10,18,360,75,21,24,480,76,16,22,440,77,12,20,400,78,12,20,400,79,12,18,360,80,13,22,440,81,11,20,400,82,16,26,520,83,15,18,360,84,14,24,480,85,16,24,480,86,15,22,440,87,11,20,400,88,19,22,440,89,16,22,440,90,14,20,400,91,16,24,480,92,13,22,440,93,14,18,360,94,16,22,440,95,14,20,400,96,15,22,440,97,10,18,360,98,18,26,520,99,14,20,400,100,18,24,480
2,6089765,1153,1,12,22,440,2,24,30,600,3,24,28,560,4,19,24,480,5,16,22,440,6,24,28,560,7,25,28,560,8,21,28,560,9,25,28,560,10,16,20,400,11,23,26,520,12,20,30,600,13,15,22,440,14,22,28,560,15,25,30,600,16,20,24,480,17,22,28,560,18,19,24,480,19,17,26,520,20,24,40,800,21,21,26,520,22,21,30,600,23,14,18,600,24,24,30,600,25,21,28,560,26,23,28,560,27,26,34,680,28,16,28,560,29,15,24,480,30,16,28,560,31,17,22,440,32,23,26,520,33,20,24,480,34,21,26,520,35,15,16,320,36,16,24,660,37,20,26,520,38,21,26,520,39,15,24,480,40,19,28,560,41,19,24,480,42,10,18,360,43,19,24,480,44,19,28,560,45,16,30,1080,46,17,26,520,47,15,20,400,48,20,22,440,49,15,24,480,50,17,26,520,51,18,22,440,52,18,30,600,53,15,28,560,54,18,22,440,55,18,22,440,56,17,24,540,57,19,24,480,58,18,28,560,59,18,26,520,60,17,24,480,61,22,24,480,62,10,22,440,63,21,26,520,64,22,28,560,65,16,18,360,66,12,20,400,67,21,24,480,68,11,18,840,69,24,26,520,70,19,22,440,71,19,22,440,72,22,30,600,73,18,18,360,74,13,24,480,75,28,28,560,76,21,22,440,77,15,24,480,78,19,22,440,79,15,18,360,80,19,22,440,81,14,20,400,82,25,28,560,83,20,24,480,84,18,24,480,85,20,28,560,86,19,24,480,87,12,20,400,88,21,26,520,89,20,26,520,90,19,28,560,91,22,30,600,92,19,24,480,93,18,24,480,94,21,28,560,95,17,26,520,96,17,22,440,97,12,20,400,98,23,28,560,99,19,24,480,100,22,28,560
3,5408055,1682,1,16,22,440,2,30,38,760,3,30,34,680,4,28,24,480,5,19,26,520,6,32,36,720,7,34,38,760,8,26,30,600,9,31,30,600,10,20,24,540,11,26,30,600,12,24,34,680,13,19,28,560,14,27,30,600,15,35,32,640,16,27,34,680,17,29,28,560,18,25,24,480,19,19,28,560,20,39,42,840,21,25,32,640,22,25,34,680,23,18,22,800,24,32,34,680,25,28,36,720,26,35,32,640,27,34,32,640,28,19,30,600,29,20,30,600,30,25,36,720,31,21,28,560,32,27,28,560,33,25,26,520,34,31,36,720,35,17,20,400,36,19,24,780,37,28,28,560,38,27,28,560,39,19,28,560,40,25,30,600,41,27,24,480,42,14,24,480,43,20,24,480,44,27,34,680,45,21,34,1340,46,24,26,520,47,19,26,520,48,25,28,560,49,21,32,640,50,21,28,560,51,25,32,640,52,20,32,640,53,21,34,680,54,25,28,560,55,21,26,520,56,19,28,620,57,21,26,520,58,22,32,640,59,19,28,560,60,21,24,480,61,25,28,560,62,15,24,480,63,27,30,600,64,30,32,640,65,19,30,600,66,16,26,520,67,23,24,480,68,16,26,1180,69,33,30,600,70,21,26,520,71,23,28,560,72,26,28,560,73,21,24,480,74,16,26,520,75,33,28,560,76,22,24,480,77,20,26,520,78,21,24,540,79,17,22,440,80,25,30,600,81,18,28,560,82,30,36,720,83,27,28,560,84,24,32,640,85,26,34,680,86,25,26,520,87,18,24,480,88,29,28,560,89,24,26,520,90,24,26,520,91,26,30,600,92,23,30,600,93,21,30,600,94,28,36,720,95,25,32,640,96,22,26,520,97,16,22,440,98,31,28,560,99,22,28,560,100,28,36,720
4,4698575,2280,1,23,26,520,2,33,40,800,3,41,34,680,4,32,36,720,5,20,28,560,6,41,46,1100,7,40,40,800,8,33,38,760,9,39,38,760,10,28,32,1000,11,32,40,800,12,31,38,760,13,29,34,680,14,34,30,600,15,39,36,720,16,33,38,760,17,37,36,720,18,34,34,680,19,26,36,720,20,43,38,760,21,33,34,680,22,30,40,800,23,21,26,1240,24,37,34,680,25,35,38,760,26,41,34,680,27,39,32,640,28,25,38,760,29,25,36,720,30,28,42,840,31,25,26,520,32,34,36,720,33,32,32,640,34,34,38,760,35,20,26,520,36,22,28,1040,37,32,36,720,38,32,32,640,39,28,30,600,40,32,30,600,41,29,28,560,42,22,30,600,43,28,28,560,44,37,42,840,45,26,38,1480,46,31,32,640,47,26,26,520,48,30,34,680,49,30,32,640,50,24,30,600,51,34,34,680,52,25,34,680,53,27,40,800,54,32,32,640,55,29,34,680,56,26,36,960,57,27,34,680,58,26,34,680,59,20,28,560,60,24,26,520,61,32,34,680,62,22,24,480,63,34,28,560,64,35,34,680,65,25,26,520,66,20,30,600,67,32,30,600,68,19,28,1280,69,38,34,680,70,28,28,740,71,30,30,600,72,30,30,600,73,25,26,520,74,22,38,760,75,36,30,600,76,28,28,560,77,25,22,440,78,25,28,920,79,19,22,440,80,34,32,640,81,24,32,640,82,37,42,840,83,30,30,600,84,31,40,800,85,34,36,720,86,29,34,680,87,22,28,560,88,35,34,680,89,29,30,600,90,27,24,480,91,30,38,760,92,29,32,640,93,28,38,760,94,38,40,800,95,30,36,720,96,24,28,560,97,22,30,600,98,36,32,640,99,35,38,760,100,40,44,880
5,3993930,2946,1,28,30,600,2,39,46,920,3,49,42,840,4,38,32,640,5,24,30,600,6,48,42,1020,7,48,46,920,8,42,40,800,9,47,42,840,10,35,34,1100,11,41,54,1080,12,37,38,760,13,36,40,800,14,39,34,680,15,47,46,920,16,41,44,880,17,40,38,760,18,40,40,800,19,34,40,800,20,53,44,880,21,42,38,760,22,35,40,800,23,23,26,1360,24,43,38,760,25,43,42,840,26,46,38,760,27,44,38,880,28,31,34,680,29,34,44,880,30,35,44,880,31,29,30,600,32,43,34,680,33,37,34,680,34,41,46,920,35,26,28,560,36,26,34,1280,37,36,34,680,38,37,34,680,39,40,40,800,40,37,32,640,41,36,38,880,42,25,30,600,43,37,36,720,44,52,40,800,45,27,40,1640,46,38,40,800,47,34,32,640,48,38,38,760,49,40,38,760,50,30,36,720,51,42,40,800,52,31,42,840,53,33,46,920,54,37,36,720,55,37,36,720,56,29,34,920,57,30,34,680,58,34,38,760,59,27,32,640,60,29,30,600,61,39,36,720,62,28,28,560,63,43,36,720,64,42,38,760,65,31,32,640,66,26,30,600,67,37,32,640,68,22,32,1480,69,48,44,880,70,35,30,780,71,36,34,800,72,36,32,640,73,31,32,640,74,27,42,840,75,47,38,760,76,35,32,640,77,32,34,680,78,30,30,1020,79,21,24,480,80,38,32,640,81,33,38,760,82,44,48,960,83,39,34,680,84,36,44,880,85,43,42,840,86,37,46,920,87,28,28,560,88,43,42,840,89,34,38,760,90,32,32,640,91,39,40,800,92,35,38,760,93,36,40,800,94,43,38,760,95,39,38,880,96,27,28,560,97,24,34,680,98,42,34,680,99,45,44,880,100,47,42,840
6,3267450,3692,1,35,32,640,2,51,52,1040,3,57,52,1040,4,48,42,840,5,29,38,760,6,57,44,1240,7,52,50,1000,8,51,48,960,9,54,48,960,10,40,40,1220,11,52,50,1000,12,42,44,880,13,46,50,1000,14,45,38,760,15,55,46,920,16,48,48,960,17,47,46,920,18,51,48,960,19,42,40,800,20,61,50,1000,21,51,38,760,22,40,46,920,23,29,34,2060,24,50,46,920,25,50,50,1000,26,56,42,840,27,50,40,1100,28,38,38,760,29,40,44,880,30,43,46,920,31,35,38,760,32,46,40,800,33,44,32,640,34,49,54,1080,35,29,30,600,36,29,42,1860,37,45,48,960,38,48,38,760,39,47,38,760,40,48,40,800,41,38,42,1260,42,33,42,840,43,42,38,760,44,61,42,840,45,30,48,1980,46,46,40,800,47,39,38,760,48,42,38,760,49,50,44,880,50,37,38,760,51,50,48,960,52,39,44,880,53,43,48,960,54,46,40,800,55,42,36,720,56,35,40,1520,57,39,34,680,58,40,40,800,59,30,30,600,60,37,32,640,61,46,42,840,62,31,30,600,63,49,38,760,64,47,34,680,65,41,38,760,66,31,32,640,67,45,42,840,68,26,38,1840,69,56,48,960,70,41,34,1040,71,45,40,1100,72,50,42,840,73,39,36,720,74,31,42,840,75,57,44,880,76,40,36,720,77,40,34,680,78,36,34,1100,79,25,28,560,80,46,40,800,81,37,42,840,82,55,50,1000,83,49,44,880,84,45,50,1000,85,53,46,920,86,49,50,1000,87,33,34,680,88,53,46,920,89,44,42,840,90,42,36,720,91,50,44,880,92,39,44,880,93,46,42,840,94,52,40,800,95,46,50,1420,96,34,34,680,97,32,42,840,98,48,36,780,99,54,54,1080,100,54,50,1000
7,2623215,4447,1,41,38,760,2,57,54,1080,3,64,50,1000,4,55,42,840,5,38,40,800,6,64,46,1460,7,62,54,1080,8,62,48,960,9,63,48,960,10,43,48,1680,11,67,60,1200,12,49,46,920,13,57,58,1160,14,49,44,880,15,63,54,1080,16,53,52,1040,17,60,52,1040,18,67,52,1040,19,48,46,920,20,68,54,1080,21,58,46,920,22,50,50,1000,23,29,40,2480,24,60,50,1000,25,60,48,960,26,65,50,1000,27,54,46,1340,28,44,46,920,29,44,48,960,30,54,56,1120,31,42,40,800,32,56,46,920,33,51,40,800,34,57,56,1120,35,35,34,680,36,38,52,2180,37,54,48,960,38,57,44,880,39,56,40,800,40,54,44,880,41,45,44,1540,42,38,40,800,43,48,38,760,44,71,52,1040,45,37,60,2580,46,52,46,920,47,44,38,760,48,47,40,800,49,57,46,920,50,42,40,800,51,60,44,880,52,50,44,880,53,52,48,960,54,50,44,880,55,48,44,880,56,38,46,1700,57,44,36,720,58,47,40,800,59,33,34,680,60,44,40,800,61,51,46,920,62,38,34,680,63,52,42,840,64,54,40,800,65,51,40,800,66,37,34,680,67,49,40,800,68,31,48,2520,69,70,56,1120,70,47,36,1260,71,53,48,1380,72,54,44,880,73,44,42,840,74,40,46,920,75,58,44,880,76,45,40,800,77,44,34,680,78,40,42,1560,79,31,34,680,80,53,46,920,81,44,44,880,82,64,60,1200,83,61,52,1040,84,56,54,1080,85,62,60,1200,86,65,54,1080,87,37,38,760,88,63,60,1200,89,57,48,960,90,48,38,760,91,55,46,920,92,48,42,840,93,53,52,1040,94,59,44,880,95,50,50,1660,96,43,40,800,97,41,48,960,98,55,44,1060,99,66,60,1200,100,63,54,1080
8,2025475,5246,1,47,44,880,2,68,66,1560,3,72,62,1240,4,64,44,880,5,45,50,1000,6,74,56,2020,7,70,58,1160,8,69,56,1120,9,71,56,1120,10,50,52,1940,11,76,60,1260,12,57,50,1000,13,67,66,1380,14,56,42,840,15,72,64,1280,16,57,54,1080,17,69,56,1120,18,75,62,1240,19,51,46,920,20,76,56,1120,21,66,54,1080,22,58,54,1080,23,32,44,2920,24,71,62,1240,25,72,56,1120,26,81,56,1120,27,60,50,1420,28,55,54,1080,29,55,62,1240,30,68,60,1440,31,48,44,880,32,68,44,880,33,63,40,800,34,63,56,1120,35,40,38,760,36,41,58,2420,37,66,56,1120,38,62,44,880,39,62,42,840,40,62,50,1060,41,47,50,2020,42,44,44,880,43,56,46,920,44,79,56,1120,45,44,58,2720,46,63,52,1040,47,48,44,880,48,57,42,840,49,62,50,1000,50,48,42,840,51,65,44,880,52,54,46,920,53,65,60,1440,54,61,48,960,55,58,44,880,56,47,58,2240,57,47,38,760,58,53,44,1000,59,38,38,760,60,50,42,840,61,64,58,1160,62,43,34,680,63,57,48,960,64,60,46,920,65,57,40,800,66,44,42,840,67,60,42,840,68,35,54,3060,69,83,62,1240,70,52,46,1820,71,65,50,1420,72,61,52,1040,73,53,44,880,74,43,46,920,75,67,50,1000,76,50,44,880,77,51,42,840,78,46,50,1900,79,41,40,800,80,57,50,1000,81,54,44,880,82,70,66,1440,83,71,54,1080,84,65,54,1080,85,73,68,1360,86,74,58,1160,87,41,42,840,88,75,54,1080,89,66,54,1080,90,56,44,880,91,60,52,1040,92,55,50,1000,93,63,54,1080,94,65,48,960,95,61,60,2220,96,50,38,760,97,50,52,1040,98,62,44,1300,99,77,68,1360,100,67,58,1160
9,1436585,6187,1,54,44,880,2,79,62,1600,3,88,68,1360,4,75,48,960,5,57,50,1000,6,83,64,2360,7,76,60,1200,8,83,64,1280,9,83,64,1280,10,56,60,2220,11,91,70,1640,12,64,58,1160,13,77,66,1560,14,62,48,960,15,88,62,1420,16,65,62,1240,17,86,64,1280,18,86,64,1280,19,60,52,1040,20,85,60,1200,21,71,60,1200,22,65,60,1200,23,35,46,3380,24,83,68,1360,25,77,56,1120,26,91,64,1280,27,62,52,1520,28,68,60,1200,29,68,66,1320,30,75,62,1600,31,60,54,1080,32,75,56,1120,33,66,54,1080,34,75,66,1320,35,48,42,840,36,51,56,2620,37,77,58,1160,38,72,50,1000,39,67,60,1200,40,69,50,1120,41,52,60,2520,42,53,44,880,43,68,58,1160,44,90,58,1160,45,49,68,3280,46,72,52,1040,47,52,48,960,48,68,56,1120,49,69,54,1080,50,58,48,960,51,72,50,1000,52,66,58,1160,53,77,62,1600,54,69,52,1040,55,65,48,960,56,53,62,2680,57,55,44,1060,58,62,50,1300,59,44,42,840,60,61,48,960,61,77,60,1200,62,47,38,760,63,68,56,1120,64,67,52,1040,65,64,44,880,66,50,44,880,67,68,44,880,68,42,60,3540,69,95,66,1320,70,54,50,2080,71,76,58,1640,72,70,56,1120,73,61,48,960,74,48,48,960,75,74,54,1080,76,58,48,960,77,58,48,960,78,54,54,2100,79,51,42,840,80,67,56,1120,81,64,54,1080,82,81,76,1820,83,80,56,1120,84,75,58,1160,85,92,66,1380,86,85,58,1160,87,49,42,840,88,85,60,1200,89,75,56,1120,90,70,54,1080,91,72,60,1200,92,62,50,1000,93,70,62,1240,94,71,56,1120,95,67,60,2520,96,59,50,1000,97,62,58,1160,98,72,48,1440,99,89,78,1560,100,78,72,1440
10,921480,7224,1,63,50,1000,2,89,64,1820,3,100,76,1520,4,82,66,1320,5,64,52,1040,6,97,74,3100,7,82,64,1280,8,99,62,1240,9,94,64,1280,10,66,58,2360,11,103,68,1600,12,74,66,1320,13,89,64,1520,14,71,58,1160,15,99,68,1600,16,78,50,1000,17,98,68,1360,18,100,72,1440,19,70,58,1160,20,94,68,1360,21,78,60,1200,22,76,60,1200,23,37,52,3740,24,97,62,1240,25,90,68,1360,26,106,72,1440,27,69,54,1620,28,78,62,1240,29,86,70,1400,30,86,68,1900,31,70,58,1160,32,89,64,1280,33,77,48,960,34,82,62,1240,35,57,50,1000,36,56,64,3140,37,90,60,1200,38,80,56,1120,39,80,62,1240,40,78,50,1120,41,62,66,2880,42,62,50,1000,43,77,60,1200,44,106,66,1320,45,58,68,3460,46,81,58,1160,47,64,48,960,48,81,60,1200,49,81,60,1200,50,64,54,1080,51,79,58,1160,52,76,60,1200,53,84,66,1740,54,79,56,1120,55,79,56,1120,56,58,62,2980,57,66,50,1240,58,76,66,1740,59,53,48,960,60,66,46,920,61,88,70,1400,62,58,44,880,63,80,58,1160,64,81,58,1160,65,75,54,1080,66,57,52,1040,67,72,54,1080,68,47,72,4200,69,111,74,1480,70,58,62,2860,71,81,60,1740,72,79,60,1200,73,72,52,1040,74,56,54,1080,75,81,48,960,76,69,54,1080,77,67,54,1080,78,62,58,2360,79,59,50,1000,80,76,60,1200,81,78,56,1240,82,89,70,1820,83,95,62,1240,84,84,64,1280,85,103,68,1540,86,93,68,1360,87,57,48,960,88,95,64,1280,89,89,58,1280,90,79,60,1200,91,82,62,1240,92,71,58,1160,93,79,64,1280,94,84,58,1160,95,73,64,2840,96,69,60,1200,97,75,60,1200,98,76,56,1840,99,103,86,1720,100,95,78,1560
11,501460,8387,1,75,56,1120,2,103,68,2080,3,112,64,1280,4,93,64,1280,5,73,64,1280,6,103,70,3020,7,92,72,1440,8,113,64,1280,9,110,68,1360,10,82,70,3020,11,116,80,2440,12,84,68,1360,13,100,74,1960,14,85,66,1320,15,106,72,1740,16,82,66,1320,17,111,70,1400,18,118,80,1960,19,81,58,1160,20,108,70,1400,21,91,58,1160,22,90,66,1320,23,38,54,3960,24,111,74,1480,25,107,68,1360,26,119,80,1600,27,77,64,2120,28,88,66,1320,29,101,70,1400,30,104,72,2160,31,82,56,1120,32,104,68,1360,33,84,60,1200,34,91,74,1480,35,65,58,1160,36,61,72,3720,37,100,66,1320,38,91,56,1120,39,94,70,1400,40,80,74,1780,41,70,76,3380,42,66,54,1080,43,90,64,1280,44,116,72,1440,45,65,78,3660,46,99,66,1320,47,77,50,1000,48,95,72,1440,49,95,70,1400,50,75,62,1240,51,95,66,1380,52,90,70,1400,53,96,68,2020,54,91,60,1200,55,93,68,1360,56,62,68,3400,57,76,56,1420,58,83,68,2080,59,59,52,1040,60,75,60,1200,61,103,64,1280,62,66,50,1000,63,88,56,1120,64,99,60,1200,65,91,54,1080,66,74,52,1040,67,81,52,1040,68,54,74,4660,69,126,72,1440,70,68,62,2860,71,90,68,2200,72,92,72,1440,73,83,66,1320,74,65,60,1200,75,87,62,1240,76,79,54,1080,77,80,60,1200,78,64,66,2940,79,70,58,1160,80,88,64,1280,81,91,68,1720,82,103,72,2520,83,106,58,1160,84,92,68,1360,85,119,68,2020,86,112,68,1360,87,65,58,1160,88,108,66,1320,89,94,62,1600,90,92,64,1640,91,89,62,1240,92,80,62,1240,93,88,68,1360,94,96,68,1360,95,78,68,3220,96,77,64,1280,97,90,62,1240,98,83,62,2440,99,107,76,1520,100,115,74,1480
12,227615,9574,1,83,60,1200,2,115,76,2360,3,117,72,1440,4,103,66,1380,5,86,70,1400,6,108,78,3360,7,105,70,1400,8,116,82,1640,9,129,72,1440,10,87,78,3360,11,118,68,2320,12,99,68,1360,13,113,72,1980,14,96,74,1480,15,116,76,2060,16,100,60,1200,17,117,72,1440,18,118,74,1900,19,90,58,1160,20,123,76,1520,21,99,62,1240,22,105,72,1440,23,39,60,4560,24,122,66,1320,25,123,80,1600,26,128,66,1320,27,89,64,2360,28,98,70,1400,29,116,74,1480,30,117,80,2440,31,90,66,1320,32,122,76,1520,33,97,60,1380,34,103,68,1360,35,73,66,1380,36,66,74,3760,37,115,74,1660,38,94,78,1560,39,112,68,1360,40,96,62,2020,41,89,90,4260,42,71,58,1160,43,104,72,1440,44,129,76,1520,45,72,80,3520,46,114,72,1440,47,81,58,1160,48,107,68,1360,49,105,70,1400,50,83,58,1160,51,113,72,1620,52,110,80,1600,53,107,70,2600,54,101,66,1320,55,107,68,1360,56,66,70,3920,57,86,58,1700,58,95,70,2360,59,66,56,1120,60,81,62,1240,61,113,70,1400,62,77,54,1080,63,100,70,1400,64,104,82,1640,65,101,58,1160,66,84,62,1240,67,87,60,1200,68,65,70,4520,69,114,72,1440,70,79,64,3080,71,102,68,2440,72,102,64,1280,73,91,66,1320,74,78,54,1080,75,99,64,1280,76,89,60,1200,77,92,64,1280,78,74,76,3320,79,82,70,1400,80,98,64,1280,81,103,68,1900,82,116,66,2700,83,116,76,1520,84,105,64,1280,85,125,84,2700,86,126,82,1820,87,76,64,1280,88,116,74,1480,89,108,68,1900,90,103,68,1780,91,101,66,1320,92,92,68,1360,93,100,72,1440,94,108,72,1440,95,81,78,4020,96,95,70,1400,97,102,68,1360,98,89,64,2600,99,122,84,1680,100,124,72,1440
13,66080,10773,1,90,64,1280,2,114,54,1740,3,129,80,1600,4,116,72,1740,5,101,64,1280,6,110,76,3500,7,121,76,1520,8,124,68,1360,9,119,68,1360,10,93,80,3340,11,119,76,2540,12,116,72,1440,13,132,82,2180,14,109,66,1320,15,123,60,1920,16,107,70,1580,17,126,70,1400,18,122,60,1620,19,99,64,1280,20,111,66,1320,21,106,66,1320,22,117,66,1320,23,41,64,4880,24,124,78,1560,25,116,70,1400,26,127,74,1480,27,100,78,3120,28,111,76,1520,29,126,64,1280,30,120,72,2100,31,99,76,1520,32,114,64,1280,33,104,68,1540,34,118,82,1640,35,84,60,1500,36,70,82,4160,37,124,68,1540,38,111,78,1560,39,121,76,1520,40,104,64,2240,41,97,80,3640,42,79,60,1200,43,119,72,1440,44,121,70,1400,45,74,68,3100,46,123,76,1520,47,89,62,1240,48,120,74,1480,49,121,68,1360,50,94,62,1240,51,128,76,2000,52,109,56,1120,53,115,68,2920,54,118,68,1360,55,119,72,1440,56,69,78,4500,57,93,60,1920,58,108,72,2400,59,82,64,1280,60,90,62,1240,61,128,78,1560,62,91,64,1280,63,113,66,1500,64,110,64,1280,65,106,70,1400,66,94,62,1240,67,92,66,1320,68,76,74,5200,69,131,84,1680,70,92,70,3380,71,104,82,3200,72,116,72,1440,73,105,68,1360,74,85,62,1240,75,120,74,1480,76,105,66,1320,77,110,72,1440,78,89,80,3340,79,95,62,1240,80,112,68,1360,81,114,66,1980,82,117,80,3040,83,121,62,1240,84,121,74,1480,85,117,64,2360,86,119,60,1380,87,86,58,1160,88,126,60,1200,89,117,72,2100,90,113,74,1900,91,112,76,1520,92,102,70,1400,93,119,68,1360,94,127,78,1560,95,91,74,3520,96,110,76,1520,97,118,68,1360,98,100,72,3180,99,114,72,1440,100,112,78,1560
14,-14295,12047,1,107,74,1540,2,121,74,2560,3,119,60,1200,4,126,78,2280,5,111,66,1320,6,108,74,3340,7,123,68,1360,8,116,88,1760,9,125,92,1840,10,101,68,2800,11,122,62,2020,12,132,74,1480,13,123,68,1780,14,121,76,1520,15,114,72,2280,16,118,74,1780,17,117,78,1560,18,111,76,2060,19,109,74,1480,20,120,82,1640,21,120,76,1520,22,122,94,1880,23,51,66,5040,24,119,66,1320,25,128,78,1560,26,114,70,1400,27,110,78,2940,28,119,70,1400,29,125,100,2000,30,121,80,2680,31,111,74,1480,32,125,86,1720,33,118,68,1660,34,121,70,1400,35,91,62,1960,36,71,82,3860,37,117,86,2020,38,118,64,1280,39,115,72,1440,40,112,74,2680,41,102,86,3640,42,91,64,1280,43,128,72,1500,44,123,86,1720,45,81,74,3280,46,121,62,1240,47,97,70,1400,48,119,66,1320,49,125,86,1720,50,107,66,1320,51,119,66,1800,52,113,78,1560,53,110,84,3600,54,121,90,1800,55,123,72,1440,56,72,78,4080,57,102,64,2120,58,116,68,2260,59,99,74,1480,60,103,68,1360,61,125,70,1400,62,99,66,1320,63,122,76,1820,64,114,86,1720,65,119,74,1480,66,103,68,1360,67,111,76,1520,68,85,72,5100,69,125,78,1560,70,106,74,3340,71,106,66,2700,72,131,78,1560,73,115,74,1480,74,94,62,1240,75,126,64,1280,76,116,64,1280,77,129,68,1360,78,102,82,3080,79,110,72,1440,80,127,72,1440,81,118,80,2560,82,123,70,2660,83,117,70,1400,84,118,66,1320,85,120,68,2320,86,129,72,1740,87,104,62,1240,88,126,92,1840,89,128,84,2640,90,126,68,1900,91,119,70,1400,92,120,64,1280,93,125,84,1680,94,117,66,1320,95,104,74,3400,96,120,86,1720,97,121,80,1600,98,106,74,3220,99,125,70,1400,100,116,70,1400
15,-57630,13384,1,119,70,1460,2,125,76,2600,3,118,80,1600,4,116,66,1860,5,120,80,1600,6,114,82,3680,7,121,92,1840,8,119,78,1560,9,121,76,1520,10,110,74,2980,11,120,76,2780,12,118,70,1400,13,113,82,2300,14,119,64,1280,15,127,66,2340,16,127,60,1440,17,128,66,1320,18,119,70,1940,19,122,70,1400,20,121,72,1440,21,119,60,1200,22,107,78,1560,23,59,68,5020,24,127,82,1640,25,124,66,1320,26,133,76,1520,27,107,72,3060,28,118,82,1640,29,120,72,1440,30,113,74,2560,31,120,70,1400,32,116,70,1400,33,131,84,1980,34,120,78,1560,35,100,68,1900,36,74,78,3720,37,118,68,1600,38,130,86,1720,39,131,88,1760,40,122,66,2220,41,106,82,3320,42,103,70,1460,43,116,82,1700,44,119,70,1400,45,94,80,3580,46,120,86,1720,47,112,72,1440,48,118,86,1720,49,118,74,1480,50,120,74,1480,51,125,84,2760,52,119,60,1200,53,116,72,3180,54,125,70,1400,55,113,70,1400,56,79,82,4220,57,111,72,2460,58,114,92,2980,59,112,74,1480,60,119,80,1600,61,110,80,1600,62,113,76,1520,63,116,64,1520,64,120,64,1280,65,128,68,1360,66,118,78,1560,67,118,68,1360,68,93,70,5420,69,118,66,1320,70,119,80,3640,71,120,82,3260,72,122,72,1440,73,126,68,1360,74,107,68,1360,75,124,76,1520,76,127,86,1720,77,118,72,1440,78,105,72,2940,79,123,80,1600,80,113,72,1440,81,131,68,2200,82,122,86,3460,83,128,84,1680,84,128,84,1680,85,120,88,3200,86,113,70,1700,87,115,80,1600,88,121,74,1480,89,123,74,2320,90,127,76,2060,91,125,98,1960,92,117,86,1720,93,113,66,1320,94,123,84,1680,95,119,76,3200,96,122,76,1520,97,112,70,1460,98,113,66,3120,99,110,82,1640,100,129,88,1760
16,-85125,14632,1,124,84,1740,2,117,66,2580,3,126,74,1480,4,124,82,2660,5,125,68,1360,6,124,76,3380,7,120,72,1440,8,121,66,1320,9,117,70,1400,10,116,76,3140,11,122,64,2360,12,125,84,1680,13,117,58,1640,14,120,86,1720,15,127,76,2900,16,127,66,1740,17,126,74,1480,18,126,78,2040,19,114,86,1720,20,110,66,1320,21,114,80,1600,22,120,72,1440,23,69,70,5240,24,121,68,1360,25,119,88,1760,26,123,84,1680,27,124,80,2920,28,125,70,1400,29,122,76,1520,30,129,80,2860,31,119,82,1640,32,133,78,1560,33,125,68,1660,34,123,72,1440,35,108,70,2420,36,82,76,3620,37,114,86,2200,38,131,68,1360,39,126,68,1360,40,128,76,2960,41,112,68,2800,42,120,72,1920,43,118,72,1500,44,129,96,1920,45,102,80,3280,46,119,68,1360,47,124,74,1480,48,120,74,1480,49,123,64,1280,50,117,68,1360,51,122,76,2540,52,121,76,1520,53,126,78,3540,54,108,88,1760,55,126,74,1480,56,84,90,4440,57,118,76,2900,58,117,72,2280,59,126,70,1400,60,124,66,1320,61,119,66,1320,62,121,62,1240,63,123,72,1860,64,124,86,1720,65,119,70,1400,66,120,70,1400,67,126,98,1960,68,99,62,4780,69,129,82,1640,70,118,74,3340,71,116,74,2800,72,115,74,1480,73,116,74,1480,74,118,74,1480,75,118,60,1200,76,122,72,1440,77,126,72,1440,78,121,78,3180,79,124,66,1320,80,128,82,1640,81,117,72,2460,82,120,74,2920,83,118,68,1360,84,125,70,1400,85,119,82,2960,86,121,74,1780,87,121,66,1320,88,113,64,1280,89,122,74,2500,90,123,68,1840,91,115,88,1760,92,121,66,1320,93,117,82,1640,94,115,74,1480,95,116,66,2760,96,111,66,1320,97,124,78,2040,98,118,72,3360,99,113,66,1320,100,125,62,1240
17,-92385,15810,1,115,76,1580,2,121,76,2720,3,111,72,1440,4,119,70,2480,5,122,80,1600,6,118,72,3180,7,124,74,1480,8,121,88,1760,9,129,82,1640,10,121,70,3020,11,130,84,3360,12,118,72,1440,13,122,84,2580,14,127,66,1320,15,121,76,2900,16,121,90,2220,17,117,74,1480,18,120,68,1780,19,116,72,1440,20,121,82,1640,21,118,66,1320,22,122,74,1480,23,78,72,5280,24,116,84,1680,25,124,74,1480,26,119,66,1320,27,116,72,2520,28,109,88,1760,29,116,68,1360,30,124,74,2680,31,127,62,1240,32,122,72,1440,33,126,88,2000,34,112,74,1480,35,122,76,2600,36,82,84,3840,37,118,68,1780,38,118,68,1360,39,124,86,1720,40,121,70,2720,41,115,86,3640,42,119,72,1920,43,126,76,1580,44,119,78,1560,45,108,86,4000,46,126,88,1760,47,114,72,1440,48,120,68,1360,49,121,84,1680,50,119,78,1560,51,116,70,2600,52,111,72,1440,53,131,64,3080,54,109,76,1520,55,120,76,1520,56,89,82,4100,57,122,74,2860,58,126,78,2460,59,114,80,1600,60,125,78,1560,61,125,86,1720,62,116,78,1560,63,113,70,1820,64,117,78,1560,65,122,94,1880,66,119,86,1720,67,129,76,1520,68,109,78,6180,69,124,68,1360,70,123,70,3140,71,125,64,2360,72,126,74,1480,73,123,74,1480,74,124,60,1200,75,120,74,1480,76,116,70,1400,77,113,76,1520,78,116,70,3020,79,119,92,1840,80,119,70,1400,81,129,76,2780,82,121,68,3040,83,120,80,1600,84,111,76,1520,85,118,78,2940,86,116,60,1440,87,115,82,1640,88,116,78,1560,89,116,74,2740,90,119,74,1900,91,119,68,1360,92,120,86,1720,93,119,72,1440,94,125,72,1440,95,127,84,3600,96,113,86,1720,97,113,66,1800,98,130,82,4040,99,121,86,1720,100,123,84,1680
18,-99025,17039,1,121,64,1340,2,121,68,2260,3,121,84,1680,4,128,84,2760,5,122,70,1400,6,127,86,3820,7,115,68,1360,8,120,74,1480,9,121,68,1360,10,123,86,3580,11,123,70,3020,12,129,80,1600,13,114,72,2280,14,131,92,1840,15,117,70,2840,16,115,78,1980,17,125,64,1280,18,122,88,2180,19,130,76,1520,20,109,72,1440,21,127,86,1720,22,114,64,1280,23,83,68,5140,24,119,76,1520,25,112,70,1400,26,118,74,1480,27,126,78,2820,28,114,72,1440,29,117,86,1720,30,118,70,2300,31,120,82,1640,32,114,80,1600,33,120,78,1920,34,122,76,1520,35,114,64,2360,36,87,76,3320,37,127,74,1900,38,128,86,1720,39,121,64,1280,40,117,78,3120,41,121,78,3120,42,126,78,2460,43,123,64,1340,44,122,70,1400,45,110,76,3440,46,120,72,1440,47,137,78,1560,48,125,88,1760,49,118,70,1400,50,125,74,1480,51,125,78,3060,52,123,86,1720,53,129,82,3800,54,123,80,1600,55,120,62,1240,56,98,88,4280,57,118,74,2920,58,123,70,2420,59,124,66,1320,60,117,64,1280,61,124,64,1280,62,125,68,1360,63,123,80,2020,64,123,70,1400,65,116,78,1560,66,127,68,1360,67,118,78,1560,68,111,70,5540,69,124,86,1720,70,117,84,3780,71,117,78,2820,72,112,70,1400,73,114,68,1360,74,122,72,1440,75,117,62,1240,76,129,84,1680,77,119,72,1440,78,126,84,3540,79,129,82,1640,80,130,90,1800,81,118,74,2740,82,125,76,3320,83,115,64,1280,84,122,70,1400,85,129,74,2980,86,120,72,1800,87,121,66,1320,88,119,68,1360,89,122,72,2700,90,129,60,1620,91,125,78,1560,92,116,76,1520,93,117,76,1520,94,109,76,1520,95,117,72,3000,96,116,70,1400,97,119,96,2820,98,116,72,3660,99,116,72,1440,100,118,70,1400
19,-94530,18297,1,115,84,1860,2,120,90,2820,3,121,68,1360,4,118,80,2860,5,119,90,1800,6,122,78,3420,7,118,92,1840,8,112,64,1280,9,124,84,1680,10,122,78,3360,11,120,88,4100,12,126,72,1440,13,126,74,2800,14,126,76,1520,15,132,84,3660,16,122,72,1800,17,113,68,1360,18,115,76,1940,19,122,68,1360,20,126,72,1440,21,121,70,1400,22,122,74,1480,23,90,72,5520,24,119,68,1360,25,124,76,1520,26,123,62,1240,27,117,72,2640,28,129,78,1560,29,121,70,1400,30,126,80,2620,31,115,64,1280,32,119,66,1320,33,121,74,2020,34,113,68,1360,35,128,82,2900,36,93,88,4040,37,114,78,1980,38,123,74,1480,39,119,84,1680,40,128,74,3100,41,110,76,3140,42,118,68,2020,43,119,84,1860,44,124,92,1840,45,122,82,4100,46,122,72,1440,47,123,88,1760,48,122,68,1360,49,131,88,1760,50,116,72,1440,51,123,70,3020,52,113,64,1280,53,126,64,3380,54,116,70,1400,55,118,72,1440,56,97,78,3900,57,122,82,3620,58,118,90,2820,59,118,82,1640,60,124,82,1640,61,125,84,1680,62,116,82,1640,63,116,62,1600,64,109,78,1560,65,117,66,1320,66,117,74,1480,67,122,78,1560,68,110,86,6880,69,117,72,1440,70,121,78,3420,71,119,62,2440,72,130,80,1600,73,120,92,1840,74,115,78,1560,75,119,92,1840,76,119,70,1400,77,127,76,1520,78,117,80,3400,79,124,70,1400,80,122,72,1440,81,127,68,2680,82,117,76,3560,83,118,92,1840,84,112,80,1600,85,115,74,3040,86,123,74,2020,87,122,88,1760,88,129,88,1760,89,114,72,2760,90,121,74,1900,91,115,62,1240,92,123,64,1280,93,122,68,1360,94,127,74,1480,95,134,70,3020,96,129,80,1600,97,128,80,2260,98,126,88,4640,99,130,74,1480,100,128,92,1840
20,-112205,19531,1,120,72,1500,2,125,72,2400,3,120,80,1600,4,125,72,2460,5,121,72,1440,6,118,74,3220,7,131,72,1440,8,124,92,1840,9,123,78,1560,10,113,70,3080,11,116,74,3400,12,110,70,1400,13,120,72,2520,14,118,66,1320,15,120,70,3020,16,112,76,2060,17,121,82,1640,18,123,70,1760,19,115,88,1760,20,108,72,1440,21,112,80,1600,22,115,68,1360,23,97,68,5020,24,119,86,1720,25,118,72,1440,26,117,78,1560,27,136,80,2920,28,123,64,1280,29,118,88,1760,30,114,70,2360,31,127,72,1440,32,130,84,1680,33,114,66,1800,34,124,76,1520,35,119,70,2420,36,95,72,3360,37,122,72,1920,38,116,74,1480,39,122,78,1560,40,116,78,3240,41,122,88,3740,42,124,78,2100,43,118,78,1620,44,119,72,1440,45,114,74,3520,46,112,72,1440,47,112,76,1520,48,122,92,1840,49,127,68,1360,50,130,74,1480,51,111,74,2980,52,123,80,1600,53,121,76,3680,54,128,80,1600,55,130,76,1520,56,102,82,3980,57,123,76,3140,58,121,80,2620,59,119,68,1360,60,118,72,1440,61,115,74,1480,62,122,70,1400,63,127,76,2060,64,115,72,1440,65,130,84,1680,66,126,62,1240,67,116,72,1440,68,113,72,5760,69,132,86,1720,70,116,72,3180,71,119,82,2960,72,125,64,1280,73,120,78,1560,74,117,66,1320,75,126,78,1560,76,126,84,1680,77,118,72,1440,78,118,74,3160,79,112,72,1440,80,109,66,1320,81,113,78,2820,82,126,70,3260,83,126,86,1720,84,115,66,1320,85,124,68,2920,86,117,66,1800,87,113,72,1440,88,123,72,1440,89,125,78,2820,90,117,66,1680,91,121,74,1480,92,120,70,1400,93,117,94,1880,94,113,62,1240,95,121,74,3460,96,125,64,1280,97,128,64,1820,98,120,74,3700,99,119,82,1640,100,125,72,1440
21,-118475,20734,1,114,70,1460,2,112,76,2660,3,118,78,1560,4,113,76,2540,5,116,74,1480,6,114,74,3580,7,119,84,1680,8,117,80,1600,9,121,70,1400,10,128,88,3680,11,122,76,3500,12,119,68,1360,13,120,72,2520,14,122,84,1680,15,125,80,3400,16,126,70,2060,17,118,64,1280,18,117,76,2000,19,119,76,1520,20,123,76,1520,21,114,66,1320,22,120,88,1820,23,96,76,5660,24,123,80,1600,25,128,80,1600,26,127,70,1400,27,127,72,2940,28,118,82,1640,29,117,76,1520,30,126,76,2660,31,118,64,1280,32,119,64,1280,33,118,84,2280,34,123,60,1200,35,129,78,2580,36,110,86,4120,37,113,72,1920,38,123,70,1400,39,113,62,1240,40,127,64,2960,41,116,82,3500,42,118,62,1840,43,125,66,1380,44,124,74,1480,45,115,80,3940,46,129,72,1440,47,119,72,1440,48,118,70,1400,49,121,80,1600,50,118,72,1440,51,123,78,3300,52,119,66,1320,53,114,72,3480,54,124,68,1360,55,122,72,1440,56,100,72,3660,57,108,76,3320,58,119,72,2220,59,121,86,1720,60,132,80,1600,61,126,72,1440,62,124,82,1640,63,116,68,2020,64,129,76,1520,65,125,68,1360,66,121,82,1640,67,128,82,1640,68,121,82,6560,69,126,72,1440,70,130,80,3700,71,128,78,3000,72,120,78,1560,73,118,70,1400,74,132,86,1720,75,119,72,1440,76,119,74,1480,77,124,70,1400,78,116,76,3440,79,125,72,1440,80,118,76,1520,81,118,62,2260,82,113,66,3000,83,113,72,1440,84,118,80,1600,85,120,86,3640,86,126,78,2160,87,125,76,1520,88,111,74,1480,89,118,66,2340,90,125,84,2160,91,114,66,1320,92,120,88,1760,93,127,78,1560,94,118,76,1520,95,118,70,3260,96,123,88,1760,97,125,78,2160,98,116,72,3840,99,125,68,1360,100,112,72,1440
22,-113855,21942,1,126,80,1720,2,121,78,2760,3,120,66,1320,4,123,76,2600,5,122,68,1360,6,131,88,3980,7,128,70,1400,8,122,66,1320,9,114,84,1680,10,122,76,3320,11,114,66,3180,12,131,82,1640,13,125,74,2560,14,120,76,1520,15,118,66,2940,16,108,78,2520,17,129,86,1720,18,121,70,1880,19,123,70,1400,20,111,60,1200,21,121,92,1840,22,119,82,1640,23,104,76,5480,24,120,66,1320,25,121,72,1440,26,108,84,1680,27,124,70,2540,28,120,68,1360,29,121,62,1240,30,116,72,2640,31,129,84,1680,32,122,84,1680,33,126,70,1940,34,122,78,1560,35,121,70,2480,36,110,78,3840,37,121,84,2400,38,115,76,1520,39,120,70,1400,40,119,76,3380,41,118,72,3000,42,126,76,2000,43,123,88,1880,44,121,64,1280,45,123,82,3860,46,120,68,1360,47,124,70,1400,48,126,86,1720,49,118,70,1400,50,131,76,1520,51,119,66,2760,52,125,88,1760,53,122,74,3520,54,121,96,1920,55,117,70,1400,56,111,80,3940,57,120,78,3180,58,124,74,2620,59,117,66,1320,60,127,70,1400,61,117,72,1440,62,114,74,1480,63,131,86,2680,64,119,76,1520,65,119,84,1680,66,115,70,1400,67,122,70,1400,68,116,70,5600,69,114,72,1440,70,118,78,3780,71,120,66,2460,72,122,66,1320,73,127,80,1600,74,126,68,1360,75,126,76,1520,76,129,68,1360,77,119,76,1520,78,121,72,3240,79,110,72,1440,80,119,68,1360,81,119,74,2560,82,127,84,3600,83,131,98,1960,84,121,58,1160,85,119,76,3260,86,120,68,1900,87,117,66,1320,88,127,72,1440,89,130,80,2680,90,121,70,1880,91,117,84,1680,92,124,76,1520,93,123,66,1320,94,123,64,1280,95,124,80,3160,96,114,72,1440,97,125,64,1760,98,127,70,3680,99,116,76,1520,100,129,82,1640
23,-108615,23223,1,117,68,1360,2,116,74,2440,3,123,90,1800,4,116,76,2660,5,118,76,1520,6,129,82,3860,7,108,88,1760,8,122,92,1840,9,116,78,1560,10,114,70,3320,11,125,80,3580,12,127,66,1320,13,114,70,2600,14,120,64,1280,15,125,78,3240,16,121,74,2500,17,118,72,1440,18,117,86,2440,19,114,86,1720,20,128,78,1560,21,118,76,1520,22,123,76,1520,23,110,76,5540,24,130,94,1880,25,115,76,1580,26,112,78,1560,27,116,88,3440,28,128,80,1600,29,122,74,1480,30,130,70,2360,31,119,66,1320,32,115,74,1480,33,108,76,2120,34,113,66,1320,35,121,86,2860,36,113,76,3740,37,118,70,2060,38,125,62,1240,39,123,98,1960,40,119,70,3200,41,128,74,3100,42,120,70,2000,43,120,68,1360,44,117,82,1640,45,115,78,3780,46,115,82,1640,47,114,76,1520,48,125,66,1320,49,131,82,1640,50,115,76,1520,51,122,74,3040,52,118,74,1480,53,117,70,3440,54,115,78,1560,55,129,84,1680,56,116,76,3860,57,118,76,3200,58,119,72,2400,59,122,92,1840,60,112,74,1480,61,136,82,1640,62,127,74,1480,63,122,74,2500,64,127,74,1480,65,123,72,1440,66,125,80,1600,67,119,84,1680,68,122,80,6400,69,130,84,1680,70,121,78,3780,71,125,84,3360,72,115,84,1680,73,120,74,1480,74,118,76,1520,75,116,64,1280,76,111,68,1360,77,120,68,1360,78,125,76,3440,79,123,80,1600,80,124,84,1680,81,124,64,2240,82,118,76,3260,83,125,72,1440,84,117,66,1320,85,120,74,3340,86,126,86,2320,87,128,74,1480,88,108,78,1560,89,122,70,2360,90,124,92,2560,91,132,68,1360,92,120,66,1320,93,115,78,1560,94,123,74,1480,95,116,70,2960,96,135,86,1720,97,124,82,2240,98,115,82,4400,99,120,64,1280,100,122,64,1280
24,-126930,24374,1,124,96,1920,2,124,74,2140,3,118,78,1560,4,121,66,2340,5,124,66,1320,6,124,76,3560,7,121,76,1520,8,120,70,1400,9,123,66,1320,10,128,84,3840,11,122,76,3560,12,119,76,1520,13,124,76,2840,14,118,78,1560,15,121,66,2880,16,118,78,2580,17,125,74,1480,18,122,76,2180,19,118,72,1440,20,116,66,1320,21,124,62,1240,22,114,68,1360,23,111,70,5060,24,121,70,1400,25,121,76,1640,26,117,70,1400,27,121,72,2640,28,122,72,1440,29,117,68,1360,30,113,68,2020,31,121,84,1680,32,126,64,1280,33,121,78,2160,34,112,86,1720,35,117,70,2420,36,120,70,3200,37,123,90,2700,38,115,80,1600,39,116,80,1600,40,118,92,4180,41,113,80,3340,42,121,84,2400,43,125,86,1720,44,114,66,1320,45,121,76,3620,46,117,70,1400,47,118,66,1320,48,121,78,1560,49,131,70,1400,50,125,68,1360,51,118,68,2800,52,129,68,1360,53,128,78,4020,54,119,68,1360,55,127,74,1480,56,117,76,3920,57,122,72,3000,58,117,78,2520,59,121,70,1400,60,125,76,1520,61,125,70,1400,62,114,74,1480,63,115,68,2380,64,111,74,1480,65,115,78,1560,66,121,66,1320,67,129,72,1440,68,113,70,5600,69,120,74,1480,70,116,72,3480,71,121,72,2640,72,124,78,1560,73,122,62,1240,74,124,62,1240,75,125,82,1640,76,131,82,1640,77,127,88,1760,78,116,76,3680,79,114,70,1400,80,114,74,1480,81,127,80,2860,82,125,72,3120,83,112,76,1520,84,122,80,1600,85,126,72,3300,86,121,72,2040,87,117,76,1520,88,118,72,1440,89,119,86,2980,90,119,72,2100,91,120,80,1600,92,129,86,1720,93,120,70,1400,94,114,70,1400,95,123,78,3180,96,128,78,1560,97,119,70,2120,98,122,72,3840,99,124,78,1560,100,115,74,1480
25,-111750,25585,1,117,76,1520,2,115,70,1880,3,122,74,1480,4,112,90,3360,5,121,82,1640,6,114,76,3620,7,115,74,1480,8,123,96,1920,9,120,86,1720,10,117,74,3520,11,120,68,3280,12,126,60,1200,13,115,70,2600,14,126,66,1320,15,123,86,3460,16,120,72,2520,17,118,70,1400,18,119,64,1940,19,131,74,1480,20,126,84,1680,21,116,72,1440,22,115,94,1880,23,126,88,6620,24,121,86,1720,25,111,70,1520,26,129,88,1760,27,120,76,2780,28,113,76,1520,29,122,82,1640,30,125,76,2000,31,118,76,1520,32,119,82,1640,33,121,64,1940,34,122,80,1600,35,126,88,3320,36,116,100,4460,37,116,74,2080,38,119,68,1360,39,121,72,1440,40,132,70,3200,41,117,72,3120,42,114,70,2060,43,120,78,1560,44,114,84,1680,45,112,80,3880,46,130,80,1600,47,131,78,1560,48,116,66,1320,49,119,72,1440,50,123,82,1640,51,121,86,3400,52,122,76,1520,53,116,72,3720,54,125,96,1920,55,113,66,1320,56,116,80,4360,57,113,80,3340,58,125,68,2320,59,115,84,1680,60,121,68,1360,61,112,76,1520,62,128,84,1680,63,123,84,2760,64,126,76,1520,65,121,64,1280,66,116,80,1600,67,115,74,1480,68,124,78,6240,69,114,68,1360,70,130,80,3700,71,121,70,2660,72,115,70,1400,73,117,72,1440,74,128,74,1480,75,120,68,1360,76,126,70,1400,77,124,74,1480,78,123,74,3520,79,128,76,1520,80,129,76,1520,81,121,76,2720,82,114,76,3200,83,127,66,1320,84,113,68,1360,85,115,70,3080,86,114,70,2060,87,120,64,1280,88,126,76,1520,89,128,72,2640,90,129,76,2180,91,122,64,1280,92,122,74,1480,93,125,84,1680,94,127,70,1400,95,115,68,2920,96,120,70,1400,97,128,88,2420,98,119,76,4280,99,117,72,1440,100,125,72,1440
26,-119840,26816,1,118,70,1400,2,126,78,2040,3,122,74,1480,4,113,78,3000,5,114,76,1520,6,120,72,3240,7,123,70,1400,8,113,78,1560,9,121,76,1520,10,133,74,3520,11,126,84,4260,12,120,76,1520,13,127,86,3400,14,125,76,1520,15,118,74,2920,16,126,74,2500,17,126,82,1640,18,129,78,2460,19,118,78,1560,20,117,72,1440,21,132,76,1520,22,123,78,1560,23,114,70,5240,24,122,76,1520,25,124,78,1680,26,123,70,1400,27,116,78,3180,28,119,70,1400,29,113,72,1440,30,119,68,1840,31,119,72,1440,32,123,72,1440,33,124,82,2480,34,118,72,1440,35,119,76,2960,36,119,82,3500,37,128,78,2160,38,127,88,1760,39,114,72,1440,40,122,72,3360,41,112,78,3480,42,129,82,2240,43,115,64,1280,44,120,64,1280,45,118,78,3660,46,127,68,1360,47,117,66,1320,48,128,84,1680,49,122,72,1440,50,119,68,1360,51,120,72,3060,52,115,64,1280,53,134,74,3940,54,119,74,1480,55,115,94,1880,56,120,72,3840,57,119,68,2800,58,116,92,2920,59,118,76,1520,60,116,82,1640,61,121,72,1440,62,124,72,1440,63,117,72,2460,64,118,58,1160,65,118,76,1520,66,121,68,1360,67,123,72,1440,68,118,72,5760,69,121,84,1680,70,119,68,3160,71,122,88,3380,72,128,74,1480,73,132,78,1560,74,118,78,1560,75,109,84,1680,76,115,64,1280,77,117,70,1400,78,111,72,3480,79,116,62,1240,80,119,66,1320,81,121,72,2580,82,119,80,3580,83,118,78,1560,84,123,80,1600,85,129,82,3500,86,123,86,2560,87,117,94,1880,88,123,64,1280,89,109,76,2660,90,120,74,2380,91,119,74,1480,92,113,64,1280,93,122,68,1360,94,112,72,1440,95,130,82,3440,96,125,94,1880,97,117,74,2080,98,117,74,4060,99,132,74,1480,100,114,72,1440
27,-116910,28023,1,128,94,1880,2,116,72,2220,3,115,70,1400,4,124,70,2600,5,118,72,1440,6,126,82,3980,7,119,80,1600,8,118,70,1400,9,118,62,1240,10,117,76,3620,11,126,74,3640,12,121,62,1240,13,117,76,2960,14,118,62,1240,15,124,82,3740,16,113,72,2220,17,117,66,1320,18,124,70,2180,19,125,68,1360,20,129,80,1600,21,117,74,1480,22,109,72,1440,23,121,84,6300,24,114,62,1240,25,112,68,1540,26,120,78,1560,27,120,76,3140,28,123,86,1720,29,123,76,1520,30,129,84,2460,31,128,74,1480,32,112,66,1320,33,118,70,2060,34,130,92,1840,35,120,68,2560,36,118,70,3140,37,122,72,2100,38,118,76,1520,39,126,80,1600,40,126,72,3240,41,117,76,3380,42,122,66,1920,43,121,78,1560,44,123,84,1680,45,120,74,3460,46,120,70,1400,47,124,90,1800,48,126,74,1480,49,116,70,1400,50,124,82,1640,51,120,78,3420,52,119,86,1720,53,118,70,3740,54,122,66,1320,55,121,80,1600,56,126,84,4440,57,125,92,3940,58,123,86,2680,59,122,58,1160,60,118,72,1440,61,111,74,1480,62,106,74,1480,63,128,78,2340,64,127,76,1520,65,122,66,1320,66,123,88,1760,67,105,78,1560,68,115,80,6400,69,117,80,1600,70,124,86,4060,71,113,78,3180,72,116,80,1600,73,127,70,1400,74,125,72,1440,75,112,70,1400,76,124,80,1600,77,127,72,1440,78,132,78,3660,79,116,80,1600,80,128,88,1760,81,119,72,2580,82,122,76,3200,83,118,66,1320,84,114,64,1280,85,126,62,2740,86,118,72,2100,87,125,78,1560,88,118,78,1560,89,124,72,2580,90,119,62,2020,91,117,64,1280,92,113,82,1640,93,121,90,1800,94,128,68,1360,95,121,74,3160,96,119,76,1520,97,124,68,1960,98,126,74,4180,99,121,74,1480,100,127,72,1440
28,-121095,29227,1,121,80,1600,2,124,78,2400,3,127,80,1600,4,115,80,3040,5,133,72,1440,6,119,72,3300,7,120,68,1360,8,122,100,2000,9,122,84,1680,10,130,74,3520,11,114,68,3160,12,118,84,1680,13,125,70,2660,14,131,76,1520,15,119,68,3160,16,123,78,2280,17,125,86,1720,18,116,74,2380,19,123,94,1880,20,125,76,1520,21,122,70,1400,22,120,78,1560,23,121,68,5020,24,126,80,1600,25,126,78,1860,26,117,70,1400,27,118,76,3020,28,118,66,1320,29,121,62,1240,30,124,76,2360,31,115,72,1440,32,116,84,1680,33,129,80,2440,34,123,78,1560,35,126,94,3320,36,126,84,3420,37,120,78,2460,38,123,68,1360,39,120,68,1360,40,117,80,3880,41,122,76,3500,42,117,80,2620,43,115,64,1280,44,110,68,1360,45,117,74,3340,46,127,90,1800,47,119,66,1320,48,112,74,1480,49,124,78,1560,50,118,68,1360,51,119,70,3080,52,118,74,1480,53,126,72,3780,54,119,80,1600,55,116,74,1480,56,122,74,3880,57,120,82,3440,58,116,72,2220,59,125,74,1480,60,131,76,1520,61,124,74,1480,62,117,84,1680,63,121,72,2160,64,119,72,1440,65,118,84,1680,66,117,78,1560,67,120,80,1600,68,126,76,6080,69,119,72,1440,70,115,72,3300,71,116,68,2860,72,124,66,1320,73,117,76,1520,74,112,72,1440,75,120,70,1400,76,113,68,1360,77,114,84,1680,78,116,72,3480,79,121,70,1400,80,117,74,1480,81,130,84,3120,82,126,70,2720,83,126,88,1760,84,127,72,1440,85,128,84,3840,86,127,78,2400,87,125,62,1240,88,121,68,1360,89,110,82,3080,90,124,70,2300,91,126,74,1480,92,118,66,1320,93,114,70,1400,94,120,66,1320,95,115,68,3040,96,124,68,1360,97,114,82,2660,98,112,80,4660,99,118,66,1320,100,117,72,1440
29,-105095,30487,1,115,74,1480,2,116,70,2180,3,118,72,1440,4,122,74,2920,5,114,76,1520,6,118,84,4020,7,117,88,1760,8,113,72,1440,9,115,66,1320,10,117,84,3720,11,123,96,4800,12,122,70,1400,13,114,92,3880,14,122,76,1520,15,128,82,3140,16,121,68,2140,17,118,76,1520,18,127,74,2440,19,117,86,1720,20,115,66,1320,21,119,90,1800,22,118,64,1280,23,128,80,5800,24,121,64,1280,25,120,72,1800,26,127,86,1720,27,114,76,3500,28,131,82,1640,29,120,74,1480,30,117,68,2140,31,127,80,1600,32,121,66,1320,33,119,66,1920,34,116,64,1280,35,120,76,2960,36,119,70,3140,37,117,74,2380,38,118,96,1920,39,123,86,1720,40,121,72,3600,41,115,78,3900,42,120,70,2300,43,126,88,1760,44,125,76,1520,45,123,80,3820,46,122,78,1560,47,122,96,1920,48,128,92,1840,49,120,74,1480,50,125,82,1640,51,124,84,3600,52,123,66,1320,53,117,78,4140,54,120,74,1480,55,126,72,1440,56,119,78,4260,57,115,74,2980,58,126,74,2320,59,112,72,1440,60,119,76,1520,61,117,68,1360,62,116,68,1360,63,118,74,2260,64,127,74,1480,65,120,70,1400,66,122,66,1320,67,124,76,1520,68,119,76,6080,69,124,72,1440,70,126,84,4020,71,124,90,3780,72,126,84,1680,73,122,68,1360,74,127,86,1720,75,125,100,2000,76,125,76,1520,77,121,76,1520,78,130,82,3680,79,116,90,1800,80,125,72,1440,81,128,74,2560,82,115,80,3280,83,119,70,1400,84,110,82,1640,85,122,66,3060,86,121,68,1960,87,117,80,1600,88,119,84,1680,89,111,66,2400,90,119,74,2440,91,116,74,1480,92,126,82,1640,93,125,82,1640,94,120,86,1720,95,129,78,3540,96,121,90,1800,97,120,70,2300,98,116,72,4320,99,124,96,1920,100,134,82,1640
30,-117815,31712,1,122,74,1480,2,131,86,2860,3,131,78,1560,4,120,72,2880,5,119,66,1320,6,126,76,3500,7,121,76,1520,8,125,84,1680,9,120,92,1840,10,121,72,3360,11,119,80,4060,12,117,84,1680,13,120,84,3480,14,112,66,1320,15,125,70,2720,16,122,86,2860,17,124,66,1320,18,114,74,2500,19,124,68,1360,20,125,76,1520,21,128,76,1520,22,124,82,1640,23,118,72,5340,24,117,88,1760,25,119,72,1800,26,120,76,1520,27,121,70,3020,28,129,72,1440,29,126,66,1320,30,117,92,2980,31,126,68,1360,32,117,80,1600,33,122,92,2680,34,125,88,1760,35,117,72,2880,36,127,94,3800,37,129,72,2400,38,119,72,1440,39,118,70,1400,40,117,70,3500,41,121,74,3640,42,124,92,3100,43,122,74,1480,44,119,64,1280,45,119,78,3600,46,115,68,1360,47,118,78,1560,48,121,70,1400,49,122,68,1360,50,116,68,1360,51,117,72,3300,52,115,86,1720,53,117,68,3700,54,119,66,1320,55,114,76,1520,56,128,74,3940,57,119,72,2760,58,116,68,2140,59,127,74,1480,60,125,70,1400,61,125,94,1880,62,123,82,1640,63,121,72,2580,64,118,72,1440,65,120,88,1760,66,117,80,1600,67,112,70,1400,68,118,78,6240,69,111,74,1480,70,114,72,3420,71,111,74,3100,72,117,68,1360,73,115,82,1640,74,115,72,1440,75,122,72,1440,76,121,62,1240,77,110,70,1400,78,123,76,3440,79,113,72,1440,80,114,76,1520,81,116,74,2560,82,117,72,2880,83,122,84,1680,84,115,74,1480,85,122,90,4200,86,118,92,2680,87,122,70,1400,88,118,70,1400,89,118,80,2680,90,124,68,2380,91,123,68,1360,92,120,72,1440,93,118,66,1320,94,109,64,1280,95,120,72,3240,96,115,74,1480,97,119,92,3100,98,126,76,4460,99,122,72,1440,100,127,66,1320
31,-109155,32945,1,114,70,1400,2,121,72,2280,3,123,72,1440,4,115,78,3120,5,120,86,1720,6,115,82,4040,7,120,64,1280,8,114,70,1400,9,121,82,1640,10,122,74,3400,11,123,72,3600,12,121,76,1520,13,119,76,3020,14,121,78,1560,15,115,80,3160,16,116,72,2400,17,121,80,1600,18,124,74,2560,19,115,88,1760,20,115,68,1360,21,121,70,1400,22,121,68,1360,23,128,80,6040,24,122,72,1440,25,124,76,2000,26,118,64,1280,27,114,90,3600,28,116,68,1360,29,117,76,1520,30,126,78,2400,31,124,86,1720,32,116,62,1240,33,114,76,2300,34,118,72,1440,35,129,86,3280,36,123,78,3360,37,117,76,2480,38,126,76,1520,39,127,88,1760,40,123,84,4020,41,114,76,4040,42,117,72,2460,43,116,60,1200,44,119,82,1640,45,122,72,3240,46,127,88,1760,47,126,68,1360,48,129,98,1960,49,119,90,1800,50,126,88,1760,51,129,72,3120,52,118,76,1520,53,127,82,4280,54,124,94,1880,55,119,70,1400,56,115,90,4740,57,127,80,3160,58,129,82,2600,59,118,74,1480,60,114,78,1560,61,119,76,1520,62,113,66,1320,63,115,78,2520,64,130,74,1480,65,121,80,1600,66,119,68,1360,67,130,80,1600,68,116,70,5600,69,121,76,1520,70,125,88,4160,71,123,82,3440,72,125,86,1720,73,113,70,1400,74,133,80,1600,75,113,74,1480,76,120,78,1560,77,123,74,1480,78,117,72,3360,79,129,84,1680,80,116,72,1440,81,123,74,2500,82,122,78,3180,83,115,74,1480,84,122,76,1520,85,116,70,3080,86,133,78,2340,87,115,84,1680,88,131,94,1880,89,120,78,2580,90,123,78,2640,91,117,94,1880,92,120,78,1560,93,132,76,1520,94,119,86,1720,95,122,78,3600,96,126,74,1480,97,119,80,2620,98,122,66,3720,99,113,78,1560,100,124,86,1720
32,-120535,34106,1,125,74,1480,2,115,70,2300,3,114,74,1480,4,121,70,2780,5,130,70,1400,6,117,74,3400,7,125,76,1520,8,127,76,1520,9,115,78,1560,10,111,68,3220,11,117,74,3580,12,116,72,1440,13,125,74,2980,14,114,68,1360,15,116,64,2360,16,125,80,2440,17,120,70,1400,18,116,70,2300,19,117,84,1680,20,116,82,1640,21,122,84,1680,22,122,82,1640,23,124,72,5400,24,113,74,1480,25,110,64,1640,26,121,90,1800,27,123,76,3140,28,124,94,1880,29,118,60,1200,30,126,64,2180,31,116,74,1480,32,115,82,1640,33,124,70,2060,34,129,74,1480,35,119,74,2860,36,117,72,3240,37,127,70,2300,38,119,72,1440,39,123,68,1360,40,123,74,3580,41,123,72,3720,42,128,86,2620,43,117,82,1640,44,124,68,1360,45,112,84,3960,46,118,74,1480,47,124,78,1560,48,121,74,1480,49,121,84,1680,50,119,78,1560,51,116,74,3040,52,118,68,1360,53,122,72,3900,54,122,78,1560,55,130,94,1880,56,120,80,4060,57,124,64,2360,58,126,64,1940,59,126,70,1400,60,116,64,1280,61,120,72,1440,62,124,82,1640,63,124,70,2240,64,116,70,1400,65,115,74,1480,66,122,92,1840,67,124,74,1480,68,117,86,6880,69,118,68,1360,70,117,74,3400,71,114,72,3060,72,119,66,1320,73,130,80,1600,74,121,72,1440,75,129,80,1600,76,116,66,1320,77,116,66,1320,78,134,86,3580,79,117,68,1360,80,136,84,1680,81,119,70,2240,82,113,70,2660,83,122,74,1480,84,111,68,1360,85,122,78,3360,86,121,70,2060,87,123,60,1200,88,128,76,1520,89,121,62,2080,90,122,66,2220,91,128,74,1480,92,119,74,1480,93,118,72,1440,94,121,72,1440,95,110,72,3360,96,112,74,1480,97,122,62,2140,98,124,94,5000,99,119,66,1320,100,117,74,1480
33,-105230,35347,1,114,74,1480,2,125,78,2700,3,132,80,1600,4,124,90,3480,5,120,68,1360,6,121,76,3620,7,122,72,1440,8,121,70,1400,9,121,72,1440,10,121,76,3500,11,126,78,3960,12,128,82,1640,13,117,76,3140,14,121,80,1600,15,117,90,3720,16,120,66,2160,17,119,94,1880,18,122,78,2700,19,122,72,1440,20,123,70,1400,21,118,72,1440,22,117,70,1400,23,111,78,5880,24,124,78,1560,25,120,76,1880,26,125,62,1240,27,120,76,3440,28,116,76,1520,29,121,82,1640,30,125,78,2700,31,126,72,1440,32,120,62,1240,33,113,76,2300,34,113,74,1480,35,123,74,3160,36,136,82,3680,37,116,76,2540,38,121,74,1480,39,122,96,1920,40,113,76,3980,41,109,74,3880,42,116,78,2520,43,121,70,1400,44,118,86,1720,45,117,80,3640,46,125,66,1320,47,123,70,1400,48,114,68,1360,49,123,74,1480,50,126,72,1440,51,124,70,3020,52,133,102,2040,53,124,88,4820,54,115,68,1360,55,122,82,1640,56,124,76,3860,57,122,92,3760,58,118,86,2920,59,116,78,1560,60,119,80,1600,61,115,68,1360,62,114,72,1440,63,113,76,2360,64,128,82,1640,65,127,72,1440,66,119,70,1400,67,115,68,1360,68,114,76,6080,69,125,84,1680,70,118,76,3620,71,128,88,3680,72,131,88,1760,73,123,68,1360,74,112,80,1600,75,120,70,1400,76,123,90,1800,77,127,84,1680,78,125,82,3620,79,131,86,1720,80,130,72,1440,81,125,90,2880,82,122,84,3660,83,115,68,1360,84,127,80,1600,85,120,68,2920,86,123,98,2740,87,123,72,1440,88,118,62,1240,89,117,82,2720,90,114,86,2860,91,116,78,1560,92,124,64,1280,93,129,80,1600,94,116,70,1400,95,128,78,3600,96,132,86,1720,97,123,70,2360,98,121,70,3740,99,128,84,1680,100,126,74,1480
34,-111060,36583,1,126,76,1580,2,117,66,2340,3,126,74,1480,4,120,80,2920,5,117,82,1640,6,113,74,3460,7,113,76,1520,8,126,98,1960,9,111,70,1400,10,117,68,3100,11,119,70,3620,12,119,70,1400,13,123,72,2880,14,118,74,1480,15,128,68,2800,16,123,84,2700,17,127,82,1640,18,117,70,2420,19,114,74,1480,20,117,82,1640,21,129,82,1640,22,132,84,1680,23,119,72,5400,24,120,64,1280,25,120,68,1720,26,122,76,1520,27,121,70,3020,28,125,68,1360,29,108,60,1200,30,121,70,2420,31,111,72,1440,32,124,84,1680,33,119,64,1940,34,125,82,1640,35,118,66,2640,36,125,72,3240,37,119,70,2240,38,115,72,1440,39,120,84,1680,40,123,68,3340,41,122,80,4000,42,124,76,2480,43,118,94,1940,44,126,74,1480,45,120,76,3440,46,114,80,1600,47,115,80,1600,48,122,78,1560,49,116,70,1400,50,111,76,1520,51,109,82,3500,52,123,80,1600,53,120,70,3860,54,125,90,1800,55,113,72,1440,56,116,76,3800,57,115,78,3000,58,121,70,2420,59,123,64,1280,60,120,64,1280,61,119,84,1680,62,130,82,1640,63,123,78,2580,64,124,66,1320,65,115,74,1480,66,131,96,1920,67,125,90,1800,68,124,82,6560,69,118,76,1520,70,122,72,3420,71,121,74,3100,72,127,74,1480,73,121,88,1760,74,115,66,1320,75,122,96,1920,76,114,76,1520,77,125,72,1440,78,115,70,3140,79,122,74,1480,80,115,86,1720,81,114,82,2660,82,118,78,3360,83,127,92,1840,84,124,72,1440,85,120,92,3820,86,117,78,2220,87,112,70,1400,88,123,76,1520,89,120,72,2460,90,117,66,2340,91,125,62,1240,92,127,94,1880,93,127,72,1440,94,124,80,1600,95,118,76,3560,96,121,78,1560,97,116,74,2440,98,117,80,4240,99,118,76,1520,100,115,80,1600
35,-114350,37791,1,116,68,1420,2,131,90,3120,3,112,72,1440,4,116,80,3220,5,114,70,1400,6,129,90,4080,7,119,72,1440,8,116,80,1600,9,124,76,1520,10,120,90,4080,11,124,92,4780,12,120,90,1800,13,113,90,3960,14,124,64,1280,15,122,68,2500,16,126,74,2440,17,113,68,1360,18,130,82,2660,19,128,78,1560,20,125,70,1400,21,119,68,1360,22,128,76,1520,23,122,78,5820,24,118,74,1480,25,126,88,2120,26,121,62,1240,27,125,84,3300,28,118,82,1640,29,120,82,1640,30,118,86,3040,31,123,78,1560,32,114,78,1560,33,115,92,2560,34,120,72,1440,35,126,86,3340,36,116,74,3280,37,134,90,3000,38,131,72,1440,39,121,76,1520,40,117,82,4160,41,118,66,3240,42,118,68,2260,43,121,82,1700,44,111,76,1520,45,122,78,3360,46,116,66,1320,47,119,72,1440,48,113,74,1480,49,130,76,1520,50,120,76,1520,51,115,74,3220,52,117,70,1400,53,124,84,4680,54,119,68,1360,55,133,78,1560,56,119,76,3860,57,118,64,2420,58,115,78,2580,59,115,82,1640,60,123,78,1560,61,120,76,1520,62,123,68,1360,63,113,72,2400,64,121,86,1720,65,130,70,1400,66,121,88,1760,67,116,80,1600,68,113,72,5760,69,127,70,1400,70,110,74,3760,71,116,70,3020,72,106,82,1640,73,114,74,1480,74,121,82,1640,75,113,80,1600,76,119,74,1480,77,112,72,1440,78,122,86,4000,79,115,66,1320,80,124,74,1480,81,115,72,2460,82,121,74,3280,83,123,82,1640,84,112,78,1560,85,123,82,3500,86,123,66,2040,87,127,72,1440,88,118,60,1200,89,117,78,2580,90,120,82,2660,91,112,76,1520,92,121,82,1640,93,115,78,1560,94,117,64,1280,95,124,68,2920,96,117,70,1400,97,123,72,2340,98,124,68,3760,99,119,70,1400,100,125,74,1480
36,-123275,38983,1,127,86,1840,2,123,70,2480,3,127,74,1480,4,118,74,2740,5,125,84,1680,6,121,82,3740,7,124,68,1360,8,127,72,1440,9,121,68,1360,10,117,72,3360,11,116,80,4120,12,124,74,1480,13,117,76,3380,14,127,86,1720,15,124,90,3480,16,114,68,2380,17,124,86,1720,18,124,66,2220,19,126,70,1400,20,111,78,1560,21,124,82,1640,22,122,72,1440,23,116,70,5240,24,124,72,1440,25,117,72,1920,26,116,78,1560,27,119,70,2780,28,124,74,1480,29,117,72,1440,30,123,74,2560,31,123,64,1280,32,122,72,1440,33,114,80,2260,34,124,74,1480,35,120,76,2780,36,123,76,3380,37,127,80,2800,38,116,70,1400,39,120,66,1320,40,122,72,3600,41,125,82,3980,42,124,86,2740,43,116,64,1400,44,125,72,1440,45,115,72,3240,46,118,94,1880,47,125,74,1480,48,128,82,1640,49,123,80,1600,50,123,66,1320,51,118,78,3420,52,127,84,1680,53,125,74,3820,54,121,96,1920,55,124,78,1560,56,123,72,3720,57,125,88,3440,58,123,72,2460,59,115,68,1360,60,117,62,1240,61,118,66,1320,62,122,88,1760,63,129,80,2620,64,120,76,1520,65,117,74,1480,66,118,72,1440,67,120,68,1360,68,120,86,6880,69,110,76,1520,70,120,76,3620,71,128,78,2940,72,112,62,1240,73,129,74,1480,74,117,72,1440,75,116,68,1360,76,127,70,1400,77,121,78,1560,78,119,74,3400,79,125,80,1600,80,114,70,1400,81,122,74,2440,82,117,70,3080,83,110,72,1440,84,119,70,1400,85,126,74,3160,86,116,88,2420,87,115,74,1480,88,125,72,1440,89,121,72,2400,90,120,70,2300,91,121,62,1240,92,118,70,1400,93,120,66,1320,94,126,80,1600,95,115,80,3460,96,118,78,1560,97,116,82,2660,98,118,88,4700,99,119,90,1800,100,113,72,1440
37,-115450,40217,1,122,76,1760,2,115,76,2720,3,115,78,1560,4,125,68,2500,5,121,68,1360,6,116,72,3360,7,114,86,1720,8,113,74,1480,9,112,76,1520,10,133,80,3640,11,120,74,3760,12,115,66,1320,13,116,70,2900,14,120,76,1520,15,123,74,2920,16,123,82,2720,17,118,76,1520,18,121,86,2860,19,112,74,1480,20,113,64,1280,21,118,68,1360,22,112,70,1520,23,129,76,5660,24,109,76,1520,25,131,78,1920,26,124,64,1280,27,125,90,3300,28,117,72,1440,29,136,76,1520,30,115,72,2640,31,120,82,1640,32,117,74,1480,33,118,68,1960,34,114,72,1440,35,114,68,2500,36,115,72,3360,37,123,70,2480,38,125,76,1520,39,122,84,1680,40,120,74,3700,41,115,68,3160,42,114,70,2300,43,128,88,2000,44,116,70,1400,45,125,80,3400,46,117,76,1520,47,117,70,1400,48,127,72,1440,49,117,70,1400,50,119,84,1680,51,123,72,3180,52,120,68,1360,53,114,76,4220,54,123,80,1600,55,117,66,1320,56,109,86,4180,57,122,74,2920,58,113,72,2700,59,131,84,1680,60,129,72,1440,61,126,90,1800,62,114,74,1480,63,118,72,2520,64,123,64,1280,65,125,70,1400,66,131,74,1480,67,130,86,1720,68,119,80,6400,69,119,76,1520,70,122,74,3400,71,120,68,2740,72,114,88,1760,73,116,72,1440,74,140,80,1600,75,125,84,1680,76,112,76,1520,77,108,68,1360,78,113,76,3560,79,118,74,1480,80,129,82,1640,81,115,72,2700,82,126,88,3800,83,125,90,1800,84,127,92,1840,85,117,70,2900,86,118,76,2120,87,123,72,1440,88,108,64,1280,89,121,78,2820,90,122,94,3020,91,114,72,1440,92,128,88,1760,93,120,78,1560,94,114,72,1440,95,121,68,2800,96,121,74,1480,97,121,70,2300,98,123,74,3880,99,125,76,1520,100,130,76,1520
38,-116040,41415,1,116,70,1520,2,121,68,2560,3,122,66,1320,4,118,84,3000,5,126,86,1720,6,128,86,3820,7,115,68,1360,8,128,88,1760,9,121,72,1440,10,122,70,3320,11,115,74,3820,12,123,82,1640,13,122,84,3420,14,122,68,1360,15,112,62,2500,16,122,70,2360,17,126,70,1400,18,114,70,2360,19,128,78,1560,20,121,80,1600,21,124,94,1880,22,123,80,1720,23,118,72,5340,24,126,88,1760,25,120,74,1840,26,120,76,1520,27,120,80,3220,28,127,72,1440,29,122,68,1360,30,125,78,2760,31,123,66,1320,32,122,70,1400,33,123,88,2600,34,127,76,1520,35,118,78,2880,36,129,82,3560,37,119,78,2760,38,116,68,1360,39,119,68,1360,40,116,74,3820,41,127,88,3740,42,123,84,3180,43,124,68,1480,44,127,80,1600,45,123,76,3320,46,120,72,1440,47,122,86,1720,48,117,86,1720,49,127,96,1920,50,128,78,1560,51,116,78,3360,52,122,90,1800,53,122,74,4060,54,119,66,1320,55,119,76,1520,56,113,76,3860,57,121,68,2620,58,119,78,2520,59,125,78,1560,60,119,70,1400,61,123,74,1480,62,132,76,1520,63,129,76,2480,64,119,74,1480,65,111,76,1520,66,112,80,1600,67,119,72,1440,68,119,74,5920,69,119,68,1360,70,114,72,3540,71,120,90,3300,72,118,64,1280,73,137,74,1480,74,124,88,1760,75,119,64,1280,76,119,74,1480,77,124,76,1520,78,120,74,3400,79,124,72,1440,80,124,78,1560,81,127,78,2700,82,121,70,2960,83,118,80,1600,84,124,88,1760,85,130,78,3360,86,120,72,2280,87,111,72,1440,88,117,84,1680,89,117,76,2660,90,116,76,2480,91,135,82,1640,92,120,76,1520,93,124,72,1440,94,125,74,1480,95,108,76,3140,96,118,74,1480,97,121,94,3380,98,115,66,3480,99,121,72,1440,100,120,74,1480
39,-118695,42641,1,138,88,2180,2,120,78,2700,3,111,80,1600,4,123,80,2740,5,120,70,1400,6,122,76,3320,7,124,88,1760,8,118,70,1400,9,115,70,1400,10,121,86,4120,11,124,72,3360,12,113,76,1520,13,113,66,2640,14,129,82,1640,15,127,86,3460,16,123,84,2700,17,117,80,1600,18,128,72,2520,19,117,64,1280,20,113,66,1320,21,116,68,1360,22,119,74,1480,23,127,72,5160,24,124,74,1480,25,121,68,1840,26,119,68,1360,27,119,72,2880,28,112,72,1440,29,113,80,1600,30,116,70,2540,31,118,80,1600,32,118,84,1680,33,116,80,2320,34,120,72,1440,35,125,66,2460,36,118,74,3280,37,117,68,2260,38,126,96,1920,39,123,82,1640,40,133,80,4060,41,120,72,3180,42,118,74,2800,43,124,82,2060,44,123,78,1560,45,116,76,3320,46,122,72,1440,47,120,70,1400,48,120,68,1360,49,126,82,1640,50,120,66,1320,51,122,68,2980,52,115,74,1480,53,105,74,4300,54,125,72,1440,55,122,68,1360,56,119,80,4060,57,112,92,3580,58,127,62,2260,59,118,66,1320,60,133,82,1640,61,117,70,1400,62,124,80,1600,63,115,76,2540,64,119,60,1200,65,123,68,1360,66,117,68,1360,67,122,74,1480,68,118,78,6240,69,130,102,2040,70,127,72,3240,71,120,84,3120,72,123,88,1760,73,121,72,1440,74,121,74,1480,75,124,88,1760,76,122,68,1360,77,121,64,1280,78,117,78,3960,79,112,84,1680,80,119,72,1440,81,121,72,2520,82,117,82,3260,83,120,62,1240,84,115,68,1360,85,120,72,3060,86,123,76,2240,87,124,76,1520,88,117,72,1440,89,121,70,2480,90,121,64,2360,91,125,68,1360,92,122,72,1440,93,109,78,1560,94,113,68,1360,95,120,76,2780,96,120,66,1320,97,117,76,2840,98,123,80,3880,99,120,72,1440,100,122,68,1360
40,-122265,43849,1,131,72,1680,2,116,74,2740,3,123,68,1360,4,119,74,2740,5,127,88,1760,6,118,72,3180,7,116,74,1480,8,126,84,1680,9,129,82,1640,10,116,78,3540,11,116,86,4000,12,121,68,1360,13,121,90,3480,14,126,72,1440,15,123,70,3020,16,121,68,2320,17,124,70,1400,18,119,72,2700,19,127,76,1520,20,125,90,1800,21,126,94,1880,22,120,66,1380,23,117,74,5440,24,115,70,1400,25,120,80,2320,26,127,92,1840,27,126,68,2740,28,126,78,1560,29,114,62,1240,30,122,74,2740,31,128,72,1440,32,124,74,1480,33,122,70,2000,34,117,74,1480,35,121,82,2900,36,127,78,3540,37,126,82,2720,38,118,86,1720,39,118,68,1360,40,121,76,3920,41,120,78,3660,42,123,70,2720,43,120,70,1640,44,114,74,1480,45,116,72,3180,46,108,72,1440,47,121,86,1720,48,117,84,1680,49,118,70,1400,50,122,76,1520,51,115,84,3540,52,121,70,1400,53,119,72,4140,54,109,76,1520,55,119,88,1760,56,123,76,3800,57,115,68,2980,58,123,72,2460,59,124,84,1680,60,126,70,1400,61,125,80,1600,62,119,70,1400,63,119,72,2400,64,132,82,1640,65,119,82,1640,66,129,82,1640,67,112,72,1440,68,121,72,5760,69,125,86,1720,70,119,72,3180,71,120,80,2920,72,119,76,1520,73,119,76,1520,74,117,66,1320,75,115,74,1480,76,118,82,1640,77,124,80,1600,78,125,72,3420,79,121,68,1360,80,125,74,1480,81,118,80,2980,82,122,76,3140,83,126,78,1560,84,116,78,1560,85,126,76,3200,86,119,66,1920,87,125,64,1280,88,134,70,1400,89,116,84,3060,90,114,80,2860,91,119,76,1520,92,112,78,1560,93,118,66,1320,94,129,82,1640,95,124,70,2780,96,120,90,1800,97,120,72,2760,98,119,74,3640,99,116,72,1440,100,121,78,1560
41,-117650,45052,1,115,82,2060,2,124,78,3000,3,117,90,1800,4,124,68,2380,5,122,70,1400,6,127,82,3620,7,124,74,1480,8,120,74,1480,9,120,74,1480,10,122,78,3600,11,122,68,3160,12,118,86,1720,13,114,74,2680,14,111,74,1480,15,117,88,4220,16,120,92,3040,17,120,82,1640,18,120,72,2580,19,117,62,1240,20,120,76,1520,21,113,80,1600,22,129,88,1820,23,125,76,5660,24,130,78,1560,25,118,68,1840,26,123,78,1560,27,109,84,3360,28,116,68,1360,29,124,78,1560,30,111,72,2880,31,118,70,1400,32,115,68,1360,33,112,78,2220,34,126,70,1400,35,117,66,2340,36,119,72,3180,37,120,68,2260,38,122,68,1360,39,123,82,1640,40,118,72,3720,41,127,72,3300,42,116,88,3320,43,125,90,2220,44,128,76,1520,45,127,82,3740,46,118,80,1600,47,122,68,1360,48,124,74,1480,49,129,94,1880,50,122,74,1480,51,126,74,3160,52,119,92,1840,53,121,76,4460,54,122,78,1560,55,129,76,1520,56,120,76,3800,57,122,96,4380,58,117,70,2420,59,115,76,1520,60,115,74,1480,61,121,68,1360,62,130,82,1640,63,123,78,2760,64,124,70,1400,65,131,68,1360,66,119,66,1320,67,124,84,1680,68,106,82,6560,69,117,76,1520,70,121,78,3540,71,126,82,3260,72,128,66,1320,73,119,70,1400,74,120,88,1760,75,129,68,1360,76,122,72,1440,77,121,68,1360,78,113,80,3640,79,120,96,1920,80,118,74,1480,81,120,70,2660,82,120,70,3020,83,120,68,1360,84,121,72,1440,85,120,70,2900,86,126,80,2260,87,120,78,1560,88,124,74,1480,89,117,70,2660,90,121,74,2620,91,124,66,1320,92,117,64,1280,93,128,84,1680,94,122,70,1400,95,110,72,2820,96,117,76,1520,97,125,74,3040,98,128,76,4040,99,128,78,1560,100,116,72,1440
42,-118585,46211,1,120,72,1680,2,115,72,2880,3,119,82,1640,4,123,92,3160,5,112,76,1520,6,119,72,3180,7,119,72,1440,8,119,74,1480,9,118,70,1400,10,117,70,3260,11,120,88,4640,12,120,72,1440,13,125,92,3880,14,127,80,1600,15,116,76,3620,16,123,80,2680,17,123,72,1440,18,125,80,3040,19,122,80,1600,20,116,66,1320,21,116,76,1520,22,124,74,1480,23,115,70,5180,24,122,66,1320,25,125,86,2320,26,122,66,1320,27,115,70,2900,28,130,78,1560,29,120,64,1400,30,122,80,3040,31,125,82,1640,32,127,90,1800,33,113,72,2100,34,118,78,1560,35,121,80,2920,36,130,78,3540,37,119,86,2800,38,119,92,1840,39,119,76,1520,40,126,82,4220,41,118,74,3460,42,118,72,2760,43,121,72,1680,44,117,78,1560,45,118,70,3080,46,119,68,1360,47,118,86,1720,48,112,72,1440,49,125,74,1480,50,118,66,1320,51,117,80,3160,52,124,78,1560,53,117,72,4020,54,114,70,1400,55,115,70,1400,56,120,78,3960,57,122,88,3860,58,123,88,3080,59,114,62,1240,60,123,72,1440,61,126,92,1840,62,128,68,1360,63,115,72,2520,64,110,80,1600,65,120,70,1400,66,131,80,1600,67,117,78,1560,68,116,74,5920,69,125,76,1520,70,120,70,3140,71,119,78,3060,72,126,90,1800,73,117,78,1560,74,126,76,1520,75,116,78,1560,76,112,74,1480,77,117,84,1680,78,119,74,3340,79,118,78,1560,80,123,66,1320,81,116,90,3240,82,119,86,3880,83,115,84,1680,84,115,70,1400,85,123,98,4000,86,119,66,1980,87,121,70,1400,88,117,68,1360,89,122,80,3040,90,113,76,2840,91,120,70,1400,92,126,82,1640,93,122,72,1440,94,117,88,1760,95,120,72,2820,96,119,66,1320,97,114,70,2720,98,119,74,4120,99,122,72,1440,100,130,80,1600
43,-117990,47411,1,116,72,1740,2,127,78,2880,3,123,74,1480,4,118,72,2520,5,122,70,1400,6,119,84,4140,7,126,72,1440,8,122,70,1400,9,134,82,1640,10,127,88,3980,11,120,76,4040,12,117,76,1520,13,123,86,3520,14,123,64,1280,15,119,72,3300,16,116,74,2560,17,113,74,1480,18,118,70,2660,19,116,70,1400,20,121,82,1640,21,122,72,1440,22,112,68,1420,23,124,84,6240,24,117,88,1760,25,119,76,2060,26,121,84,1680,27,129,80,3280,28,121,72,1440,29,121,88,1940,30,113,68,2680,31,122,72,1440,32,124,72,1440,33,128,78,2280,34,119,70,1400,35,123,68,2440,36,121,74,3580,37,123,76,2240,38,117,72,1440,39,120,66,1320,40,121,72,3540,41,123,70,3380,42,120,82,3200,43,114,76,1820,44,126,72,1440,45,127,84,3600,46,126,92,1840,47,122,72,1440,48,128,68,1360,49,113,72,1440,50,120,84,1680,51,123,74,3040,52,113,70,1400,53,129,84,4680,54,127,80,1600,55,126,80,1600,56,118,80,4120,57,114,78,3420,58,117,76,2600,59,125,86,1720,60,107,70,1400,61,117,70,1400,62,115,70,1400,63,122,78,2640,64,113,66,1320,65,124,98,1960,66,128,66,1320,67,120,72,1440,68,121,82,6560,69,117,70,1400,70,126,98,4420,71,118,78,3180,72,122,68,1360,73,126,66,1320,74,121,74,1480,75,121,70,1400,76,128,82,1640,77,120,70,1400,78,122,78,3780,79,120,72,1440,80,121,78,1560,81,118,72,2520,82,120,74,3280,83,117,70,1400,84,128,74,1480,85,120,86,3640,86,119,82,2360,87,119,94,1880,88,123,88,1760,89,115,66,2400,90,122,68,2440,91,124,90,1800,92,120,74,1480,93,104,62,1240,94,123,76,1520,95,118,74,2920,96,123,86,1720,97,127,78,3120,98,122,70,3920,99,106,76,1520,100,123,70,1400
44,-118655,48594,1,129,86,2020,2,119,70,2600,3,117,70,1400,4,126,82,2840,5,116,82,1640,6,123,72,3540,7,111,82,1640,8,120,90,1800,9,134,68,1360,10,121,74,3160,11,119,68,3460,12,122,68,1360,13,118,74,2980,14,118,84,1680,15,121,72,3180,16,122,68,2500,17,126,84,1680,18,132,82,3320,19,124,76,1520,20,115,62,1240,21,111,70,1400,22,123,74,1540,23,116,72,5340,24,121,78,1560,25,128,66,1860,26,118,66,1320,27,125,72,3000,28,112,70,1400,29,114,68,1480,30,126,76,2720,31,110,70,1400,32,114,80,1600,33,123,66,2040,34,125,88,1760,35,120,80,2800,36,120,66,3060,37,119,64,1880,38,128,76,1520,39,122,84,1680,40,121,72,3300,41,116,82,3920,42,117,72,2580,43,117,68,1660,44,116,76,1520,45,123,76,3320,46,119,76,1520,47,112,64,1280,48,119,76,1520,49,129,76,1520,50,120,78,1560,51,120,74,3100,52,128,76,1520,53,125,76,4340,54,117,68,1360,55,122,66,1320,56,126,72,3600,57,122,72,3180,58,123,64,2360,59,122,60,1200,60,120,82,1640,61,130,82,1640,62,128,78,1560,63,119,74,2620,64,114,98,1960,65,119,78,1560,66,124,78,1560,67,119,72,1440,68,125,70,5600,69,131,84,1680,70,120,82,3740,71,123,72,2940,72,120,84,1680,73,125,84,1680,74,121,64,1280,75,117,94,1880,76,119,70,1400,77,127,86,1720,78,121,70,3080,79,117,72,1440,80,121,68,1360,81,127,82,3020,82,118,66,3000,83,128,86,1720,84,114,78,1560,85,126,78,3300,86,123,76,2240,87,119,82,1640,88,119,72,1440,89,119,86,3100,90,118,90,3360,91,123,72,1440,92,115,72,1440,93,106,74,1480,94,112,68,1360,95,126,76,3260,96,120,64,1280,97,120,70,2540,98,117,70,3440,99,124,84,1680,100,115,80,1600
45,-113235,49788,1,119,78,1860,2,127,86,3040,3,129,86,1720,4,120,72,2580,5,121,70,1400,6,116,66,2940,7,118,74,1480,8,122,78,1560,9,120,72,1440,10,120,80,3940,11,124,92,4300,12,113,84,1680,13,121,74,3100,14,124,72,1440,15,119,88,4220,16,118,72,2700,17,116,72,1440,18,123,70,2840,19,120,66,1320,20,126,78,1560,21,125,80,1600,22,120,66,1380,23,125,88,6560,24,115,76,1520,25,122,84,2220,26,127,78,1560,27,113,88,4040,28,123,80,1600,29,121,88,1940,30,118,70,2720,31,124,74,1480,32,120,66,1320,33,117,82,2720,34,122,78,1560,35,122,70,2540,36,129,88,4340,37,125,80,2380,38,118,66,1320,39,110,70,1400,40,115,70,3380,41,126,72,3300,42,134,82,2960,43,125,86,2020,44,124,70,1400,45,118,74,3520,46,120,72,1440,47,117,72,1440,48,116,64,1280,49,116,66,1320,50,115,72,1440,51,122,70,3140,52,119,70,1400,53,118,72,4080,54,131,82,1640,55,120,80,1600,56,110,78,3900,57,108,90,4260,58,120,80,3040,59,115,72,1440,60,116,70,1400,61,119,66,1320,62,127,68,1360,63,122,72,2700,64,116,80,1600,65,120,70,1400,66,115,68,1360,67,120,74,1480,68,113,82,6560,69,123,76,1520,70,120,72,3060,71,115,88,3980,72,126,74,1480,73,115,64,1280,74,118,80,1600,75,120,80,1600,76,127,88,1760,77,123,68,1360,78,121,100,4340,79,136,88,1760,80,119,94,1880,81,122,74,2560,82,115,92,4120,83,124,76,1520,84,112,70,1400,85,120,74,3220,86,119,76,2600,87,121,72,1440,88,125,76,1520,89,119,74,2560,90,129,74,2740,91,110,76,1520,92,122,80,1600,93,122,72,1440,94,124,86,1720,95,114,66,2640,96,128,84,1680,97,126,82,2960,98,137,86,4240,99,119,78,1560,100,119,74,1480
46,-125510,50989,1,121,74,1780,2,116,74,2620,3,125,72,1440,4,121,88,3500,5,119,88,1760,6,125,86,3640,7,125,62,1240,8,116,68,1360,9,118,74,1480,10,126,74,3460,11,119,68,3280,12,115,72,1440,13,116,68,2680,14,117,68,1360,15,117,70,3200,16,123,82,3140,17,131,78,1560,18,121,82,3260,19,122,82,1640,20,116,66,1320,21,121,70,1400,22,122,84,1740,23,122,74,5500,24,121,64,1280,25,116,62,1720,26,120,68,1360,27,116,74,3160,28,115,74,1480,29,116,68,1540,30,130,84,2820,31,115,68,1360,32,118,86,1720,33,119,74,2380,34,119,72,1440,35,119,86,3460,36,118,78,3660,37,116,66,1920,38,120,74,1480,39,123,82,1640,40,120,76,3680,41,114,82,3680,42,131,76,2720,43,119,76,1820,44,114,78,1560,45,121,74,3460,46,121,78,1560,47,131,74,1480,48,125,72,1440,49,121,78,1560,50,127,82,1640,51,121,84,3600,52,118,88,1760,53,122,80,4600,54,128,72,1440,55,120,66,1320,56,116,68,3520,57,113,74,3280,58,117,74,2800,59,129,76,1520,60,134,78,1560,61,121,76,1520,62,118,74,1480,63,116,78,3060,64,123,76,1520,65,124,84,1680,66,128,92,1840,67,113,66,1320,68,119,74,5920,69,114,72,1440,70,116,80,3520,71,123,78,3180,72,115,72,1440,73,134,82,1640,74,123,68,1360,75,121,74,1480,76,124,76,1520,77,114,86,1720,78,113,84,3660,79,125,74,1480,80,131,82,1640,81,117,68,2440,82,120,80,3520,83,115,72,1440,84,134,84,1680,85,122,68,2860,86,119,74,2380,87,117,72,1440,88,119,74,1480,89,123,66,2400,90,117,74,2920,91,124,74,1480,92,118,68,1360,93,104,68,1360,94,124,76,1520,95,127,84,3240,96,126,66,1320,97,124,72,2640,98,125,72,3480,99,122,72,1440,100,123,68,1360
47,-107040,52281,1,115,68,1660,2,127,70,2420,3,114,74,1480,4,119,78,3060,5,123,76,1520,6,124,72,2880,7,121,88,1760,8,121,96,1920,9,120,64,1280,10,118,66,2940,11,122,86,4240,12,132,88,1760,13,124,86,3460,14,129,84,1680,15,127,92,4000,16,118,68,2620,17,125,68,1360,18,113,76,2960,19,125,72,1440,20,119,80,1600,21,118,98,1960,22,114,70,1400,23,114,70,5180,24,124,88,1760,25,129,80,2200,26,118,88,1760,27,122,76,3140,28,127,76,1520,29,126,86,1840,30,125,72,2460,31,122,88,1760,32,121,72,1440,33,124,68,2260,34,133,78,1560,35,126,72,2940,36,122,72,3420,37,124,80,2440,38,117,68,1360,39,114,74,1480,40,123,72,3720,41,121,74,3340,42,116,82,2960,43,119,72,1740,44,120,66,1320,45,113,74,3400,46,119,54,1080,47,122,78,1560,48,112,64,1280,49,116,68,1360,50,117,70,1400,51,118,72,3120,52,125,78,1560,53,118,70,3980,54,114,70,1400,55,121,90,1800,56,128,92,4660,57,123,88,3920,58,128,72,2640,59,119,66,1320,60,123,76,1520,61,116,66,1320,62,123,66,1320,63,123,70,2660,64,117,68,1360,65,119,72,1440,66,123,70,1400,67,127,90,1800,68,132,78,6240,69,128,80,1600,70,120,68,2800,71,116,74,3100,72,131,74,1480,73,131,68,1360,74,119,92,1840,75,121,66,1320,76,123,66,1320,77,124,72,1440,78,117,70,3020,79,120,70,1400,80,130,70,1400,81,119,96,3300,82,118,72,3420,83,134,82,1640,84,122,58,1160,85,119,86,3460,86,123,72,2340,87,131,78,1560,88,124,70,1400,89,116,82,3020,90,119,70,2720,91,114,70,1400,92,126,82,1640,93,119,66,1320,94,115,70,1400,95,121,68,2620,96,120,92,1840,97,121,74,2800,98,110,76,3620,99,115,76,1520,100,117,82,1640
48,-119860,53493,1,125,88,2120,2,114,72,2400,3,125,74,1480,4,122,72,2760,5,113,70,1400,6,114,74,3160,7,119,76,1520,8,113,74,1480,9,121,90,1800,10,121,82,3560,11,117,68,3280,12,123,68,1360,13,121,68,2440,14,122,74,1480,15,118,74,3100,16,126,74,2980,17,117,86,1720,18,124,76,3020,19,115,76,1520,20,122,72,1440,21,121,80,1600,22,125,68,1360,23,123,78,5760,24,113,68,1360,25,123,72,2040,26,127,84,1680,27,120,72,3060,28,119,70,1400,29,120,76,1640,30,120,74,2440,31,118,82,1640,32,112,74,1480,33,117,78,2640,34,123,74,1480,35,112,72,2760,36,115,76,3680,37,123,70,2120,38,119,88,1760,39,127,78,1560,40,116,76,4100,41,122,80,3940,42,123,68,2380,43,123,74,1840,44,124,76,1520,45,128,82,3560,46,126,68,1360,47,116,66,1320,48,115,72,1440,49,123,90,1800,50,135,92,1840,51,127,80,3520,52,118,76,1520,53,126,92,5260,54,124,82,1640,55,117,70,1400,56,116,70,3560,57,121,76,3140,58,118,76,2840,59,132,78,1560,60,117,66,1320,61,126,88,1760,62,116,74,1480,63,112,86,3220,64,125,86,1720,65,125,76,1520,66,114,76,1520,67,122,80,1600,68,118,80,6400,69,124,76,1520,70,117,88,3440,71,121,74,3100,72,118,72,1440,73,120,72,1440,74,126,86,1720,75,122,92,1840,76,112,72,1440,77,109,72,1440,78,126,80,3520,79,117,82,1640,80,117,80,1600,81,123,82,2720,82,130,82,3800,83,124,74,1480,84,120,74,1480,85,126,74,3160,86,119,82,2720,87,117,70,1400,88,114,82,1640,89,109,64,2360,90,124,82,3020,91,123,76,1520,92,115,72,1440,93,132,82,1640,94,127,84,1680,95,115,82,3380,96,120,76,1520,97,112,64,2300,98,121,80,3880,99,123,66,1320,100,121,68,1360
49,-124810,54682,1,116,78,1800,2,126,78,2520,3,116,72,1440,4,114,80,3280,5,132,86,1720,6,121,70,2720,7,122,68,1360,8,135,88,1760,9,122,72,1440,10,120,68,2920,11,116,80,3880,12,120,86,1720,13,125,84,3000,14,112,64,1280,15,130,72,2940,16,114,74,2860,17,129,72,1440,18,118,76,2900,19,122,68,1360,20,114,80,1600,21,120,68,1360,22,120,88,1820,23,117,82,6020,24,126,80,1600,25,113,74,2260,26,123,72,1440,27,121,76,3380,28,129,84,1680,29,121,66,1380,30,115,68,2320,31,121,68,1360,32,121,74,1480,33,123,68,2140,34,110,74,1480,35,127,78,3240,36,116,72,3540,37,120,94,2720,38,123,76,1520,39,119,64,1280,40,123,66,3540,41,122,72,3600,42,124,88,3080,43,118,70,1640,44,117,68,1360,45,122,78,3420,46,120,86,1720,47,114,86,1720,48,128,72,1440,49,124,72,1440,50,125,72,1440,51,121,72,3180,52,124,72,1440,53,122,74,4360,54,120,60,1200,55,130,86,1720,56,130,86,4300,57,118,70,2900,58,119,66,2280,59,116,64,1280,60,125,90,1800,61,112,74,1480,62,124,72,1440,63,114,76,2900,64,120,70,1400,65,122,74,1480,66,125,70,1400,67,116,70,1400,68,122,76,6080,69,118,66,1320,70,118,68,2680,71,120,74,3280,72,128,66,1320,73,128,76,1520,74,123,76,1520,75,120,76,1520,76,129,80,1600,77,123,72,1440,78,119,72,3000,79,117,66,1320,80,118,68,1360,81,112,82,2840,82,122,70,3320,83,118,72,1440,84,119,68,1360,85,117,74,3100,86,118,70,2180,87,131,78,1560,88,118,66,1320,89,120,72,2640,90,119,74,2800,91,120,70,1400,92,126,82,1640,93,124,64,1280,94,119,74,1480,95,117,68,2740,96,118,74,1480,97,115,82,2960,98,116,72,3540,99,121,84,1680,100,121,92,1840
50,-108470,55953,1,119,78,1800,2,118,74,2500,3,130,80,1600,4,118,76,3080,5,121,68,1360,6,121,82,3020,7,126,90,1800,8,129,76,1520,9,109,76,1520,10,117,80,3520,11,118,64,3140,12,117,74,1480,13,121,70,2420,14,115,82,1640,15,114,74,3160,16,122,80,2860,17,114,70,1400,18,125,70,2780,19,120,82,1640,20,122,66,1320,21,116,86,1720,22,119,76,1520,23,120,66,4920,24,118,64,1280,25,130,84,2760,26,110,72,1440,27,116,74,3160,28,119,76,1520,29,125,78,1740,30,125,76,2540,31,123,94,1880,32,118,62,1240,33,118,80,2380,34,131,90,1800,35,123,70,2960,36,123,74,3340,37,124,82,2360,38,117,66,1320,39,131,84,1680,40,119,80,4120,41,108,82,4700,42,121,78,2640,43,122,84,1920,44,131,84,1680,45,119,70,3200,46,129,68,1360,47,120,70,1400,48,118,76,1520,49,106,72,1440,50,112,68,1360,51,118,72,3300,52,108,80,1600,53,118,80,4720,54,125,88,1760,55,127,66,1320,56,123,74,3700,57,130,88,3440,58,129,74,2560,59,118,82,1640,60,122,76,1520,61,131,84,1680,62,111,68,1360,63,117,74,2740,64,122,90,1800,65,116,70,1400,66,111,74,1480,67,124,80,1600,68,119,76,6080,69,126,82,1640,70,123,88,3140,71,126,72,3120,72,119,80,1600,73,122,70,1400,74,115,70,1400,75,116,64,1280,76,114,64,1280,77,109,80,1600,78,130,80,3520,79,125,90,1800,80,129,86,1720,81,118,78,2700,82,117,84,3600,83,129,84,1680,84,122,80,1600,85,120,78,3600,86,126,86,2500,87,124,68,1360,88,131,90,1800,89,122,72,2580,90,118,66,2520,91,122,86,1720,92,120,72,1440,93,124,84,1680,94,122,72,1440,95,129,92,3820,96,121,68,1360,97,116,68,2440,98,126,84,4260,99,118,74,1480,100,113,74,1480
51,-123745,57170,1,126,72,1680,2,123,68,2440,3,121,66,1320,4,127,74,3100,5,116,86,1720,6,120,76,2780,7,119,84,1680,8,119,70,1400,9,124,76,1520,10,123,68,3040,11,122,78,3780,12,124,72,1440,13,120,88,3140,14,120,68,1360,15,127,72,3000,16,114,72,2700,17,126,78,1560,18,116,76,3140,19,114,72,1440,20,120,84,1680,21,121,74,1480,22,119,72,1440,23,119,76,5540,24,126,86,1720,25,124,76,2480,26,121,76,1520,27,129,80,3700,28,126,68,1360,29,119,72,1620,30,117,66,2400,31,117,78,1560,32,129,78,1560,33,121,62,1900,34,122,78,1560,35,114,78,3180,36,112,74,3340,37,120,74,2140,38,129,74,1480,39,123,76,1520,40,115,68,3520,41,116,66,3600,42,121,74,2620,43,112,74,1720,44,125,74,1480,45,126,92,4120,46,114,72,1440,47,125,90,1800,48,120,74,1480,49,127,80,1600,50,125,74,1480,51,128,78,3540,52,113,70,1400,53,125,76,4340,54,117,62,1240,55,128,84,1680,56,115,72,3840,57,122,80,3160,58,112,80,2380,59,125,72,1440,60,120,66,1320,61,122,74,1480,62,123,76,1520,63,120,72,2700,64,119,76,1520,65,131,80,1600,66,129,86,1720,67,117,72,1440,68,116,84,6720,69,115,74,1480,70,118,72,2700,71,110,82,3740,72,123,70,1400,73,112,80,1600,74,125,84,1680,75,137,82,1640,76,122,90,1800,77,114,70,1400,78,123,76,3200,79,122,70,1400,80,122,76,1520,81,123,74,2680,82,124,70,3020,83,117,78,1560,84,117,72,1440,85,122,74,3520,86,120,78,2220,87,123,92,1840,88,127,80,1600,89,117,78,2760,90,125,90,3240,91,115,78,1560,92,122,76,1520,93,118,74,1480,94,107,72,1440,95,124,70,2720,96,118,84,1680,97,120,80,2740,98,119,78,3900,99,116,70,1400,100,125,88,1760
52,-123115,58338,1,113,78,1860,2,120,88,3020,3,121,82,1640,4,116,82,3020,5,120,80,1600,6,116,68,2620,7,126,76,1520,8,120,92,1840,9,119,70,1400,10,122,86,4120,11,112,64,3020,12,113,78,1560,13,118,66,2280,14,129,92,1840,15,114,74,2980,16,124,76,2900,17,113,70,1400,18,125,72,2880,19,122,74,1480,20,123,72,1440,21,116,66,1320,22,125,74,1480,23,118,76,5660,24,119,68,1360,25,113,76,2660,26,117,70,1400,27,122,78,3540,28,122,80,1600,29,125,72,1620,30,125,76,2780,31,121,72,1440,32,119,68,1360,33,118,80,2440,34,113,76,1520,35,117,68,2740,36,128,82,3560,37,120,74,2500,38,116,68,1360,39,116,64,1280,40,132,94,4400,41,129,84,4620,42,118,68,2560,43,125,74,1780,44,115,72,1440,45,122,76,3440,46,137,82,1640,47,121,66,1320,48,115,70,1400,49,123,68,1360,50,113,68,1360,51,122,68,3160,52,125,82,1640,53,115,76,4400,54,125,72,1440,55,118,70,1400,56,121,76,3800,57,123,70,2900,58,118,68,2140,59,112,78,1560,60,130,90,1800,61,114,68,1360,62,121,64,1280,63,111,76,2900,64,122,66,1320,65,121,74,1480,66,125,72,1440,67,128,80,1600,68,123,70,5600,69,127,72,1440,70,127,78,2820,71,115,70,3380,72,118,84,1680,73,116,72,1440,74,116,74,1480,75,130,72,1440,76,118,80,1600,77,130,80,1600,78,114,82,4040,79,123,96,1920,80,119,70,1400,81,120,70,2480,82,117,80,3160,83,121,70,1400,84,133,76,1520,85,123,70,3320,86,125,72,2280,87,121,76,1520,88,122,66,1320,89,117,70,2480,90,120,76,2780,91,117,62,1240,92,112,64,1280,93,122,68,1360,94,124,82,1640,95,119,80,3400,96,118,70,1400,97,119,74,2680,98,114,70,3440,99,131,88,1760,100,121,74,1480
53,-109735,59559,1,119,72,1680,2,124,72,2400,3,116,68,1360,4,120,70,2600,5,119,74,1480,6,130,90,3180,7,119,76,1520,8,119,68,1360,9,127,86,1720,10,113,68,3160,11,117,82,3920,12,112,70,1400,13,120,88,3020,14,128,64,1280,15,126,78,3180,16,114,76,3200,17,128,78,1560,18,115,72,2760,19,118,70,1400,20,111,76,1520,21,129,86,1720,22,118,74,1480,23,119,64,4820,24,127,84,1680,25,117,68,2260,26,128,78,1560,27,112,80,3820,28,117,60,1200,29,107,76,1700,30,122,66,2280,31,114,74,1480,32,127,90,1800,33,118,70,2120,34,120,72,1440,35,121,74,2680,36,123,78,3420,37,123,66,2160,38,129,90,1800,39,123,90,1800,40,125,72,3540,41,121,74,4060,42,123,88,3200,43,121,72,1680,44,129,82,1640,45,121,74,3520,46,131,64,1280,47,118,88,1760,48,125,76,1520,49,119,84,1680,50,128,76,1520,51,122,76,3440,52,116,72,1440,53,119,66,3600,54,112,84,1680,55,121,78,1560,56,117,68,3340,57,117,76,3140,58,124,82,2480,59,116,68,1360,60,125,72,1440,61,130,82,1640,62,117,82,1640,63,126,82,3320,64,125,78,1560,65,113,68,1360,66,109,76,1520,67,119,70,1400,68,119,88,7040,69,108,84,1680,70,116,64,2660,71,128,86,3940,72,126,66,1320,73,127,82,1640,74,125,68,1360,75,116,76,1520,76,120,68,1360,77,122,68,1360,78,120,72,3240,79,121,74,1480,80,121,90,1800,81,113,92,3160,82,115,78,3420,83,124,88,1760,84,114,74,1480,85,116,78,3780,86,112,76,2240,87,117,66,1320,88,116,86,1720,89,127,80,2920,90,122,66,2460,91,119,88,1760,92,117,88,1760,93,119,84,1680,94,120,68,1360,95,123,74,3160,96,128,84,1680,97,121,76,2960,98,129,92,4540,99,129,80,1600,100,123,66,1320
54,-121605,60760,1,120,80,1900,2,112,84,3300,3,119,94,1880,4,116,86,3160,5,122,74,1480,6,125,84,3120,7,122,66,1320,8,120,84,1680,9,123,68,1360,10,127,82,3920,11,122,66,3000,12,126,74,1480,13,117,74,2380,14,122,82,1640,15,118,70,2840,16,120,72,3000,17,117,68,1360,18,129,70,2840,19,127,86,1720,20,124,74,1480,21,123,70,1400,22,125,68,1360,23,120,76,5780,24,121,84,1680,25,123,88,2780,26,122,74,1480,27,117,74,3340,28,122,84,1680,29,118,78,1740,30,117,86,3340,31,128,82,1640,32,121,70,1400,33,125,86,2560,34,121,72,1440,35,118,72,2880,36,113,78,3780,37,122,80,2380,38,123,76,1520,39,116,78,1560,40,118,72,3840,41,118,76,4160,42,110,72,2520,43,116,78,1860,44,121,74,1480,45,117,72,3420,46,134,88,1760,47,119,76,1520,48,118,66,1320,49,124,74,1480,50,121,66,1320,51,121,68,3220,52,133,84,1680,53,124,80,4600,54,110,66,1320,55,117,70,1400,56,122,86,4300,57,118,72,2880,58,123,66,1980,59,128,92,1840,60,117,74,1480,61,124,72,1440,62,123,68,1360,63,121,74,3040,64,117,62,1240,65,126,80,1600,66,121,80,1600,67,120,88,1760,68,118,80,6400,69,118,70,1400,70,121,74,2920,71,120,72,3300,72,121,94,1880,73,118,68,1360,74,120,74,1480,75,120,62,1240,76,123,86,1720,77,113,80,1600,78,112,78,3840,79,118,72,1440,80,119,80,1600,81,120,82,2900,82,123,66,2760,83,116,74,1480,84,123,72,1440,85,125,74,3460,86,119,74,2320,87,127,82,1640,88,115,70,1400,89,121,74,2740,90,121,86,2980,91,121,78,1560,92,123,74,1480,93,132,78,1560,94,118,80,1600,95,115,70,3020,96,121,74,1480,97,119,64,2360,98,123,74,3820,99,122,68,1360,100,116,92,1840
55,-115390,61901,1,118,72,1740,2,119,70,2900,3,124,82,1640,4,122,74,2680,5,111,70,1400,6,116,74,2560,7,117,90,1800,8,123,74,1480,9,120,84,1680,10,120,70,3140,11,114,84,3960,12,118,78,1560,13,128,74,2620,14,117,66,1320,15,127,82,3560,16,121,76,3320,17,123,90,1800,18,118,68,2560,19,119,62,1240,20,110,66,1320,21,110,78,1560,22,122,86,1720,23,123,72,5580,24,117,84,1680,25,117,82,2600,26,116,68,1360,27,129,82,3980,28,115,62,1240,29,123,76,1700,30,116,74,2980,31,118,72,1440,32,119,84,1680,33,119,74,2140,34,118,74,1480,35,120,74,2680,36,118,78,3780,37,117,68,2080,38,117,66,1320,39,122,70,1400,40,127,80,4060,41,116,74,4060,42,120,82,2960,43,125,70,1700,44,114,74,1480,45,131,90,4140,46,129,68,1360,47,126,68,1360,48,128,80,1600,49,111,70,1400,50,121,90,1800,51,114,84,3780,52,128,76,1520,53,118,80,4720,54,120,72,1440,55,130,80,1600,56,121,78,4020,57,122,82,3560,58,113,92,3160,59,123,76,1520,60,120,70,1400,61,110,72,1440,62,124,86,1720,63,112,76,3320,64,127,78,1560,65,123,72,1440,66,115,68,1360,67,122,80,1600,68,121,74,5920,69,127,96,1920,70,118,66,2400,71,108,90,4140,72,118,76,1520,73,126,86,1720,74,120,68,1360,75,125,74,1480,76,113,72,1440,77,116,74,1480,78,117,70,3140,79,128,80,1600,80,124,70,1400,81,123,80,2740,82,129,102,4500,83,122,70,1400,84,112,78,1560,85,119,72,3240,86,122,64,1940,87,121,70,1400,88,127,82,1640,89,117,66,2460,90,120,72,2460,91,116,60,1200,92,114,70,1400,93,122,72,1440,94,124,62,1240,95,125,72,3060,96,117,72,1440,97,121,78,2880,98,116,74,3880,99,120,92,1840,100,117,78,1560
56,-112055,63104,1,133,84,1980,2,119,98,3820,3,119,72,1440,4,115,66,2520,5,123,82,1640,6,124,78,3120,7,120,80,1600,8,113,68,1360,9,119,80,1600,10,119,84,3660,11,114,72,3000,12,123,68,1360,13,116,74,2320,14,126,82,1640,15,116,74,3220,16,112,68,3040,17,119,78,1560,18,123,82,3200,19,125,86,1720,20,125,84,1680,21,120,74,1480,22,118,74,1480,23,118,72,5520,24,122,74,1480,25,119,78,2400,26,123,90,1800,27,123,80,3760,28,120,86,1720,29,118,72,1620,30,121,80,3460,31,134,74,1480,32,118,70,1400,33,117,74,2380,34,121,70,1400,35,124,68,2560,36,122,72,3480,37,133,92,2860,38,120,74,1480,39,115,86,1720,40,120,70,3860,41,124,74,3940,42,112,72,2520,43,114,86,2020,44,125,86,1720,45,124,76,3560,46,115,80,1600,47,115,84,1680,48,127,72,1440,49,128,84,1680,50,113,78,1560,51,120,76,3500,52,114,74,1480,53,118,72,4260,54,121,70,1400,55,125,70,1400,56,119,74,3820,57,118,74,3220,58,121,78,2760,59,113,62,1240,60,125,98,1960,61,126,74,1480,62,119,72,1440,63,125,78,3240,64,121,68,1360,65,109,76,1520,66,127,86,1720,67,111,66,1320,68,113,80,6400,69,122,76,1520,70,117,92,3400,71,113,76,3680,72,123,66,1320,73,122,72,1440,74,114,80,1600,75,116,70,1400,76,129,82,1640,77,123,74,1480,78,118,78,3540,79,123,68,1360,80,108,74,1480,81,116,74,2620,82,126,84,3600,83,117,90,1800,84,121,64,1280,85,124,76,3800,86,117,74,2380,87,117,96,1920,88,123,72,1440,89,125,76,2660,90,123,80,2980,91,126,78,1560,92,132,86,1720,93,109,78,1560,94,126,86,1720,95,113,74,3100,96,134,80,1600,97,123,68,2440,98,131,76,4220,99,116,80,1600,100,123,72,1440
57,-125120,64249,1,129,70,1700,2,127,72,2820,3,122,70,1400,4,121,88,3500,5,117,74,1480,6,118,70,2660,7,122,70,1400,8,118,84,1680,9,123,72,1440,10,117,66,2700,11,123,68,2980,12,110,88,1760,13,117,72,2340,14,122,68,1360,15,125,74,3340,16,126,82,3440,17,125,74,1480,18,120,70,2660,19,117,76,1520,20,114,66,1320,21,112,70,1400,22,124,68,1360,23,126,84,6480,24,115,70,1400,25,126,70,2060,26,119,74,1480,27,114,78,3660,28,118,70,1400,29,128,82,1940,30,114,70,2780,31,121,68,1360,32,122,90,1800,33,122,72,2400,34,117,96,1920,35,122,94,3620,36,117,82,4160,37,129,76,2420,38,115,66,1320,39,123,74,1480,40,118,78,4140,41,114,70,3620,42,124,80,2920,43,118,76,1820,44,120,70,1400,45,118,74,3520,46,123,66,1320,47,120,68,1360,48,115,72,1440,49,118,70,1400,50,116,74,1480,51,120,78,3480,52,125,76,1520,53,124,86,4900,54,120,90,1800,55,112,78,1560,56,113,76,3980,57,117,74,3340,58,118,70,2240,59,121,80,1600,60,119,84,1680,61,111,72,1440,62,128,74,1480,63,115,78,3360,64,122,86,1720,65,120,80,1600,66,122,70,1400,67,118,82,1640,68,114,76,6080,69,117,64,1280,70,123,74,2740,71,122,72,3540,72,123,90,1800,73,110,72,1440,74,116,76,1520,75,128,92,1840,76,115,64,1280,77,115,68,1360,78,123,66,2700,79,119,82,1640,80,121,74,1480,81,127,76,2840,82,121,72,3000,83,120,72,1440,84,120,80,1600,85,118,66,3300,86,124,68,2320,87,123,78,1560,88,111,72,1440,89,118,66,2640,90,117,66,2280,91,121,64,1280,92,129,76,1520,93,115,68,1360,94,118,76,1520,95,124,76,3080,96,124,74,1480,97,124,94,3200,98,124,70,3980,99,118,66,1320,100,116,72,1440
58,-107820,65485,1,119,76,1820,2,114,84,3360,3,112,80,1600,4,117,72,2760,5,127,72,1440,6,126,84,3180,7,121,86,1720,8,121,70,1400,9,106,80,1600,10,124,82,3200,11,119,92,4120,12,114,76,1520,13,126,82,2840,14,119,88,1760,15,112,70,3380,16,123,74,3040,17,120,70,1400,18,124,96,3600,19,129,70,1400,20,119,86,1720,21,129,82,1640,22,118,90,1800,23,117,70,5240,24,127,78,1560,25,114,74,2260,26,129,66,1320,27,120,78,3720,28,127,92,1840,29,125,66,1560,30,130,92,3520,31,122,94,1880,32,116,74,1480,33,117,72,2400,34,119,80,1600,35,119,78,2880,36,124,70,3320,37,120,70,2300,38,126,84,1680,39,113,66,1320,40,121,70,3740,41,129,86,4420,42,120,70,2480,43,120,64,1580,44,122,88,1760,45,115,74,3520,46,121,78,1560,47,125,82,1640,48,126,78,1560,49,127,84,1680,50,121,72,1440,51,119,74,3520,52,118,72,1440,53,120,74,4180,54,121,76,1520,55,120,70,1400,56,117,68,3460,57,131,76,3500,58,129,92,3160,59,120,70,1400,60,126,78,1560,61,122,78,1560,62,113,78,1560,63,121,72,3000,64,114,68,1360,65,116,78,1560,66,114,84,1680,67,123,78,1560,68,126,80,6400,69,123,84,1680,70,115,74,2980,71,116,74,3640,72,116,76,1520,73,122,68,1360,74,126,76,1520,75,123,76,1520,76,129,88,1760,77,123,100,2000,78,118,82,3200,79,119,68,1360,80,113,72,1440,81,120,78,3060,82,119,86,4120,83,118,76,1520,84,121,70,1400,85,119,84,3960,86,116,82,2600,87,115,72,1440,88,125,72,1440,89,121,92,3340,90,125,84,3120,91,122,88,1760,92,118,70,1400,93,127,84,1680,94,120,66,1320,95,112,76,3440,96,113,68,1360,97,119,76,2600,98,116,76,4280,99,128,86,1720,100,128,70,1400
59,-119225,66701,1,126,64,1580,2,118,76,2960,3,118,68,1360,4,126,80,2920,5,112,76,1520,6,119,76,2720,7,117,80,1600,8,121,90,1800,9,114,64,1280,10,114,70,2840,11,119,72,3300,12,119,72,1440,13,121,68,2320,14,122,78,1560,15,125,72,3420,16,115,68,3100,17,122,94,1880,18,122,78,2820,19,123,74,1480,20,123,76,1520,21,123,68,1360,22,122,74,1480,23,118,78,5880,24,120,68,1360,25,124,78,2220,26,119,76,1520,27,115,74,3400,28,122,76,1520,29,121,88,2060,30,121,78,3000,31,119,74,1480,32,119,72,1440,33,127,74,2200,34,122,72,1440,35,117,74,2800,36,120,78,3840,37,127,96,3120,38,121,70,1400,39,126,94,1880,40,117,96,5160,41,122,68,3460,42,118,90,3120,43,120,82,1940,44,116,82,1640,45,121,76,3560,46,121,64,1280,47,121,74,1480,48,121,68,1360,49,123,70,1400,50,117,72,1440,51,119,74,3640,52,127,82,1640,53,115,86,5080,54,119,64,1280,55,116,80,1600,56,121,94,4280,57,112,82,3620,58,123,74,2560,59,126,90,1800,60,120,74,1480,61,115,70,1400,62,118,70,1400,63,120,74,3220,64,126,84,1680,65,118,68,1360,66,124,76,1520,67,112,72,1440,68,118,76,6080,69,118,74,1480,70,124,74,2680,71,124,72,3360,72,118,68,1360,73,114,88,1760,74,116,68,1360,75,119,70,1400,76,122,70,1400,77,119,76,1520,78,126,76,2960,79,124,96,1920,80,128,88,1760,81,122,76,2840,82,118,74,3460,83,116,66,1320,84,126,90,1800,85,118,72,3600,86,120,68,2080,87,132,84,1680,88,113,70,1400,89,115,76,2840,90,115,64,2240,91,116,70,1400,92,132,70,1400,93,122,68,1360,94,123,84,1680,95,118,68,2800,96,124,82,1640,97,125,72,2760,98,120,68,3880,99,119,72,1440,100,116,68,1360
60,-115060,67955,1,123,86,2020,2,124,66,2760,3,127,84,1680,4,118,72,2820,5,127,72,1440,6,126,70,2480,7,127,78,1560,8,119,80,1600,9,121,82,1640,10,128,84,3420,11,124,80,3940,12,126,74,1480,13,124,92,3100,14,118,66,1320,15,114,74,3340,16,121,84,3780,17,122,76,1520,18,116,74,2980,19,114,68,1360,20,116,68,1360,21,120,80,1600,22,115,62,1240,23,125,72,5400,24,121,94,1880,25,117,64,1940,26,128,68,1360,27,129,84,3960,28,116,70,1400,29,117,70,1700,30,116,70,2840,31,125,64,1280,32,125,78,1560,33,110,70,2240,34,111,76,1520,35,127,78,2940,36,116,74,3640,37,121,76,2420,38,122,96,1920,39,119,78,1560,40,115,76,4040,41,124,80,3700,42,123,72,2400,43,127,64,1580,44,122,78,1560,45,113,78,3780,46,117,80,1600,47,116,62,1240,48,125,86,1720,49,117,78,1560,50,129,78,1560,51,121,74,3580,52,123,74,1480,53,118,72,4200,54,130,84,1680,55,121,68,1360,56,108,74,3460,57,121,76,3380,58,115,70,2600,59,123,78,1560,60,119,76,1520,61,127,82,1640,62,120,86,1720,63,114,82,3740,64,122,72,1440,65,131,80,1600,66,118,74,1480,67,126,84,1680,68,127,78,6240,69,122,68,1360,70,117,66,2400,71,106,74,3760,72,132,88,1760,73,116,72,1440,74,121,94,1880,75,125,82,1640,76,114,88,1760,77,122,66,1320,78,117,72,3180,79,121,80,1600,80,120,68,1360,81,115,74,2800,82,129,78,3840,83,130,86,1720,84,122,76,1520,85,127,82,4160,86,130,80,2440,87,129,76,1520,88,124,74,1540,89,123,70,2720,90,117,80,2800,91,127,74,1480,92,119,70,1400,93,117,82,1640,94,120,68,1360,95,123,86,3160,96,118,74,1540,97,115,72,2400,98,115,92,5080,99,125,78,1560,100,119,86,1720
61,-121150,69137,1,122,70,1760,2,126,90,3540,3,122,74,1480,4,130,82,3080,5,114,74,1480,6,110,74,2860,7,121,74,1480,8,124,70,1400,9,118,76,1520,10,123,72,3000,11,123,66,3120,12,118,76,1520,13,123,74,2560,14,126,76,1520,15,121,72,3300,16,116,74,3040,17,119,72,1440,18,118,72,2820,19,129,80,1600,20,127,82,1640,21,119,72,1440,22,120,80,1600,23,115,74,5620,24,113,80,1600,25,127,86,2560,26,119,74,1480,27,117,78,3660,28,129,78,1560,29,128,78,1860,30,126,84,3420,31,113,84,1680,32,116,68,1360,33,118,76,2360,34,119,74,1480,35,120,70,2840,36,123,78,3900,37,118,68,2140,38,110,80,1600,39,120,70,1400,40,121,70,3680,41,111,70,3500,42,111,74,2740,43,123,82,2000,44,114,70,1400,45,119,78,3780,46,122,62,1240,47,122,78,1560,48,121,76,1520,49,120,64,1280,50,120,70,1400,51,122,74,3460,52,113,70,1400,53,121,76,4280,54,121,70,1400,55,111,84,1680,56,122,84,3900,57,116,76,3380,58,129,80,2980,59,109,66,1320,60,126,74,1480,61,126,72,1440,62,124,78,1560,63,114,72,3000,64,115,74,1480,65,123,70,1400,66,125,74,1480,67,114,70,1400,68,125,74,5920,69,124,100,2000,70,124,88,3140,71,124,74,3580,72,128,76,1520,73,133,76,1520,74,116,80,1600,75,121,72,1440,76,118,72,1440,77,113,90,1800,78,128,82,3200,79,117,74,1480,80,128,94,1880,81,127,80,2980,82,122,74,3580,83,124,72,1440,84,115,64,1280,85,118,72,3600,86,124,70,2240,87,120,70,1400,88,116,66,1380,89,117,82,3020,90,123,74,2560,91,111,72,1440,92,130,98,1960,93,120,66,1320,94,129,94,1880,95,123,74,2740,96,122,72,1500,97,128,82,2900,98,120,76,4400,99,117,70,1400,100,124,80,1600
62,-111490,70331,1,123,88,2060,2,120,74,2980,3,117,70,1400,4,125,78,3000,5,127,78,1560,6,120,74,2620,7,113,70,1400,8,111,80,1600,9,120,68,1360,10,117,72,2700,11,124,94,4760,12,123,72,1440,13,118,76,2900,14,121,72,1440,15,114,74,3460,16,120,82,3620,17,130,78,1560,18,129,82,3080,19,120,64,1280,20,117,70,1400,21,127,76,1520,22,117,66,1320,23,127,68,5140,24,115,72,1440,25,124,72,2340,26,121,68,1360,27,123,72,3240,28,118,66,1320,29,119,72,1740,30,124,74,2980,31,120,70,1400,32,130,96,1920,33,125,74,2320,34,126,66,1320,35,124,80,3040,36,112,72,3540,37,123,88,2780,38,117,72,1440,39,126,84,1680,40,126,92,4540,41,120,72,3720,42,125,72,2460,43,111,66,1620,44,124,78,1560,45,128,76,3620,46,115,84,1680,47,119,66,1320,48,117,68,1360,49,124,88,1760,50,121,94,1880,51,117,68,3340,52,127,80,1600,53,119,74,4300,54,118,94,1880,55,120,74,1480,56,116,72,3420,57,124,78,3540,58,121,68,2560,59,120,80,1600,60,113,76,1520,61,116,64,1280,62,117,68,1360,63,126,82,3620,64,130,68,1360,65,118,82,1640,66,116,70,1400,67,131,82,1640,68,117,72,5760,69,122,84,1680,70,115,72,2580,71,119,68,3160,72,120,72,1440,73,117,78,1560,74,119,68,1360,75,114,76,1520,76,123,74,1480,77,115,72,1440,78,118,66,2580,79,126,74,1480,80,122,78,1560,81,118,70,2420,82,119,80,4300,83,112,70,1400,84,124,78,1560,85,129,84,4020,86,112,78,2400,87,123,100,2000,88,126,94,1940,89,126,68,2380,90,114,74,2620,91,129,88,1760,92,119,66,1320,93,115,98,1960,94,123,86,1720,95,114,70,2780,96,114,74,1540,97,119,64,2300,98,118,72,4260,99,133,88,1760,100,118,68,1360
63,-101520,71568,1,117,78,1860,2,123,74,3100,3,130,88,1760,4,116,64,2420,5,121,70,1400,6,115,78,2820,7,125,74,1480,8,116,68,1360,9,115,90,1800,10,129,92,3880,11,115,78,4200,12,107,78,1560,13,122,72,2700,14,112,72,1440,15,127,78,3300,16,120,72,2820,17,127,66,1320,18,120,76,2900,19,123,84,1680,20,126,86,1720,21,120,76,1520,22,127,84,1680,23,112,74,5680,24,134,80,1600,25,111,82,2660,26,110,96,1920,27,115,90,4320,28,122,86,1720,29,128,80,1900,30,118,72,3060,31,125,92,1840,32,125,82,1640,33,119,74,2200,34,124,92,1840,35,127,68,2500,36,127,78,3480,37,120,76,2600,38,133,78,1560,39,119,74,1480,40,126,80,4240,41,119,80,4240,42,114,76,2660,43,114,84,1980,44,115,72,1440,45,109,78,3780,46,120,68,1360,47,135,94,1880,48,122,96,1920,49,114,76,1520,50,119,80,1600,51,121,90,4260,52,118,74,1480,53,124,78,4620,54,121,70,1400,55,124,66,1320,56,127,88,4580,57,118,72,3180,58,115,86,2920,59,118,68,1360,60,121,76,1520,61,121,82,1640,62,123,82,1640,63,120,68,2740,64,120,68,1360,65,126,70,1400,66,128,86,1720,67,124,72,1440,68,126,82,6560,69,115,82,1640,70,124,82,2900,71,121,90,4320,72,121,74,1480,73,122,70,1400,74,136,84,1680,75,118,62,1240,76,114,68,1360,77,127,72,1440,78,120,86,3760,79,116,84,1680,80,116,72,1440,81,125,92,3100,82,125,78,4140,83,125,78,1560,84,120,60,1200,85,126,78,3840,86,116,62,1960,87,117,78,1560,88,123,74,1540,89,122,84,2940,90,124,70,2480,91,123,66,1320,92,122,86,1720,93,120,82,1640,94,113,72,1440,95,123,82,3260,96,124,74,1540,97,130,72,2580,98,127,78,4560,99,132,76,1520,100,121,86,1720
64,-127780,72738,1,121,78,1860,2,115,70,3260,3,123,80,1600,4,124,80,2980,5,120,84,1680,6,120,72,2700,7,119,70,1400,8,121,90,1800,9,120,78,1560,10,119,78,3180,11,119,64,3380,12,112,80,1600,13,114,72,2700,14,127,80,1600,15,121,74,3280,16,120,76,3140,17,120,84,1680,18,127,80,3400,19,113,70,1400,20,122,72,1440,21,124,66,1320,22,120,68,1360,23,121,70,5240,24,124,74,1480,25,116,64,1880,26,116,80,1600,27,119,88,4040,28,121,76,1520,29,118,70,1880,30,124,82,3500,31,121,80,1600,32,121,68,1360,33,124,70,2480,34,118,78,1560,35,122,78,2940,36,117,70,3200,37,120,72,2400,38,121,74,1480,39,120,70,1400,40,117,68,3640,41,120,64,3140,42,122,80,3040,43,115,66,1620,44,131,76,1520,45,118,80,3820,46,116,78,1560,47,135,78,1560,48,113,72,1440,49,126,70,1400,50,125,76,1520,51,120,78,3720,52,120,68,1360,53,127,70,3980,54,123,92,1840,55,127,84,1680,56,125,76,4100,57,125,80,3400,58,121,78,2640,59,126,84,1680,60,112,70,1400,61,112,72,1440,62,119,72,1440,63,123,78,3180,64,116,76,1520,65,111,78,1560,66,122,66,1320,67,112,80,1600,68,122,76,6080,69,119,68,1360,70,113,70,2660,71,115,80,3880,72,121,66,1320,73,118,90,1800,74,123,72,1440,75,129,68,1360,76,124,90,1800,77,115,74,1480,78,122,74,3100,79,119,74,1480,80,130,86,1720,81,123,80,2800,82,118,66,3240,83,119,70,1400,84,120,82,1640,85,127,76,3860,86,123,86,2800,87,119,68,1360,88,116,66,1320,89,119,72,2640,90,107,84,3000,91,120,86,1720,92,120,70,1400,93,121,74,1480,94,126,82,1640,95,107,70,2660,96,114,68,1360,97,119,80,3040,98,122,74,4480,99,116,84,1680,100,117,66,1320
65,-99965,73991,1,118,68,1660,2,128,74,3160,3,114,66,1320,4,121,76,3020,5,122,68,1360,6,111,74,3040,7,121,94,1880,8,108,74,1480,9,125,78,1560,10,124,70,2960,11,126,92,4780,12,115,70,1400,13,121,84,3180,14,119,68,1360,15,123,74,3100,16,122,70,2780,17,115,72,1440,18,116,76,3140,19,124,82,1640,20,104,72,1440,21,117,78,1560,22,128,102,2040,23,119,80,6100,24,115,70,1400,25,121,88,2600,26,122,78,1560,27,119,80,3520,28,118,66,1320,29,129,78,2040,30,119,74,3160,31,118,74,1480,32,123,86,1720,33,118,76,2300,34,122,72,1440,35,119,68,2860,36,130,80,3640,37,119,80,2860,38,116,68,1360,39,119,88,1760,40,123,90,4800,41,118,86,4300,42,113,68,2380,43,120,86,2020,44,118,78,1560,45,129,72,3480,46,118,70,1400,47,114,80,1600,48,130,92,1840,49,115,82,1640,50,120,70,1400,51,124,70,3320,52,120,102,2040,53,119,84,4920,54,117,82,1640,55,119,72,1440,56,118,78,4320,57,114,70,3020,58,120,76,3140,59,118,74,1480,60,126,70,1400,61,135,86,1720,62,129,80,1600,63,109,64,2660,64,120,64,1280,65,113,74,1480,66,130,84,1680,67,113,74,1480,68,115,70,5600,69,122,78,1560,70,126,72,3000,71,122,68,3280,72,124,96,1920,73,123,78,1560,74,109,70,1400,75,112,72,1440,76,116,72,1440,77,123,72,1440,78,117,70,2960,79,122,70,1400,80,121,76,1520,81,116,74,2680,82,127,90,4860,83,124,92,1840,84,128,68,1360,85,121,72,3660,86,120,70,2180,87,123,102,2040,88,124,90,1860,89,124,76,2720,90,114,72,2580,91,123,68,1360,92,121,102,2040,93,115,70,1400,94,119,76,1520,95,112,80,3340,96,124,74,1540,97,125,70,2420,98,120,72,4140,99,116,74,1480,100,125,94,1880
66,-111185,75246,1,127,80,2080,2,112,78,3480,3,128,92,1840,4,120,80,3520,5,120,100,2000,6,132,86,3520,7,109,86,1720,8,125,86,1720,9,119,72,1440,10,107,84,3480,11,127,82,4280,12,130,82,1640,13,117,74,2920,14,126,92,1840,15,116,70,3080,16,113,88,3500,17,129,76,1520,18,115,68,2920,19,123,68,1360,20,118,80,1600,21,119,68,1360,22,127,82,1640,23,125,72,5460,24,127,76,1520,25,113,66,2040,26,116,64,1280,27,125,80,3700,28,124,92,1840,29,122,70,1880,30,128,76,3440,31,124,70,1400,32,115,78,1560,33,116,68,2200,34,115,72,1440,35,124,90,3720,36,117,72,3240,37,120,74,2620,38,123,88,1760,39,129,76,1520,40,123,78,4080,41,114,70,3680,42,123,78,2640,43,119,74,1960,44,124,72,1440,45,120,76,3860,46,132,84,1680,47,119,68,1360,48,128,80,1600,49,123,70,1400,50,123,86,1720,51,117,74,3520,52,125,86,1720,53,118,68,3880,54,121,68,1360,55,123,72,1440,56,122,72,3840,57,128,82,3320,58,124,68,2680,59,126,68,1360,60,116,76,1520,61,122,70,1400,62,124,72,1440,63,116,76,3260,64,117,86,1720,65,128,74,1480,66,123,70,1400,67,124,80,1600,68,123,82,6560,69,117,70,1400,70,108,76,3320,71,116,82,3740,72,118,78,1560,73,116,70,1400,74,122,74,1480,75,129,66,1320,76,136,76,1520,77,108,70,1400,78,136,78,3360,79,110,84,1680,80,116,72,1440,81,125,74,2560,82,113,78,4080,83,113,78,1560,84,121,84,1680,85,117,80,4240,86,123,90,2640,87,113,78,1560,88,120,74,1540,89,120,64,2360,90,129,78,2640,91,126,82,1640,92,115,80,1600,93,130,82,1640,94,119,68,1360,95,116,76,3080,96,118,70,1460,97,113,70,2480,98,121,92,5500,99,127,72,1440,100,121,82,1640
67,-129875,76455,1,119,76,2000,2,115,72,3300,3,117,74,1480,4,124,74,3160,5,118,78,1560,6,125,78,3120,7,114,76,1520,8,118,76,1520,9,128,80,1600,10,117,70,2960,11,121,76,4040,12,121,72,1440,13,125,76,3020,14,121,74,1480,15,130,76,3320,16,116,82,3260,17,117,68,1360,18,121,84,3240,19,117,82,1640,20,124,76,1520,21,123,84,1680,22,118,66,1320,23,115,84,6540,24,117,68,1360,25,126,78,2340,26,121,74,1480,27,121,72,3300,28,119,76,1520,29,117,88,2360,30,118,74,3340,31,112,80,1600,32,123,72,1440,33,128,82,2360,34,128,80,1600,35,119,76,3200,36,124,78,3540,37,125,66,2340,38,114,72,1440,39,118,70,1400,40,114,74,4000,41,121,78,4080,42,114,70,2420,43,125,76,2000,44,113,80,1600,45,122,70,3320,46,127,70,1400,47,125,90,1800,48,118,62,1240,49,110,80,1600,50,116,78,1560,51,124,70,3260,52,115,78,1560,53,125,88,4880,54,122,84,1680,55,111,82,1640,56,122,84,4620,57,119,78,3360,58,118,82,2960,59,112,88,1760,60,118,62,1240,61,116,86,1720,62,112,72,1440,63,115,72,3060,64,121,72,1440,65,116,68,1360,66,110,80,1600,67,125,70,1400,68,118,80,6400,69,124,78,1560,70,117,78,3120,71,121,74,3340,72,122,68,1360,73,130,70,1400,74,113,64,1280,75,126,82,1640,76,116,78,1560,77,118,78,1560,78,120,78,3120,79,112,72,1440,80,133,80,1600,81,120,78,3000,82,123,74,3820,83,119,68,1360,84,120,68,1360,85,119,72,3840,86,114,78,2280,87,119,72,1440,88,117,66,1380,89,130,88,3200,90,118,68,2320,91,116,74,1480,92,116,70,1400,93,120,64,1280,94,125,90,1800,95,120,78,3300,96,126,80,1660,97,126,70,2420,98,120,82,4940,99,115,76,1520,100,120,76,1520
68,-129040,77584,1,125,74,1960,2,126,76,3380,3,127,70,1400,4,119,74,3100,5,121,70,1400,6,121,74,3040,7,120,70,1400,8,123,68,1360,9,123,70,1400,10,129,76,3080,11,122,70,3620,12,113,76,1520,13,118,64,2480,14,116,68,1360,15,119,72,3120,16,120,70,2840,17,123,84,1680,18,119,74,2980,19,122,72,1440,20,116,74,1480,21,117,74,1480,22,128,96,1920,23,125,76,5780,24,124,86,1720,25,122,66,2040,26,117,70,1400,27,115,80,3700,28,122,70,1400,29,121,80,2140,30,118,74,3340,31,117,72,1440,32,108,76,1520,33,124,72,2100,34,119,70,1400,35,119,70,3020,36,116,74,3220,37,119,86,3100,38,132,82,1640,39,126,82,1640,40,125,76,3980,41,116,66,3360,42,133,88,3020,43,122,70,1880,44,121,72,1440,45,116,78,3480,46,116,76,1520,47,119,78,1560,48,118,80,1600,49,118,72,1440,50,126,76,1520,51,120,78,3720,52,124,72,1440,53,116,72,3960,54,116,82,1640,55,117,70,1400,56,113,78,4200,57,122,72,3120,58,125,64,2360,59,119,74,1480,60,130,70,1400,61,123,76,1520,62,126,76,1520,63,125,68,2800,64,116,78,1560,65,124,88,1760,66,115,72,1440,67,117,78,1560,68,126,76,6080,69,116,66,1320,70,123,74,3040,71,121,76,3620,72,130,86,1720,73,125,74,1480,74,124,80,1600,75,122,70,1400,76,118,68,1360,77,124,64,1280,78,119,74,3040,79,132,94,1880,80,125,68,1360,81,122,74,2740,82,114,68,3460,83,117,84,1680,84,124,86,1720,85,119,74,3760,86,119,74,2140,87,128,78,1560,88,124,90,1920,89,121,76,2780,90,120,90,2760,91,120,72,1440,92,125,82,1640,93,121,82,1640,94,117,74,1480,95,125,70,2720,96,122,68,1480,97,109,82,2900,98,120,72,4200,99,125,66,1320,100,116,66,1320
69,-106230,78760,1,115,68,1840,2,119,66,3000,3,114,70,1400,4,123,76,3320,5,122,90,1800,6,117,74,2980,7,121,86,1720,8,124,96,1920,9,112,80,1600,10,122,76,3080,11,130,102,5220,12,118,64,1280,13,125,88,3260,14,127,88,1760,15,125,84,3840,16,126,86,3700,17,123,68,1360,18,123,68,2860,19,104,78,1560,20,123,76,1520,21,121,74,1480,22,123,82,1640,23,115,74,5860,24,117,72,1440,25,127,82,2600,26,130,80,1600,27,124,76,3560,28,115,86,1720,29,116,70,1880,30,126,72,3120,31,135,82,1640,32,125,80,1600,33,113,72,2220,34,127,86,1720,35,126,88,3560,36,124,76,3500,37,120,74,2620,38,121,68,1360,39,121,68,1360,40,114,68,3700,41,118,80,4300,42,130,72,2520,43,125,78,2040,44,116,74,1480,45,124,68,3280,46,119,66,1320,47,122,72,1440,48,125,62,1240,49,132,86,1720,50,117,66,1320,51,118,76,3560,52,111,76,1520,53,127,82,4340,54,125,76,1520,55,133,92,1840,56,122,72,4020,57,116,80,3760,58,126,92,3700,59,125,74,1480,60,121,76,1520,61,118,74,1480,62,118,66,1320,63,122,92,3820,64,117,64,1280,65,118,76,1520,66,130,80,1600,67,117,72,1440,68,112,76,6080,69,128,86,1720,70,121,70,2900,71,114,74,3520,72,122,70,1400,73,112,72,1440,74,119,74,1480,75,122,86,1720,76,131,90,1800,77,125,80,1600,78,124,72,3000,79,125,84,1680,80,119,86,1720,81,115,76,2720,82,115,94,5420,83,124,70,1400,84,120,64,1280,85,124,72,3600,86,122,72,2220,87,119,74,1480,88,112,74,1600,89,116,76,2720,90,121,78,2580,91,120,72,1440,92,122,72,1440,93,115,66,1320,94,127,68,1360,95,115,88,3500,96,120,86,1840,97,108,64,2360,98,127,76,4400,99,122,84,1680,100,125,90,1800
70,-112635,79976,1,116,84,2040,2,124,96,4080,3,124,78,1560,4,122,70,2960,5,116,82,1640,6,125,80,3580,7,113,68,1360,8,121,80,1600,9,118,68,1360,10,116,64,2840,11,124,86,4480,12,124,86,1720,13,118,72,2880,14,122,70,1400,15,118,78,3540,16,123,74,3100,17,126,96,1920,18,116,98,3700,19,121,84,1680,20,119,68,1360,21,115,66,1320,22,121,66,1320,23,120,76,6020,24,126,82,1640,25,120,68,2260,26,126,66,1320,27,115,78,3720,28,127,70,1400,29,129,82,2180,30,112,92,4000,31,132,82,1640,32,114,74,1480,33,126,82,2540,34,121,68,1360,35,120,76,3080,36,117,78,3660,37,119,76,2960,38,123,88,1760,39,125,92,1840,40,125,84,4200,41,122,74,4000,42,115,70,2540,43,112,70,1760,44,127,70,1400,45,119,96,4200,46,124,82,1640,47,109,72,1440,48,125,90,1800,49,122,74,1480,50,121,86,1720,51,123,76,3500,52,116,70,1400,53,116,70,3860,54,115,68,1360,55,125,80,1600,56,118,78,4260,57,124,78,3540,58,116,76,3260,59,117,74,1480,60,117,60,1200,61,123,70,1400,62,125,86,1720,63,115,76,3140,64,136,82,1640,65,124,76,1520,66,124,74,1480,67,133,82,1640,68,121,84,6720,69,122,76,1520,70,122,100,3980,71,126,76,3680,72,120,76,1520,73,126,76,1520,74,121,74,1480,75,116,68,1360,76,125,70,1400,77,121,78,1560,78,114,82,3200,79,117,74,1480,80,119,76,1520,81,122,70,2300,82,124,86,4780,83,117,78,1560,84,123,84,1680,85,121,76,3800,86,112,76,2420,87,126,66,1320,88,123,76,1700,89,124,60,2100,90,119,74,2680,91,118,68,1360,92,117,74,1480,93,125,80,1600,94,115,70,1400,95,119,78,3180,96,121,80,1780,97,124,82,2780,98,117,80,4660,99,120,72,1440,100,118,80,1600
71,-118885,81187,1,117,68,1720,2,120,82,3440,3,115,70,1400,4,113,80,3400,5,119,70,1400,6,121,74,3100,7,125,84,1680,8,116,68,1360,9,125,100,2000,10,120,78,3600,11,118,76,3980,12,115,74,1480,13,127,74,2800,14,117,88,1760,15,122,70,3020,16,116,66,2820,17,119,80,1600,18,129,80,3100,19,117,78,1560,20,125,90,1800,21,126,82,1700,22,117,80,1600,23,117,74,5860,24,117,70,1400,25,121,94,3020,26,122,84,1680,27,122,74,3460,28,115,74,1480,29,119,70,2000,30,122,74,3280,31,123,72,1440,32,136,76,1520,33,119,62,2020,34,125,88,1760,35,125,72,3240,36,120,70,3080,37,123,72,2760,38,119,74,1480,39,121,78,1560,40,119,76,3980,41,115,74,4060,42,123,76,2600,43,127,72,1800,44,109,72,1440,45,133,82,3740,46,119,70,1400,47,130,74,1480,48,116,76,1520,49,111,68,1360,50,113,72,1440,51,119,76,3620,52,126,88,1760,53,127,78,4200,54,117,84,1680,55,114,62,1240,56,119,78,4200,57,115,70,3020,58,121,70,2900,59,129,64,1280,60,122,80,1600,61,105,88,1760,62,120,68,1360,63,123,68,2860,64,130,76,1520,65,116,66,1320,66,110,68,1360,67,131,72,1440,68,113,74,5920,69,118,66,1320,70,123,84,3300,71,117,66,3300,72,122,74,1480,73,118,72,1440,74,114,66,1320,75,122,94,1880,76,109,72,1440,77,115,70,1400,78,125,84,3720,79,126,72,1440,80,122,70,1400,81,128,92,3160,82,116,78,4200,83,124,66,1320,84,113,72,1440,85,117,68,3460,86,124,72,2220,87,124,90,1800,88,117,72,1560,89,126,76,2840,90,118,66,2220,91,128,90,1800,92,122,68,1360,93,117,68,1420,94,127,78,1560,95,124,74,2920,96,118,70,1520,97,112,68,2440,98,125,68,3820,99,120,74,1480,100,125,72,1440
72,-110845,82473,1,122,86,2020,2,116,70,3020,3,133,78,1560,4,118,68,2800,5,125,90,1800,6,117,64,2720,7,117,76,1520,8,127,78,1560,9,117,86,1720,10,124,72,3060,11,127,72,3780,12,126,72,1440,13,118,80,3040,14,121,74,1480,15,115,90,3900,16,121,84,3660,17,121,72,1440,18,120,80,3340,19,126,72,1440,20,123,76,1520,21,124,76,1520,22,126,78,1560,23,125,72,5640,24,135,88,1760,25,120,68,2320,26,112,74,1480,27,117,78,3900,28,129,86,1720,29,130,82,2300,30,117,70,3020,31,108,80,1600,32,124,80,1600,33,128,68,2080,34,115,78,1560,35,110,72,2880,36,124,92,3700,37,118,78,2940,38,122,66,1320,39,113,72,1440,40,128,70,3500,41,125,74,3880,42,111,74,2860,43,115,76,1820,44,119,76,1520,45,125,78,3480,46,122,78,1560,47,118,82,1640,48,119,66,1320,49,125,72,1440,50,124,76,1520,51,116,78,3780,52,119,76,1520,53,116,58,3020,54,119,68,1360,55,121,86,1720,56,118,76,4040,57,126,84,3780,58,111,86,3340,59,131,84,1680,60,115,74,1480,61,110,66,1320,62,117,84,1680,63,121,86,3700,64,119,64,1280,65,115,84,1680,66,127,84,1680,67,122,80,1600,68,120,78,6240,69,124,84,1680,70,116,70,2840,71,125,82,3980,72,109,68,1360,73,136,74,1480,74,119,82,1640,75,112,72,1440,76,119,74,1480,77,122,78,1560,78,118,72,3060,79,112,78,1560,80,116,88,1760,81,121,82,2960,82,119,76,4040,83,121,82,1640,84,128,82,1640,85,132,88,4520,86,113,66,2040,87,114,62,1240,88,136,82,1820,89,122,68,2680,90,128,90,2880,91,121,74,1480,92,119,86,1720,93,121,92,1840,94,120,68,1360,95,113,70,2840,96,123,84,1860,97,124,80,2980,98,112,80,4180,99,119,66,1320,100,108,74,1480
73,-129385,83637,1,119,66,1620,2,125,90,3900,3,124,74,1480,4,122,88,3620,5,119,74,1480,6,121,84,3540,7,118,68,1360,8,120,72,1440,9,119,76,1520,10,108,74,3280,11,117,70,3620,12,112,76,1520,13,125,70,2720,14,116,66,1320,15,115,76,3260,16,115,74,3160,17,112,70,1400,18,121,70,2780,19,112,74,1480,20,117,68,1360,21,119,66,1320,22,114,68,1360,23,114,76,6020,24,124,74,1480,25,122,94,3260,26,128,84,1680,27,120,70,3380,28,123,70,1400,29,121,66,1740,30,125,88,3860,31,114,70,1400,32,118,74,1480,33,115,70,2060,34,118,76,1520,35,124,86,3580,36,118,80,3340,37,123,76,3140,38,118,76,1520,39,123,74,1480,40,118,78,4020,41,116,80,4420,42,126,78,2820,43,121,72,1740,44,127,70,1400,45,118,70,3140,46,114,74,1480,47,128,70,1400,48,120,84,1680,49,112,76,1520,50,118,72,1440,51,120,74,3640,52,125,72,1440,53,121,78,4080,54,131,80,1600,55,118,72,1440,56,128,78,4440,57,124,76,3260,58,121,74,2980,59,125,76,1520,60,124,68,1360,61,120,92,1840,62,119,74,1480,63,119,74,3160,64,120,86,1720,65,121,72,1440,66,121,76,1520,67,115,66,1320,68,117,68,5440,69,119,72,1440,70,125,82,3500,71,117,72,3420,72,125,84,1680,73,122,72,1440,74,124,68,1360,75,132,78,1560,76,122,68,1360,77,114,68,1360,78,127,78,3360,79,119,72,1440,80,120,76,1520,81,119,74,2560,82,121,74,3880,83,115,74,1480,84,121,72,1440,85,130,74,3820,86,124,80,2260,87,116,84,1680,88,138,72,1560,89,121,74,2560,90,120,72,2400,91,115,62,1240,92,127,82,1640,93,116,74,1480,94,122,86,1720,95,125,74,2920,96,112,78,1680,97,113,66,2580,98,118,72,3840,99,118,98,1960,100,121,80,1600
74,-120985,84827,1,125,80,2020,2,115,72,3120,3,115,72,1440,4,123,76,2900,5,123,74,1480,6,119,70,3020,7,124,88,1760,8,123,74,1480,9,122,74,1480,10,123,80,3460,11,125,86,4540,12,122,70,1400,13,124,80,3340,14,121,84,1680,15,121,68,2860,16,126,74,3160,17,126,82,1640,18,125,100,3860,19,124,76,1520,20,127,88,1760,21,123,84,1680,22,130,90,1860,23,115,66,5160,24,113,76,1520,25,115,78,2760,26,124,70,1400,27,114,90,4140,28,121,86,1720,29,115,86,2320,30,123,76,3200,31,135,80,1600,32,121,68,1360,33,128,76,2360,34,128,70,1400,35,117,70,2780,36,116,70,2780,37,118,70,2780,38,123,68,1360,39,116,66,1320,40,122,70,3560,41,121,72,3780,42,119,76,2900,43,116,74,1900,44,108,72,1440,45,124,86,4000,46,126,78,1560,47,114,68,1360,48,120,70,1400,49,117,72,1440,50,134,74,1480,51,118,78,3960,52,112,76,1520,53,117,68,3460,54,125,68,1360,55,128,76,1520,56,123,74,4060,57,114,68,2860,58,120,76,3020,59,120,72,1440,60,116,84,1680,61,125,78,1560,62,124,66,1320,63,114,68,3040,64,124,76,1520,65,116,76,1520,66,118,74,1480,67,127,90,1800,68,130,86,6880,69,126,72,1440,70,119,72,3060,71,130,84,3960,72,117,70,1400,73,106,68,1360,74,120,84,1680,75,124,76,1520,76,120,94,1880,77,129,88,1760,78,121,76,3380,79,125,74,1480,80,118,72,1440,81,123,68,2380,82,119,76,4100,83,125,74,1480,84,112,76,1520,85,111,80,4180,86,115,72,2280,87,116,66,1320,88,124,78,1620,89,115,66,2340,90,118,76,2780,91,119,84,1680,92,121,72,1440,93,123,72,1440,94,117,74,1480,95,111,64,2420,96,120,66,1380,97,121,84,3060,98,121,76,4460,99,121,82,1640,100,114,70,1400
75,-119460,85979,1,117,72,1860,2,132,76,3200,3,132,78,1560,4,115,74,3100,5,117,72,1440,6,123,96,4200,7,115,74,1480,8,116,70,1400,9,116,70,1400,10,114,70,3020,11,119,80,4060,12,119,90,1800,13,121,72,2820,14,119,62,1240,15,124,78,3300,16,112,68,2740,17,118,70,1400,18,118,80,2920,19,120,68,1360,20,122,76,1520,21,114,68,1360,22,123,82,1700,23,117,88,6920,24,122,70,1400,25,122,74,2680,26,115,76,1520,27,122,80,3520,28,117,76,1520,29,125,68,1720,30,115,70,3080,31,126,72,1440,32,122,96,1920,33,117,70,2180,34,116,70,1400,35,133,88,3380,36,131,82,3500,37,129,90,3600,38,121,88,1760,39,121,78,1560,40,115,88,4760,41,117,84,4620,42,125,68,2320,43,121,70,1820,44,123,74,1480,45,124,74,3460,46,119,70,1400,47,120,88,1760,48,127,86,1720,49,133,84,1680,50,123,82,1640,51,124,72,3480,52,121,70,1400,53,131,98,5560,54,119,80,1600,55,119,72,1440,56,116,86,5260,57,119,82,3380,58,121,72,2820,59,123,72,1440,60,118,74,1480,61,117,74,1480,62,118,80,1600,63,132,76,2900,64,124,70,1400,65,122,72,1440,66,125,70,1400,67,122,74,1480,68,127,76,6080,69,114,72,1440,70,124,86,4000,71,119,66,3180,72,132,84,1680,73,121,72,1440,74,115,72,1440,75,116,66,1320,76,121,82,1640,77,117,76,1520,78,126,70,3020,79,118,70,1400,80,127,82,1640,81,119,92,3280,82,124,72,3900,83,117,72,1440,84,119,72,1440,85,114,68,3460,86,124,80,2380,87,124,84,1680,88,119,68,1420,89,127,80,3040,90,123,68,2320,91,123,74,1480,92,115,70,1400,93,112,70,1400,94,122,70,1400,95,126,82,3380,96,117,74,1540,97,114,74,2440,98,114,66,3720,99,118,76,1520,100,129,78,1560
76,-110830,87214,1,133,82,2060,2,121,76,2960,3,121,70,1400,4,126,70,2780,5,127,82,1640,6,119,82,3620,7,123,72,1440,8,122,80,1600,9,132,82,1640,10,127,88,3920,11,125,76,4100,12,128,78,1560,13,114,76,3020,14,124,78,1560,15,118,64,2960,16,122,72,2940,17,123,94,1880,18,120,68,2740,19,123,86,1720,20,115,66,1320,21,125,76,1520,22,120,72,1680,23,112,72,5580,24,111,84,1680,25,120,68,2260,26,118,64,1280,27,108,82,3860,28,122,64,1280,29,118,88,2120,30,127,76,2960,31,113,76,1520,32,122,70,1400,33,130,86,2440,34,130,82,1640,35,133,76,2900,36,123,74,3100,37,120,84,3180,38,115,78,1560,39,117,72,1440,40,118,80,4180,41,116,70,3620,42,125,84,2760,43,117,90,2220,44,115,66,1320,45,124,78,3840,46,125,84,1680,47,113,76,1520,48,121,72,1440,49,127,74,1480,50,110,66,1320,51,118,74,3640,52,120,90,1800,53,130,76,4100,54,125,66,1320,55,131,72,1440,56,121,72,4020,57,125,84,3360,58,117,78,3180,59,105,80,1600,60,121,66,1320,61,124,70,1400,62,129,66,1320,63,121,70,2900,64,117,84,1680,65,117,76,1520,66,115,72,1440,67,121,68,1360,68,115,76,6080,69,129,76,1520,70,123,74,3460,71,136,80,3580,72,128,72,1440,73,114,74,1480,74,131,76,1520,75,128,76,1520,76,116,72,1440,77,124,70,1400,78,109,88,3920,79,124,90,1800,80,120,72,1440,81,124,74,2620,82,116,86,4420,83,129,82,1640,84,128,76,1520,85,122,74,3760,86,116,66,2040,87,117,74,1480,88,132,84,1800,89,119,68,2500,90,124,92,2860,91,114,66,1320,92,137,78,1560,93,130,76,1520,94,116,96,1920,95,121,68,2680,96,127,64,1400,97,130,82,2720,98,126,76,4280,99,122,70,1400,100,120,70,1400
77,-125165,88385,1,127,72,1860,2,123,66,2580,3,119,76,1520,4,126,76,2960,5,116,74,1480,6,121,74,3100,7,116,78,1560,8,119,74,1480,9,124,72,1440,10,119,68,3220,11,116,68,3760,12,124,74,1480,13,121,72,2880,14,119,70,1400,15,130,76,3320,16,113,78,3540,17,120,74,1480,18,122,80,2980,19,116,72,1440,20,119,100,2000,21,114,64,1280,22,122,76,1820,23,132,82,6260,24,117,62,1240,25,119,84,2700,26,130,78,1560,27,115,76,3740,28,115,74,1480,29,126,72,1920,30,112,66,2580,31,121,64,1280,32,116,80,1600,33,123,76,2540,34,122,64,1280,35,118,74,2920,36,108,70,3020,37,125,78,2940,38,120,72,1440,39,131,88,1760,40,120,72,3780,41,120,88,4700,42,119,78,2520,43,128,70,1820,44,120,80,1600,45,114,70,3440,46,119,64,1280,47,122,74,1480,48,116,74,1480,49,118,76,1520,50,122,80,1600,51,126,74,3700,52,121,80,1600,53,118,76,4100,54,124,86,1720,55,119,78,1560,56,116,78,4380,57,118,80,3400,58,121,78,3120,59,113,78,1560,60,116,80,1600,61,108,80,1600,62,123,86,1720,63,127,90,3780,64,122,70,1400,65,122,72,1440,66,126,80,1600,67,124,88,1760,68,119,72,5760,69,123,64,1280,70,119,70,3020,71,133,74,3400,72,113,82,1640,73,131,74,1480,74,120,78,1560,75,122,74,1480,76,129,80,1600,77,114,76,1520,78,112,72,3300,79,115,76,1520,80,119,70,1400,81,119,72,2760,82,124,76,4040,83,124,80,1600,84,119,70,1400,85,120,76,3980,86,131,92,2860,87,117,72,1440,88,120,72,1620,89,132,82,2960,90,117,80,2500,91,120,82,1640,92,126,74,1480,93,117,70,1400,94,123,76,1520,95,121,94,3800,96,121,82,1820,97,127,70,2360,98,116,74,4240,99,113,80,1600,100,121,78,1560
78,-123165,89539,1,122,72,1860,2,113,80,3040,3,121,64,1280,4,122,74,3040,5,122,72,1440,6,111,82,3920,7,116,72,1440,8,124,68,1360,9,110,78,1560,10,112,96,4500,11,126,88,4640,12,115,68,1360,13,107,76,3080,14,124,96,1920,15,121,66,2760,16,116,70,3140,17,115,72,1440,18,121,72,2640,19,130,74,1480,20,123,76,1520,21,119,84,1680,22,118,66,1740,23,126,76,5900,24,132,78,1560,25,122,76,2360,26,121,74,1480,27,125,78,4020,28,127,70,1400,29,112,80,1960,30,128,78,3000,31,116,78,1560,32,121,72,1440,33,117,64,2060,34,118,78,1560,35,122,76,3080,36,121,80,3220,37,120,70,2720,38,121,72,1440,39,127,64,1280,40,122,74,3820,41,118,72,3540,42,121,74,2560,43,117,72,1860,44,123,70,1400,45,119,76,3800,46,128,84,1680,47,110,62,1240,48,125,72,1440,49,126,70,1400,50,117,70,1400,51,113,74,3640,52,111,66,1320,53,123,74,4060,54,119,76,1520,55,124,72,1440,56,119,72,3960,57,119,70,2840,58,120,70,2960,59,120,72,1440,60,117,70,1400,61,105,68,1360,62,119,76,1520,63,119,72,3180,64,118,90,1800,65,111,80,1600,66,113,70,1400,67,115,80,1600,68,119,80,6400,69,125,86,1720,70,127,96,4200,71,118,82,3680,72,124,72,1440,73,117,70,1400,74,116,72,1440,75,116,72,1440,76,125,64,1280,77,122,70,1400,78,128,90,4380,79,124,70,1400,80,127,84,1680,81,121,72,2760,82,116,80,4480,83,118,72,1440,84,128,92,1840,85,115,70,3620,86,133,72,2220,87,132,90,1800,88,114,74,1660,89,119,70,2720,90,118,70,2240,91,121,68,1360,92,111,70,1400,93,130,86,1720,94,116,64,1280,95,117,72,2700,96,122,74,1660,97,116,66,2400,98,129,74,4300,99,120,78,1560,100,120,72,1440
79,-107210,90738,1,116,72,2040,2,117,70,2600,3,116,80,1600,4,119,74,3040,5,112,70,1400,6,116,76,3440,7,129,86,1720,8,112,84,1680,9,118,72,1440,10,118,90,4020,11,120,76,3920,12,128,90,1800,13,118,76,2960,14,121,80,1600,15,122,90,3660,16,123,82,3740,17,129,80,1600,18,121,80,3340,19,118,74,1480,20,116,72,1440,21,123,72,1440,22,129,82,2180,23,120,72,5580,24,124,70,1400,25,113,74,2500,26,111,62,1240,27,116,78,4020,28,109,76,1520,29,124,66,1800,30,121,66,2520,31,121,72,1440,32,116,74,1480,33,124,78,2520,34,124,76,1520,35,121,70,2960,36,116,72,2880,37,119,96,3960,38,115,72,1440,39,121,84,1680,40,121,82,4700,41,128,94,4880,42,120,70,2600,43,137,78,2160,44,108,88,1760,45,121,78,3900,46,122,70,1400,47,118,82,1640,48,110,82,1640,49,116,70,1400,50,126,90,1800,51,117,70,3440,52,124,90,1800,53,124,72,4020,54,125,66,1320,55,113,76,1520,56,127,72,4020,57,127,90,3660,58,120,82,3200,59,122,74,1480,60,126,80,1600,61,125,94,1880,62,118,68,1360,63,125,84,3780,64,119,76,1520,65,112,68,1360,66,131,74,1480,67,123,72,1440,68,119,76,6080,69,117,70,1400,70,123,86,3640,71,123,74,3400,72,120,76,1520,73,122,74,1480,74,133,80,1600,75,136,92,1840,76,122,84,1680,77,112,88,1760,78,119,82,3860,79,111,78,1560,80,127,70,1400,81,113,78,3180,82,124,74,4000,83,129,76,1520,84,123,76,1520,85,134,78,4020,86,117,84,2640,87,123,80,1600,88,124,72,1620,89,135,82,3260,90,122,92,3100,91,123,82,1640,92,124,82,1640,93,124,66,1320,94,128,88,1760,95,130,92,3820,96,117,70,1580,97,124,76,2720,98,113,76,4400,99,117,68,1360,100,121,72,1440
80,-128540,91892,1,129,70,1940,2,129,86,3160,3,116,68,1360,4,119,74,3160,5,125,74,1480,6,122,74,3220,7,119,76,1520,8,114,70,1400,9,132,86,1720,10,121,82,3620,11,119,66,3480,12,126,82,1640,13,118,68,2560,14,117,68,1360,15,127,68,2920,16,113,70,3080,17,121,70,1400,18,124,80,3340,19,120,68,1360,20,131,82,1640,21,108,68,1360,22,121,64,1880,23,119,86,6760,24,114,80,1600,25,126,80,2560,26,124,78,1560,27,127,80,4120,28,126,80,1600,29,122,84,2400,30,117,78,3000,31,114,76,1520,32,119,72,1440,33,119,66,1920,34,125,70,1400,35,121,88,3440,36,128,88,3740,37,119,78,3300,38,129,80,1600,39,122,76,1520,40,118,78,4320,41,122,80,4120,42,125,80,2860,43,126,74,2020,44,117,66,1320,45,112,70,3380,46,114,84,1680,47,122,76,1520,48,113,70,1400,49,132,84,1680,50,115,68,1360,51,127,86,3940,52,112,72,1440,53,117,78,4200,54,115,78,1560,55,123,66,1320,56,115,82,4400,57,116,80,3160,58,120,74,2980,59,116,72,1440,60,124,72,1440,61,116,76,1520,62,124,82,1640,63,124,76,3200,64,127,74,1480,65,124,82,1640,66,114,76,1520,67,110,78,1560,68,119,78,6240,69,128,80,1600,70,113,74,3220,71,116,72,3360,72,115,72,1440,73,114,60,1200,74,124,72,1440,75,131,76,1520,76,114,68,1360,77,118,78,1560,78,123,80,3580,79,112,72,1440,80,115,72,1440,81,120,66,2820,82,118,74,3940,83,118,70,1400,84,115,62,1240,85,123,74,4060,86,120,66,1920,87,115,70,1400,88,113,78,1860,89,125,74,2980,90,117,80,2620,91,120,70,1400,92,116,72,1440,93,123,80,1600,94,120,78,1560,95,125,74,3040,96,129,88,2060,97,115,68,2620,98,120,76,4340,99,130,90,1800,100,112,72,1440
81,-120215,93102,1,113,70,1760,2,116,70,2480,3,124,92,1840,4,122,68,2920,5,116,74,1480,6,112,74,3460,7,122,72,1440,8,131,86,1720,9,125,74,1480,10,124,70,3260,11,123,92,4840,12,118,72,1440,13,129,84,3120,14,133,80,1600,15,117,74,2980,16,128,72,3000,17,114,86,1720,18,121,70,2900,19,120,92,1840,20,124,68,1360,21,120,70,1460,22,119,82,2240,23,116,76,5900,24,115,70,1400,25,119,72,2400,26,118,66,1320,27,119,78,4020,28,117,68,1360,29,115,70,1940,30,122,66,2400,31,120,72,1440,32,124,74,1480,33,118,88,2480,34,116,88,1760,35,113,68,2920,36,118,68,2860,37,124,72,3060,38,124,68,1360,39,115,74,1480,40,115,74,4120,41,127,72,3660,42,113,76,3020,43,122,74,1840,44,122,90,1800,45,125,78,3780,46,121,70,1400,47,109,66,1320,48,126,66,1320,49,127,76,1520,50,126,84,1680,51,118,74,3580,52,127,84,1680,53,122,68,3820,54,119,72,1440,55,116,90,1800,56,120,72,3840,57,125,78,3060,58,114,68,2740,59,127,80,1600,60,113,74,1480,61,119,66,1320,62,119,76,1520,63,119,72,3000,64,117,82,1640,65,121,70,1400,66,125,74,1480,67,112,66,1320,68,121,76,6080,69,120,70,1400,70,126,82,3620,71,129,82,3500,72,129,78,1560,73,122,78,1560,74,109,68,1360,75,114,70,1400,76,123,84,1680,77,127,66,1320,78,114,76,3380,79,125,68,1360,80,128,72,1440,81,128,94,3860,82,124,80,4540,83,123,92,1840,84,123,82,1640,85,117,74,4060,86,123,92,2560,87,129,82,1640,88,123,74,1780,89,116,82,3620,90,123,76,2480,91,121,84,1680,92,135,80,1600,93,120,70,1460,94,116,66,1320,95,117,66,2580,96,118,78,1860,97,122,86,3220,98,123,72,4140,99,128,72,1440,100,123,76,1520
82,-121600,94260,1,126,68,1660,2,129,74,2740,3,118,74,1480,4,118,86,3760,5,125,72,1440,6,125,82,3380,7,116,78,1560,8,125,76,1520,9,114,66,1320,10,113,80,3880,11,125,80,3820,12,130,86,1720,13,122,74,2560,14,118,74,1480,15,126,72,3000,16,119,74,3160,17,123,68,1360,18,125,88,3380,19,117,84,1680,20,120,86,1720,21,118,86,1840,22,119,74,2080,23,123,80,6160,24,129,82,1640,25,127,74,2500,26,120,86,1720,27,125,72,3540,28,123,82,1640,29,127,80,2320,30,114,76,2780,31,125,70,1400,32,116,70,1400,33,122,78,2040,34,123,74,1480,35,120,86,3760,36,118,90,3720,37,111,82,3560,38,119,80,1600,39,122,76,1520,40,126,88,5120,41,117,72,3780,42,119,72,2580,43,114,64,1580,44,113,78,1560,45,115,68,3280,46,134,96,1920,47,127,84,1680,48,122,78,1560,49,122,68,1360,50,115,68,1360,51,123,74,3520,52,113,72,1440,53,114,88,4640,54,124,80,1600,55,117,76,1520,56,118,72,3840,57,113,72,3000,58,130,92,3400,59,127,74,1480,60,132,72,1440,61,121,82,1640,62,125,74,1480,63,126,78,3240,64,123,68,1360,65,118,94,1880,66,116,78,1560,67,115,78,1560,68,119,74,5920,69,126,82,1640,70,113,74,3220,71,124,70,2900,72,125,72,1440,73,120,66,1320,74,127,76,1520,75,122,76,1520,76,118,70,1400,77,131,88,1760,78,123,82,3920,79,118,80,1600,80,116,74,1480,81,120,78,3300,82,112,74,4180,83,113,78,1560,84,114,66,1320,85,122,76,4220,86,121,76,2000,87,124,70,1400,88,116,72,1680,89,123,76,3260,90,116,74,2380,91,115,64,1280,92,128,76,1520,93,121,82,1760,94,128,82,1640,95,124,84,3000,96,122,72,1680,97,116,72,2580,98,116,74,4180,99,116,76,1520,100,119,74,1480
83,-126735,95407,1,121,84,1980,2,115,70,2600,3,124,58,1160,4,120,70,2900,5,113,74,1480,6,115,72,3000,7,127,68,1360,8,120,72,1440,9,121,90,1800,10,123,72,3120,11,118,70,3500,12,122,74,1480,13,120,64,2360,14,124,68,1360,15,110,76,3140,16,125,70,2960,17,116,82,1640,18,118,72,3000,19,119,76,1520,20,114,74,1480,21,125,68,1480,22,123,66,1920,23,121,68,5140,24,123,74,1480,25,114,78,2700,26,117,72,1440,27,119,76,3920,28,117,72,1440,29,123,70,2060,30,119,72,2640,31,117,74,1480,32,131,78,1560,33,115,68,1780,34,115,68,1360,35,117,74,2980,36,117,74,3100,37,116,76,2960,38,117,68,1360,39,114,68,1360,40,120,70,3740,41,129,76,3860,42,118,82,3200,43,120,86,2020,44,121,70,1400,45,122,98,4840,46,132,78,1560,47,122,72,1440,48,118,72,1440,49,121,88,1760,50,127,84,1680,51,114,72,3240,52,132,90,1800,53,109,70,3500,54,116,74,1480,55,126,68,1360,56,126,76,3920,57,129,82,3260,58,125,76,2780,59,112,72,1440,60,117,76,1520,61,114,72,1440,62,117,70,1400,63,116,72,3000,64,122,92,1840,65,116,70,1400,66,125,70,1400,67,123,66,1320,68,119,80,6400,69,124,68,1360,70,123,76,3080,71,115,76,3320,72,109,80,1600,73,119,80,1600,74,115,66,1320,75,121,66,1320,76,136,88,1760,77,124,70,1400,78,114,68,3040,79,123,72,1440,80,128,66,1320,81,122,68,2860,82,121,74,3760,83,120,70,1400,84,124,86,1720,85,119,68,3820,86,117,68,1780,87,117,76,1520,88,130,88,2060,89,115,72,2940,90,124,76,2420,91,124,86,1720,92,118,66,1320,93,119,82,1760,94,119,68,1360,95,122,72,2640,96,106,72,1740,97,132,80,3160,98,117,76,4460,99,123,70,1400,100,120,70,1400
84,-103045,96647,1,120,74,1780,2,129,86,3280,3,113,72,1440,4,117,82,3500,5,127,80,1600,6,127,78,3360,7,118,86,1720,8,123,74,1480,9,116,72,1440,10,119,86,3880,11,120,76,3860,12,117,74,1480,13,122,74,2680,14,124,88,1760,15,119,82,3140,16,116,72,3180,17,121,72,1440,18,127,84,3360,19,122,72,1440,20,129,80,1600,21,121,80,1720,22,114,78,2100,23,125,92,7120,24,113,68,1360,25,117,78,2760,26,133,84,1680,27,118,70,3560,28,127,78,1560,29,110,82,2360,30,122,78,3120,31,120,68,1360,32,125,70,1400,33,128,86,2200,34,123,98,1960,35,123,78,3420,36,118,76,3380,37,123,72,3120,38,124,94,1880,39,126,88,1760,40,121,86,4600,41,120,78,4140,42,120,74,2680,43,115,68,1660,44,114,90,1800,45,117,80,4000,46,124,70,1400,47,116,74,1480,48,128,76,1520,49,114,76,1520,50,120,74,1480,51,119,80,3700,52,124,72,1440,53,129,98,5200,54,126,74,1480,55,120,86,1720,56,118,78,4380,57,122,74,2980,58,117,64,2420,59,127,78,1560,60,123,68,1360,61,123,80,1600,62,130,82,1640,63,129,82,3380,64,119,74,1480,65,136,80,1600,66,116,76,1520,67,119,84,1680,68,117,76,6080,69,121,80,1600,70,112,76,3320,71,120,74,3100,72,112,72,1440,73,124,70,1400,74,122,84,1680,75,126,92,1840,76,130,76,1520,77,116,80,1600,78,123,88,3920,79,112,74,1480,80,122,82,1640,81,117,96,3900,82,120,72,3720,83,124,96,1920,84,118,80,1600,85,126,82,4520,86,121,86,2200,87,121,70,1400,88,123,70,1760,89,134,84,3660,90,115,74,2440,91,123,72,1440,92,125,80,1600,93,124,62,1360,94,130,86,1720,95,119,80,2980,96,123,88,2120,97,124,72,2640,98,125,72,4260,99,114,80,1600,100,114,98,1960
85,-136395,97800,1,115,72,1860,2,124,78,2820,3,131,80,1600,4,116,70,2900,5,121,72,1440,6,117,74,3040,7,121,66,1320,8,113,68,1360,9,127,78,1560,10,124,74,3340,11,121,70,3680,12,121,72,1440,13,115,62,2320,14,119,78,1560,15,120,70,2840,16,130,72,3060,17,109,66,1320,18,122,76,3140,19,112,72,1440,20,125,68,1360,21,121,70,1520,22,125,68,2020,23,127,82,6320,24,125,80,1600,25,125,76,2780,26,120,70,1400,27,121,86,4720,28,113,68,1360,29,115,64,1760,30,118,66,2580,31,118,80,1600,32,111,76,1520,33,123,76,2000,34,114,82,1640,35,115,68,2860,36,122,72,3180,37,113,78,3240,38,119,68,1360,39,114,74,1480,40,121,78,4260,41,119,74,3940,42,119,70,2600,43,129,86,2140,44,124,80,1600,45,116,74,3640,46,111,78,1560,47,130,70,1400,48,120,70,1400,49,122,70,1400,50,118,66,1320,51,121,76,3500,52,113,78,1560,53,118,82,4160,54,116,70,1400,55,119,74,1480,56,119,74,4120,57,116,72,2880,58,131,76,3020,59,119,64,1280,60,123,90,1800,61,117,66,1320,62,123,78,1560,63,120,72,3060,64,126,70,1400,65,126,76,1520,66,120,70,1400,67,120,80,1600,68,125,78,6240,69,117,68,1360,70,121,74,3040,71,114,82,3980,72,125,86,1720,73,113,82,1640,74,121,72,1440,75,121,72,1440,76,114,76,1520,77,126,66,1320,78,117,78,3420,79,126,84,1680,80,115,66,1320,81,121,80,3460,82,121,80,4300,83,118,80,1600,84,125,72,1440,85,118,70,3800,86,119,74,1960,87,121,92,1840,88,119,78,1920,89,126,82,3500,90,122,78,2700,91,110,70,1400,92,119,76,1520,93,125,82,1760,94,121,72,1440,95,126,68,2560,96,115,82,2000,97,117,76,2720,98,118,70,3980,99,121,74,1480,100,124,76,1520
86,-112885,99007,1,136,88,2180,2,112,72,2940,3,122,70,1400,4,120,80,3220,5,117,72,1440,6,128,74,3160,7,119,86,1720,8,124,80,1600,9,120,62,1240,10,113,68,3100,11,120,88,4520,12,115,74,1480,13,122,80,3160,14,127,62,1240,15,127,90,3660,16,122,74,3160,17,124,80,1600,18,119,76,3260,19,129,76,1520,20,128,90,1800,21,125,86,1900,22,122,82,2300,23,123,78,6060,24,123,68,1360,25,120,72,2580,26,126,96,1920,27,112,78,4260,28,129,86,1720,29,120,92,2680,30,126,88,3260,31,126,74,1480,32,120,72,1440,33,119,72,1920,34,118,72,1440,35,129,82,3260,36,110,74,3040,37,123,64,2600,38,128,88,1760,39,124,76,1520,40,115,66,3540,41,127,72,3900,42,119,88,3260,43,124,78,1980,44,114,76,1520,45,128,78,3900,46,114,72,1440,47,115,78,1560,48,127,98,1960,49,118,96,1920,50,122,76,1520,51,112,68,3160,52,123,72,1440,53,120,70,3920,54,130,88,1760,55,122,72,1440,56,125,76,4280,57,127,82,3500,58,128,66,2280,59,119,76,1520,60,116,82,1640,61,131,80,1600,62,119,72,1440,63,124,74,3160,64,112,82,1640,65,116,72,1440,66,116,90,1800,67,118,72,1440,68,115,76,6080,69,122,84,1680,70,114,70,3080,71,118,76,3560,72,115,74,1480,73,114,72,1440,74,117,72,1440,75,111,74,1480,76,120,66,1320,77,125,86,1720,78,126,72,3180,79,116,72,1440,80,118,88,1760,81,120,72,3060,82,118,70,3560,83,125,72,1440,84,118,76,1520,85,126,78,4380,86,121,70,1880,87,119,78,1560,88,119,68,1720,89,116,76,3140,90,116,68,2260,91,128,82,1640,92,122,68,1360,93,121,72,1620,94,114,70,1400,95,120,80,2920,96,126,76,1880,97,125,68,2860,98,126,92,4960,99,115,68,1360,100,117,74,1480
87,-123390,100196,1,127,78,1920,2,121,68,2500,3,118,88,1760,4,123,72,2820,5,132,82,1640,6,112,78,3420,7,124,74,1480,8,119,70,1400,9,121,78,1560,10,119,80,3520,11,118,72,3600,12,124,74,1480,13,123,72,2640,14,125,86,1720,15,127,74,2800,16,120,70,2900,17,120,70,1400,18,116,68,2920,19,120,76,1520,20,121,74,1480,21,121,70,1520,22,113,62,1780,23,115,74,5740,24,115,80,1600,25,124,84,2940,26,119,80,1600,27,119,66,3420,28,120,74,1480,29,125,70,2060,30,116,74,2620,31,114,70,1400,32,121,76,1520,33,130,78,2280,34,129,78,1560,35,121,72,2820,36,128,90,3600,37,120,94,4340,38,119,68,1360,39,121,68,1360,40,116,96,5580,41,116,74,4060,42,117,68,2440,43,120,72,1800,44,120,68,1360,45,117,74,3580,46,133,76,1520,47,122,64,1280,48,121,78,1560,49,123,82,1640,50,116,64,1280,51,124,78,3600,52,108,78,1560,53,125,88,4880,54,126,74,1480,55,116,74,1480,56,123,74,4180,57,122,70,2720,58,120,74,2320,59,120,70,1400,60,120,68,1360,61,121,68,1360,62,131,74,1480,63,115,70,2900,64,116,66,1320,65,134,90,1800,66,118,82,1640,67,125,74,1480,68,117,80,6400,69,119,66,1320,70,127,78,3420,71,119,64,2840,72,123,78,1560,73,130,74,1480,74,131,82,1640,75,129,84,1680,76,123,90,1800,77,115,74,1480,78,119,78,3480,79,131,80,1600,80,126,74,1480,81,118,74,3280,82,129,72,3240,83,116,72,1440,84,123,66,1320,85,123,74,4000,86,121,94,2600,87,122,68,1360,88,122,88,2120,89,120,78,3360,90,124,74,2380,91,119,70,1400,92,112,86,1720,93,122,70,1520,94,124,82,1640,95,123,76,2840,96,117,70,1760,97,125,74,2560,98,119,78,4260,99,130,86,1720,100,121,72,1440
88,-110835,101362,1,121,72,1920,2,119,82,2960,3,123,80,1600,4,116,82,3620,5,129,80,1600,6,116,74,3280,7,119,70,1400,8,125,90,1800,9,116,72,1440,10,122,70,3020,11,130,92,4600,12,117,74,1480,13,115,74,3160,14,115,72,1440,15,113,78,3180,16,121,96,4080,17,114,94,1880,18,115,100,4280,19,117,72,1440,20,116,72,1440,21,124,86,1900,22,130,78,2040,23,123,76,5900,24,121,72,1440,25,118,76,2540,26,123,72,1440,27,120,90,4620,28,114,72,1440,29,118,86,2800,30,119,76,2840,31,135,82,1640,32,118,68,1360,33,128,70,1940,34,122,66,1320,35,116,84,3660,36,124,88,3560,37,121,82,3620,38,123,90,1800,39,123,102,2040,40,115,82,4520,41,121,70,3740,42,128,88,2900,43,124,74,1960,44,118,78,1560,45,126,74,3580,46,118,78,1560,47,116,78,1560,48,120,66,1320,49,112,68,1360,50,124,84,1680,51,119,70,3200,52,117,76,1520,53,118,72,4020,54,113,76,1520,55,122,76,1520,56,119,74,4180,57,114,82,3260,58,117,68,2140,59,110,84,1680,60,116,84,1680,61,122,94,1880,62,120,70,1400,63,121,84,3840,64,124,86,1720,65,125,70,1400,66,123,74,1480,67,116,64,1280,68,119,70,5600,69,123,90,1800,70,120,74,3280,71,116,84,4020,72,116,72,1440,73,116,74,1480,74,124,72,1440,75,121,76,1520,76,116,74,1480,77,125,74,1480,78,122,72,3060,79,125,76,1520,80,117,80,1600,81,127,68,2980,82,115,72,3300,83,129,82,1640,84,121,84,1680,85,117,72,3960,86,115,78,2100,87,116,82,1640,88,118,72,1860,89,116,74,3100,90,115,76,2720,91,128,78,1560,92,109,68,1360,93,120,92,2020,94,114,68,1360,95,125,70,2720,96,127,82,2060,97,112,72,2580,98,118,70,3740,99,121,72,1440,100,111,70,1400
89,-130310,102499,1,112,74,2020,2,120,70,2420,3,117,68,1360,4,119,70,2960,5,119,68,1360,6,123,72,3360,7,120,84,1680,8,117,70,1400,9,124,78,1560,10,117,84,3720,11,128,82,4100,12,123,72,1440,13,119,72,3060,14,135,82,1640,15,121,72,2820,16,116,72,2820,17,115,72,1440,18,123,78,3480,19,134,80,1600,20,132,80,1600,21,117,80,1660,22,124,70,1940,23,115,76,5840,24,119,74,1480,25,123,74,2500,26,108,78,1560,27,114,74,3760,28,124,76,1520,29,119,66,2100,30,114,66,2340,31,129,68,1360,32,128,76,1520,33,114,76,2120,34,122,84,1680,35,116,74,3040,36,119,72,2820,37,112,76,3380,38,118,76,1520,39,120,76,1520,40,120,78,4320,41,116,88,4700,42,127,76,2660,43,119,70,1940,44,122,68,1360,45,111,82,3980,46,125,72,1440,47,120,68,1360,48,122,92,1840,49,119,78,1560,50,117,72,1440,51,123,82,3800,52,126,72,1440,53,126,78,4380,54,119,74,1480,55,116,72,1440,56,126,72,4020,57,115,70,2780,58,124,82,2660,59,115,76,1520,60,114,68,1360,61,115,74,1480,62,120,84,1680,63,120,72,2820,64,122,70,1400,65,114,76,1520,66,113,70,1400,67,119,80,1600,68,124,86,6880,69,115,76,1520,70,117,74,3400,71,126,70,3140,72,130,82,1640,73,122,72,1440,74,113,76,1520,75,117,72,1440,76,122,68,1360,77,116,70,1400,78,111,80,3640,79,123,68,1360,80,123,72,1440,81,112,88,4040,82,121,74,3340,83,122,66,1320,84,120,70,1400,85,124,86,4780,86,119,64,1880,87,126,72,1440,88,130,84,2040,89,136,88,4040,90,117,70,2540,91,119,72,1440,92,126,80,1600,93,118,76,1580,94,124,84,1680,95,120,90,3720,96,119,72,1800,97,121,80,2740,98,120,84,4560,99,117,72,1440,100,128,82,1640
90,-114035,103696,1,122,78,2220,2,118,78,2820,3,130,94,1880,4,116,94,4100,5,120,86,1720,6,108,76,3440,7,125,68,1360,8,130,82,1640,9,119,70,1400,10,120,74,3040,11,117,70,3620,12,114,78,1560,13,127,72,2940,14,131,64,1280,15,116,86,3760,16,126,80,3100,17,130,78,1560,18,112,78,3600,19,122,76,1520,20,123,66,1320,21,126,68,1420,22,112,80,2140,23,122,82,6500,24,121,72,1440,25,115,70,2360,26,119,72,1440,27,127,78,3840,28,118,62,1240,29,137,86,2620,30,123,82,2900,31,118,72,1440,32,122,72,1440,33,119,68,1960,34,117,74,1480,35,121,82,3860,36,126,80,3340,37,116,72,3060,38,122,68,1360,39,121,68,1360,40,120,72,3960,41,126,78,4140,42,122,68,2260,43,125,94,2540,44,114,82,1640,45,122,76,3800,46,111,78,1560,47,118,90,1800,48,116,74,1480,49,119,74,1480,50,135,84,1680,51,120,72,3360,52,112,76,1520,53,121,76,4220,54,120,66,1320,55,128,70,1400,56,115,86,4480,57,127,88,3800,58,113,68,2200,59,120,66,1320,60,128,80,1600,61,129,74,1480,62,124,74,1480,63,113,76,3020,64,115,88,1760,65,120,70,1400,66,124,74,1480,67,122,66,1320,68,116,76,6080,69,126,70,1400,70,124,76,3440,71,112,72,3180,72,124,76,1520,73,114,72,1440,74,120,66,1320,75,129,84,1680,76,125,96,1920,77,130,76,1520,78,118,68,2920,79,122,84,1680,80,104,74,1480,81,116,74,3400,82,119,68,2920,83,115,80,1600,84,131,94,1880,85,123,74,3940,86,126,76,2120,87,114,74,1480,88,121,68,1780,89,132,82,3560,90,133,76,2660,91,130,76,1520,92,118,64,1280,93,121,70,1460,94,112,70,1400,95,121,76,3140,96,128,78,1980,97,117,70,2300,98,123,66,3660,99,137,82,1640,100,123,72,1440
91,-120270,104921,1,114,72,1980,2,125,74,2380,3,125,74,1480,4,124,70,2840,5,118,70,1400,6,123,74,3280,7,125,82,1640,8,124,72,1440,9,123,82,1640,10,116,80,3520,11,125,82,4160,12,119,72,1440,13,119,74,3040,14,126,82,1640,15,123,70,3020,16,117,64,2600,17,123,74,1480,18,116,80,3640,19,114,66,1320,20,115,88,1760,21,115,76,1520,22,120,70,1880,23,122,74,5740,24,116,80,1600,25,137,84,3000,26,121,72,1440,27,114,74,3700,28,122,90,1800,29,130,74,2260,30,118,68,2260,31,131,76,1520,32,109,70,1400,33,126,86,2260,34,122,72,1440,35,115,70,2840,36,118,68,2860,37,130,82,3680,38,124,98,1960,39,113,88,1760,40,116,78,4440,41,113,74,4180,42,120,80,2980,43,120,76,2060,44,121,68,1360,45,113,78,3960,46,117,68,1360,47,126,76,1520,48,123,66,1320,49,121,74,1480,50,128,74,1480,51,122,76,3560,52,121,78,1560,53,120,70,3980,54,121,90,1800,55,110,74,1480,56,119,80,4060,57,122,82,3260,58,125,82,2900,59,114,88,1760,60,124,70,1400,61,114,74,1480,62,120,74,1480,63,123,70,2720,64,118,64,1280,65,127,86,1720,66,113,72,1440,67,122,88,1760,68,125,78,6240,69,110,76,1520,70,113,74,3280,71,129,72,3180,72,115,66,1320,73,129,80,1600,74,118,86,1720,75,121,68,1360,76,122,78,1560,77,112,78,1560,78,124,92,3760,79,115,70,1400,80,114,84,1680,81,124,74,3220,82,120,84,3900,83,120,64,1280,84,123,72,1440,85,114,66,3600,86,121,64,1820,87,122,76,1520,88,124,84,2100,89,121,76,3260,90,124,74,2740,91,113,74,1480,92,124,84,1680,93,118,92,1840,94,124,74,1480,95,120,72,2820,96,120,74,1900,97,130,82,3020,98,115,82,4280,99,129,72,1440,100,111,78,1560
92,-129665,106076,1,127,72,1980,2,118,76,2720,3,117,68,1360,4,116,82,3740,5,131,84,1680,6,117,70,3140,7,118,74,1480,8,110,84,1680,9,119,74,1480,10,123,66,2700,11,121,64,3140,12,130,74,1480,13,121,60,2400,14,127,74,1480,15,110,70,2840,16,131,88,3560,17,117,70,1400,18,119,78,3420,19,122,72,1440,20,118,76,1520,21,123,72,1440,22,121,92,2440,23,118,82,6440,24,121,72,1440,25,127,80,3040,26,115,76,1520,27,128,76,3800,28,118,70,1400,29,113,82,2240,30,121,82,2840,31,117,84,1680,32,126,78,1560,33,113,74,1900,34,112,76,1520,35,128,84,3780,36,123,82,3380,37,124,78,3600,38,116,80,1600,39,117,70,1400,40,123,76,4280,41,131,82,4400,42,126,70,2480,43,117,72,1980,44,110,70,1400,45,125,76,3800,46,125,86,1720,47,119,66,1320,48,110,82,1640,49,114,72,1440,50,119,76,1520,51,120,76,3800,52,111,72,1440,53,117,84,4800,54,119,70,1400,55,123,82,1640,56,121,76,3980,57,118,72,2880,58,115,74,2500,59,121,76,1520,60,111,82,1640,61,129,68,1360,62,118,72,1440,63,111,82,3440,64,122,70,1400,65,122,74,1480,66,126,80,1600,67,117,70,1400,68,118,74,5920,69,124,78,1560,70,130,82,3380,71,116,74,3160,72,124,80,1600,73,120,72,1440,74,124,70,1400,75,113,76,1520,76,116,72,1440,77,122,72,1440,78,114,74,2860,79,133,88,1760,80,117,70,1400,81,109,70,3140,82,122,72,3120,83,131,78,1560,84,114,74,1480,85,120,78,4200,86,128,76,1940,87,113,70,1400,88,118,60,1620,89,124,74,3220,90,118,70,2660,91,127,86,1720,92,119,72,1440,93,121,74,1480,94,113,66,1320,95,115,76,2840,96,119,72,1860,97,125,70,2480,98,118,80,4240,99,114,78,1560,100,117,68,1360
93,-127035,107205,1,114,80,2320,2,124,68,2440,3,123,86,1720,4,124,70,3020,5,124,68,1360,6,136,76,3200,7,122,72,1440,8,116,70,1400,9,120,68,1360,10,123,86,3220,11,126,74,3640,12,109,78,1560,13,117,74,2920,14,112,76,1520,15,121,72,3000,16,124,74,2740,17,128,78,1560,18,116,76,3380,19,109,72,1440,20,126,70,1400,21,110,74,1480,22,116,72,1920,23,117,68,5320,24,115,78,1560,25,125,70,2480,26,122,68,1360,27,116,72,3660,28,132,86,1720,29,121,74,2080,30,115,74,2560,31,122,78,1560,32,116,66,1320,33,125,82,2180,34,117,82,1640,35,120,72,3060,36,122,66,2640,37,121,70,2840,38,121,72,1440,39,130,82,1640,40,120,64,3440,41,124,74,3880,42,116,78,2880,43,129,82,2360,44,120,82,1640,45,113,76,3680,46,121,68,1360,47,135,72,1440,48,117,72,1440,49,128,80,1600,50,127,70,1400,51,115,72,3540,52,125,76,1520,53,122,72,4140,54,127,80,1600,55,118,72,1440,56,117,70,3620,57,127,82,3200,58,127,80,2860,59,112,70,1400,60,118,68,1360,61,120,78,1560,62,126,78,1560,63,114,68,2620,64,116,78,1560,65,118,70,1400,66,124,68,1360,67,130,76,1520,68,129,74,5920,69,121,66,1320,70,111,72,3120,71,132,68,3100,72,119,72,1440,73,123,76,1520,74,110,74,1480,75,119,76,1520,76,133,82,1640,77,110,80,1600,78,124,74,2980,79,125,72,1440,80,124,76,1520,81,128,80,3460,82,108,82,3620,83,121,66,1320,84,127,72,1440,85,113,66,3300,86,123,70,1940,87,125,84,1680,88,122,82,2120,89,112,74,3340,90,126,84,2940,91,120,72,1440,92,120,74,1480,93,113,60,1200,94,132,94,1880,95,120,72,2760,96,120,76,2000,97,116,74,2800,98,122,72,3720,99,116,66,1320,100,132,86,1720
94,-122270,108409,1,118,70,1940,2,111,82,2900,3,118,78,1560,4,115,82,3620,5,121,80,1600,6,117,84,3480,7,113,74,1480,8,129,76,1520,9,125,86,1720,10,119,70,2720,11,111,78,4020,12,120,74,1480,13,128,78,3240,14,119,72,1440,15,121,70,2720,16,111,72,2940,17,123,66,1320,18,122,70,2960,19,120,78,1560,20,108,76,1520,21,125,84,1680,22,140,84,2520,23,123,88,6860,24,122,70,1400,25,120,82,3080,26,117,92,1840,27,124,88,4580,28,119,70,1400,29,119,66,1980,30,126,80,2860,31,113,66,1320,32,122,74,1480,33,114,72,2040,34,126,76,1520,35,125,78,3540,36,119,84,3600,37,117,92,3700,38,108,70,1400,39,124,72,1440,40,120,84,4500,41,116,76,4280,42,116,68,2380,43,123,70,1940,44,117,70,1400,45,124,78,3900,46,119,88,1760,47,119,74,1480,48,130,80,1600,49,119,72,1440,50,117,74,1480,51,129,86,4360,52,116,66,1320,53,114,82,5000,54,119,64,1280,55,127,78,1560,56,120,86,4540,57,120,70,2720,58,116,72,2520,59,126,74,1480,60,129,82,1640,61,121,72,1440,62,120,64,1280,63,127,82,3140,64,118,68,1360,65,132,84,1680,66,123,88,1760,67,116,78,1560,68,116,80,6400,69,123,90,1800,70,125,80,3400,71,125,72,3420,72,130,74,1480,73,116,68,1360,74,123,84,1680,75,123,72,1440,76,123,68,1360,77,115,66,1320,78,117,70,2720,79,116,78,1560,80,115,64,1280,81,121,74,3280,82,121,72,3300,83,118,80,1600,84,119,70,1400,85,118,84,4260,86,126,88,2360,87,113,74,1480,88,116,68,1840,89,125,86,3520,90,115,74,2380,91,122,74,1480,92,122,72,1440,93,117,74,1480,94,121,74,1480,95,126,74,2800,96,121,74,1960,97,118,70,2420,98,121,80,4360,99,116,86,1720,100,124,82,1640
95,-106890,109650,1,128,86,2500,2,114,62,2020,3,124,68,1360,4,124,68,2800,5,118,74,1480,6,124,74,3280,7,128,80,1600,8,118,74,1480,9,121,76,1520,10,119,98,3820,11,121,78,4020,12,116,68,1360,13,122,68,2860,14,126,66,1320,15,120,94,3800,16,123,76,2840,17,117,86,1720,18,123,96,3960,19,118,70,1400,20,127,72,1440,21,117,66,1320,22,132,74,2200,23,116,82,6380,24,121,92,1840,25,119,74,2680,26,123,82,1640,27,120,78,4020,28,127,90,1800,29,121,92,2800,30,120,64,2060,31,116,82,1640,32,110,70,1400,33,126,72,2040,34,119,72,1440,35,114,64,2720,36,127,78,3120,37,120,78,3300,38,125,76,1520,39,114,74,1480,40,115,72,3960,41,119,72,3960,42,128,94,3440,43,117,80,2380,44,132,82,1640,45,118,76,3680,46,123,70,1400,47,122,64,1280,48,124,64,1280,49,122,74,1480,50,127,72,1440,51,118,70,3200,52,123,84,1680,53,116,74,4360,54,124,74,1480,55,119,74,1480,56,120,78,4080,57,130,90,3720,58,129,84,3060,59,117,76,1520,60,119,66,1320,61,112,72,1440,62,121,86,1720,63,119,70,2720,64,128,92,1840,65,127,76,1520,66,120,74,1480,67,119,68,1360,68,121,70,5600,69,116,80,1600,70,117,80,3400,71,120,72,3180,72,114,74,1480,73,126,94,1880,74,111,66,1320,75,108,72,1440,76,123,98,1960,77,128,90,1800,78,128,80,3460,79,118,66,1320,80,118,86,1720,81,121,70,3020,82,111,76,3860,83,122,70,1400,84,125,94,1880,85,120,72,3600,86,121,74,2080,87,127,84,1680,88,127,92,2320,89,119,76,3140,90,120,72,2520,91,115,74,1480,92,113,72,1440,93,124,72,1440,94,118,66,1320,95,113,76,2840,96,118,74,1960,97,124,88,3320,98,119,70,3800,99,128,70,1400,100,117,68,1360
96,-125165,110867,1,120,70,1820,2,120,78,2580,3,123,90,1800,4,120,90,4020,5,125,70,1400,6,119,76,3320,7,121,64,1280,8,122,62,1240,9,119,74,1480,10,118,84,3120,11,115,76,4220,12,125,84,1680,13,118,82,3380,14,121,80,1600,15,124,78,3060,16,116,74,3040,17,125,72,1440,18,112,80,3040,19,128,92,1840,20,111,76,1520,21,119,82,1640,22,120,78,2160,23,122,78,6060,24,121,78,1560,25,121,74,2680,26,120,68,1360,27,120,70,3680,28,116,72,1440,29,119,74,2020,30,122,78,2580,31,127,70,1400,32,124,76,1520,33,113,72,2040,34,122,74,1480,35,124,92,4060,36,119,70,2660,37,118,78,3360,38,115,70,1400,39,128,80,1600,40,125,78,4200,41,116,70,3800,42,119,86,3160,43,122,66,1740,44,128,72,1440,45,123,76,3740,46,113,74,1480,47,117,82,1640,48,118,86,1720,49,113,70,1400,50,115,68,1360,51,126,88,4100,52,119,74,1480,53,115,70,4160,54,113,68,1360,55,122,68,1360,56,115,76,3920,57,121,76,3020,58,118,76,2780,59,121,62,1240,60,126,80,1600,61,130,82,1640,62,114,72,1440,63,129,86,3280,64,124,74,1480,65,119,66,1320,66,116,72,1440,67,121,82,1640,68,112,86,6880,69,126,70,1400,70,124,78,3360,71,121,74,3160,72,127,74,1480,73,113,76,1520,74,129,82,1640,75,123,84,1680,76,114,78,1560,77,124,78,1560,78,124,66,2760,79,120,90,1800,80,120,64,1280,81,117,86,3580,82,122,72,3660,83,121,84,1680,84,114,80,1600,85,118,78,4080,86,125,68,1960,87,118,74,1480,88,122,74,1960,89,125,78,3420,90,126,70,2300,91,124,76,1520,92,128,70,1400,93,107,74,1480,94,123,68,1360,95,125,70,2600,96,126,72,1920,97,120,74,2920,98,128,94,5120,99,116,72,1440,100,127,84,1680
97,-125825,112056,1,120,84,2220,2,118,62,2080,3,119,72,1440,4,115,70,3020,5,115,70,1400,6,123,76,3140,7,125,90,1800,8,119,82,1640,9,123,72,1440,10,122,76,3020,11,123,72,3840,12,117,72,1440,13,117,68,2800,14,114,68,1360,15,115,70,2900,16,120,74,2800,17,112,72,1440,18,119,76,3260,19,118,76,1520,20,119,78,1560,21,124,66,1320,22,120,64,1940,23,112,84,6600,24,112,74,1480,25,111,66,2460,26,116,82,1640,27,123,86,4600,28,123,76,1520,29,122,66,1800,30,119,72,2280,31,109,82,1640,32,119,66,1320,33,129,88,2660,34,117,70,1400,35,118,74,3100,36,127,82,3080,37,122,78,3360,38,133,80,1600,39,120,70,1400,40,119,76,4160,41,122,88,4700,42,123,74,2620,43,127,94,2420,44,115,74,1480,45,120,76,3680,46,134,82,1640,47,118,74,1480,48,121,70,1400,49,132,84,1680,50,126,84,1680,51,117,68,3100,52,125,66,1320,53,124,84,4860,54,126,74,1480,55,113,82,1640,56,118,74,4060,57,125,68,2860,58,127,74,2680,59,120,90,1800,60,120,66,1320,61,121,72,1440,62,127,80,1600,63,126,72,2760,64,116,74,1480,65,132,78,1560,66,133,82,1640,67,122,74,1480,68,121,74,5920,69,115,74,1480,70,118,76,3140,71,115,80,3820,72,110,78,1560,73,117,72,1440,74,125,70,1400,75,117,78,1560,76,118,72,1440,77,118,70,1400,78,120,76,3020,79,118,82,1640,80,122,90,1800,81,125,76,2960,82,113,72,3600,83,119,76,1520,84,121,74,1480,85,124,68,3520,86,122,88,2660,87,118,72,1440,88,116,76,2000,89,110,68,2800,90,117,80,2860,91,117,68,1360,92,115,74,1480,93,123,72,1440,94,119,78,1560,95,113,84,3480,96,110,80,2080,97,123,68,2500,98,125,80,4300,99,132,80,1600,100,123,70,1400
98,-123460,113229,1,117,68,1600,2,124,74,2500,3,121,80,1600,4,125,78,3420,5,130,80,1600,6,116,72,3060,7,116,70,1400,8,124,72,1440,9,111,74,1480,10,119,74,2920,11,116,82,4580,12,131,80,1600,13,121,78,3360,14,130,82,1640,15,130,80,3460,16,124,70,2720,17,131,82,1640,18,121,74,3160,19,125,64,1280,20,122,74,1480,21,116,82,1640,22,120,76,2060,23,120,70,5480,24,127,88,1760,25,122,92,2920,26,122,74,1480,27,115,74,3880,28,120,72,1440,29,117,88,2420,30,125,78,2580,31,116,68,1360,32,128,82,1640,33,124,72,2220,34,134,84,1680,35,124,72,3300,36,120,66,2460,37,116,74,3280,38,130,68,1360,39,131,84,1680,40,124,74,4060,41,115,70,3680,42,120,76,3080,43,117,82,1880,44,125,68,1360,45,124,78,3780,46,129,64,1280,47,125,62,1240,48,118,92,1840,49,125,74,1480,50,122,68,1360,51,130,82,3920,52,116,84,1680,53,118,74,4120,54,115,72,1440,55,115,76,1520,56,120,68,3520,57,117,86,3580,58,112,78,2820,59,121,76,1520,60,123,82,1640,61,115,70,1400,62,119,72,1440,63,111,76,2840,64,122,70,1400,65,123,74,1480,66,123,70,1400,67,118,68,1360,68,119,84,6720,69,124,70,1400,70,122,74,3100,71,121,74,3340,72,116,70,1400,73,131,78,1560,74,114,70,1400,75,124,66,1320,76,129,86,1720,77,126,82,1640,78,120,70,2840,79,122,74,1480,80,118,70,1400,81,115,70,2780,82,125,82,4040,83,120,66,1320,84,120,58,1160,85,116,90,4620,86,119,78,2340,87,134,82,1640,88,120,68,1780,89,120,84,3060,90,121,68,2380,91,131,90,1800,92,122,76,1520,93,115,70,1400,94,128,68,1360,95,119,70,2600,96,116,70,1820,97,122,88,3320,98,119,76,4160,99,127,68,1360,100,116,76,1520
99,-115805,114418,1,128,78,1860,2,120,70,2420,3,118,74,1480,4,115,74,3100,5,126,66,1320,6,126,78,3360,7,122,86,1720,8,109,76,1520,9,130,96,1920,10,125,76,3500,11,119,70,3740,12,121,74,1480,13,117,68,2800,14,123,68,1360,15,126,70,2840,16,108,78,3000,17,126,72,1440,18,116,76,3380,19,122,94,1880,20,113,72,1440,21,121,66,1320,22,119,62,1780,23,122,94,7340,24,116,68,1360,25,117,76,2540,26,116,70,1400,27,120,80,4240,28,118,76,1520,29,128,74,2080,30,118,66,2340,31,130,78,1560,32,117,70,1400,33,113,72,2160,34,127,68,1360,35,118,72,3060,36,127,88,3500,37,124,74,3280,38,118,70,1400,39,126,78,1560,40,115,76,4340,41,122,82,4460,42,120,74,2980,43,122,70,1700,44,117,84,1680,45,116,74,3580,46,125,76,1520,47,114,70,1400,48,120,78,1560,49,115,72,1440,50,115,86,1720,51,122,80,3640,52,115,70,1400,53,127,86,5260,54,134,88,1760,55,124,68,1360,56,119,90,4680,57,121,68,2800,58,116,68,2500,59,119,60,1200,60,116,68,1360,61,130,88,1760,62,130,74,1480,63,127,82,3080,64,123,92,1840,65,114,70,1400,66,110,78,1560,67,125,100,2000,68,123,76,6080,69,115,68,1360,70,114,74,3280,71,118,76,3620,72,129,72,1440,73,123,70,1400,74,129,82,1640,75,117,78,1560,76,122,74,1480,77,119,68,1360,78,124,90,3780,79,116,66,1320,80,126,76,1520,81,129,84,3120,82,124,72,3480,83,123,86,1720,84,119,74,1480,85,121,74,3700,86,122,66,2040,87,125,76,1520,88,124,82,2240,89,121,72,2880,90,116,82,2900,91,124,78,1560,92,118,68,1360,93,126,80,1600,94,115,68,1360,95,115,86,3520,96,132,88,2360,97,119,74,2980,98,121,70,3920,99,119,84,1680,100,121,62,1240
