Step,TotalEnergy,NumTrans,CellID_1,Area_1,Perimeter_1,ContactEnergy_1,CentroidX_1,CentroidY_1,MCS_1,CellID_2,Area_2,Perimeter_2,ContactEnergy_2,CentroidX_2,CentroidY_2,MCS_2,CellID_3,Area_3,Perimeter_3,ContactEnergy_3,CentroidX_3,CentroidY_3,MCS_3,CellID_4,Area_4,Perimeter_4,ContactEnergy_4,CentroidX_4,CentroidY_4,MCS_4,CellID_5,Area_5,Perimeter_5,ContactEnergy_5,CentroidX_5,CentroidY_5,MCS_5,CellID_6,Area_6,Perimeter_6,ContactEnergy_6,CentroidX_6,CentroidY_6,MCS_6,CellID_7,Area_7,Perimeter_7,ContactEnergy_7,CentroidX_7,CentroidY_7,MCS_7,CellID_8,Area_8,Perimeter_8,ContactEnergy_8,CentroidX_8,CentroidY_8,MCS_8,CellID_9,Area_9,Perimeter_9,ContactEnergy_9,CentroidX_9,CentroidY_9,MCS_9,CellID_10,Area_10,Perimeter_10,ContactEnergy_10,CentroidX_10,CentroidY_10,MCS_10,CellID_11,Area_11,Perimeter_11,ContactEnergy_11,CentroidX_11,CentroidY_11,MCS_11,CellID_12,Area_12,Perimeter_12,ContactEnergy_12,CentroidX_12,CentroidY_12,MCS_12,CellID_13,Area_13,Perimeter_13,ContactEnergy_13,CentroidX_13,CentroidY_13,MCS_13,CellID_14,Area_14,Perimeter_14,ContactEnergy_14,CentroidX_14,CentroidY_14,MCS_14,CellID_15,Area_15,Perimeter_15,ContactEnergy_15,CentroidX_15,CentroidY_15,MCS_15,CellID_16,Area_16,Perimeter_16,ContactEnergy_16,CentroidX_16,CentroidY_16,MCS_16,CellID_17,Area_17,Perimeter_17,ContactEnergy_17,CentroidX_17,CentroidY_17,MCS_17,CellID_18,Area_18,Perimeter_18,ContactEnergy_18,CentroidX_18,CentroidY_18,MCS_18,CellID_19,Area_19,Perimeter_19,ContactEnergy_19,CentroidX_19,CentroidY_19,MCS_19,CellID_20,Area_20,Perimeter_20,ContactEnergy_20,CentroidX_20,CentroidY_20,MCS_20,CellID_21,Area_21,Perimeter_21,ContactEnergy_21,CentroidX_21,CentroidY_21,MCS_21,CellID_22,Area_22,Perimeter_22,ContactEnergy_22,CentroidX_22,CentroidY_22,MCS_22,CellID_23,Area_23,Perimeter_23,ContactEnergy_23,CentroidX_23,CentroidY_23,MCS_23,CellID_24,Area_24,Perimeter_24,ContactEnergy_24,CentroidX_24,CentroidY_24,MCS_24,CellID_25,Area_25,Perimeter_25,ContactEnergy_25,CentroidX_25,CentroidY_25,MCS_25,CellID_26,Area_26,Perimeter_26,ContactEnergy_26,CentroidX_26,CentroidY_26,MCS_26,CellID_27,Area_27,Perimeter_27,ContactEnergy_27,CentroidX_27,CentroidY_27,MCS_27,CellID_28,Area_28,Perimeter_28,ContactEnergy_28,CentroidX_28,CentroidY_28,MCS_28,CellID_29,Area_29,Perimeter_29,ContactEnergy_29,CentroidX_29,CentroidY_29,MCS_29,CellID_30,Area_30,Perimeter_30,ContactEnergy_30,CentroidX_30,CentroidY_30,MCS_30,CellID_31,Area_31,Perimeter_31,ContactEnergy_31,CentroidX_31,CentroidY_31,MCS_31,CellID_32,Area_32,Perimeter_32,ContactEnergy_32,CentroidX_32,CentroidY_32,MCS_32,CellID_33,Area_33,Perimeter_33,ContactEnergy_33,CentroidX_33,CentroidY_33,MCS_33,CellID_34,Area_34,Perimeter_34,ContactEnergy_34,CentroidX_34,CentroidY_34,MCS_34,CellID_35,Area_35,Perimeter_35,ContactEnergy_35,CentroidX_35,CentroidY_35,MCS_35,CellID_36,Area_36,Perimeter_36,ContactEnergy_36,CentroidX_36,CentroidY_36,MCS_36,CellID_37,Area_37,Perimeter_37,ContactEnergy_37,CentroidX_37,CentroidY_37,MCS_37,CellID_38,Area_38,Perimeter_38,ContactEnergy_38,CentroidX_38,CentroidY_38,MCS_38,CellID_39,Area_39,Perimeter_39,ContactEnergy_39,CentroidX_39,CentroidY_39,MCS_39,CellID_40,Area_40,Perimeter_40,ContactEnergy_40,CentroidX_40,CentroidY_40,MCS_40,CellID_41,Area_41,Perimeter_41,ContactEnergy_41,CentroidX_41,CentroidY_41,MCS_41,CellID_42,Area_42,Perimeter_42,ContactEnergy_42,CentroidX_42,CentroidY_42,MCS_42,CellID_43,Area_43,Perimeter_43,ContactEnergy_43,CentroidX_43,CentroidY_43,MCS_43,CellID_44,Area_44,Perimeter_44,ContactEnergy_44,CentroidX_44,CentroidY_44,MCS_44,CellID_45,Area_45,Perimeter_45,ContactEnergy_45,CentroidX_45,CentroidY_45,MCS_45,CellID_46,Area_46,Perimeter_46,ContactEnergy_46,CentroidX_46,CentroidY_46,MCS_46,CellID_47,Area_47,Perimeter_47,ContactEnergy_47,CentroidX_47,CentroidY_47,MCS_47,CellID_48,Area_48,Perimeter_48,ContactEnergy_48,CentroidX_48,CentroidY_48,MCS_48,CellID_49,Area_49,Perimeter_49,ContactEnergy_49,CentroidX_49,CentroidY_49,MCS_49,CellID_50,Area_50,Perimeter_50,ContactEnergy_50,CentroidX_50,CentroidY_50,MCS_50,CellID_51,Area_51,Perimeter_51,ContactEnergy_51,CentroidX_51,CentroidY_51,MCS_51,CellID_52,Area_52,Perimeter_52,ContactEnergy_52,CentroidX_52,CentroidY_52,MCS_52,CellID_53,Area_53,Perimeter_53,ContactEnergy_53,CentroidX_53,CentroidY_53,MCS_53,CellID_54,Area_54,Perimeter_54,ContactEnergy_54,CentroidX_54,CentroidY_54,MCS_54,CellID_55,Area_55,Perimeter_55,ContactEnergy_55,CentroidX_55,CentroidY_55,MCS_55,CellID_56,Area_56,Perimeter_56,ContactEnergy_56,CentroidX_56,CentroidY_56,MCS_56,CellID_57,Area_57,Perimeter_57,ContactEnergy_57,CentroidX_57,CentroidY_57,MCS_57,CellID_58,Area_58,Perimeter_58,ContactEnergy_58,CentroidX_58,CentroidY_58,MCS_58,CellID_59,Area_59,Perimeter_59,ContactEnergy_59,CentroidX_59,CentroidY_59,MCS_59,CellID_60,Area_60,Perimeter_60,ContactEnergy_60,CentroidX_60,CentroidY_60,MCS_60,CellID_61,Area_61,Perimeter_61,ContactEnergy_61,CentroidX_61,CentroidY_61,MCS_61,CellID_62,Area_62,Perimeter_62,ContactEnergy_62,CentroidX_62,CentroidY_62,MCS_62,CellID_63,Area_63,Perimeter_63,ContactEnergy_63,CentroidX_63,CentroidY_63,MCS_63,CellID_64,Area_64,Perimeter_64,ContactEnergy_64,CentroidX_64,CentroidY_64,MCS_64,CellID_65,Area_65,Perimeter_65,ContactEnergy_65,CentroidX_65,CentroidY_65,MCS_65,CellID_66,Area_66,Perimeter_66,ContactEnergy_66,CentroidX_66,CentroidY_66,MCS_66,CellID_67,Area_67,Perimeter_67,ContactEnergy_67,CentroidX_67,CentroidY_67,MCS_67,CellID_68,Area_68,Perimeter_68,ContactEnergy_68,CentroidX_68,CentroidY_68,MCS_68,CellID_69,Area_69,Perimeter_69,ContactEnergy_69,CentroidX_69,CentroidY_69,MCS_69,CellID_70,Area_70,Perimeter_70,ContactEnergy_70,CentroidX_70,CentroidY_70,MCS_70,CellID_71,Area_71,Perimeter_71,ContactEnergy_71,CentroidX_71,CentroidY_71,MCS_71,CellID_72,Area_72,Perimeter_72,ContactEnergy_72,CentroidX_72,CentroidY_72,MCS_72,CellID_73,Area_73,Perimeter_73,ContactEnergy_73,CentroidX_73,CentroidY_73,MCS_73,CellID_74,Area_74,Perimeter_74,ContactEnergy_74,CentroidX_74,CentroidY_74,MCS_74,CellID_75,Area_75,Perimeter_75,ContactEnergy_75,CentroidX_75,CentroidY_75,MCS_75,CellID_76,Area_76,Perimeter_76,ContactEnergy_76,CentroidX_76,CentroidY_76,MCS_76,CellID_77,Area_77,Perimeter_77,ContactEnergy_77,CentroidX_77,CentroidY_77,MCS_77,CellID_78,Area_78,Perimeter_78,ContactEnergy_78,CentroidX_78,CentroidY_78,MCS_78,CellID_79,Area_79,Perimeter_79,ContactEnergy_79,CentroidX_79,CentroidY_79,MCS_79,CellID_80,Area_80,Perimeter_80,ContactEnergy_80,CentroidX_80,CentroidY_80,MCS_80,CellID_81,Area_81,Perimeter_81,ContactEnergy_81,CentroidX_81,CentroidY_81,MCS_81,CellID_82,Area_82,Perimeter_82,ContactEnergy_82,CentroidX_82,CentroidY_82,MCS_82,CellID_83,Area_83,Perimeter_83,ContactEnergy_83,CentroidX_83,CentroidY_83,MCS_83,CellID_84,Area_84,Perimeter_84,ContactEnergy_84,CentroidX_84,CentroidY_84,MCS_84,CellID_85,Area_85,Perimeter_85,ContactEnergy_85,CentroidX_85,CentroidY_85,MCS_85,CellID_86,Area_86,Perimeter_86,ContactEnergy_86,CentroidX_86,CentroidY_86,MCS_86,CellID_87,Area_87,Perimeter_87,ContactEnergy_87,CentroidX_87,CentroidY_87,MCS_87,CellID_88,Area_88,Perimeter_88,ContactEnergy_88,CentroidX_88,CentroidY_88,MCS_88,CellID_89,Area_89,Perimeter_89,ContactEnergy_89,CentroidX_89,CentroidY_89,MCS_89,CellID_90,Area_90,Perimeter_90,ContactEnergy_90,CentroidX_90,CentroidY_90,MCS_90,CellID_91,Area_91,Perimeter_91,ContactEnergy_91,CentroidX_91,CentroidY_91,MCS_91,CellID_92,Area_92,Perimeter_92,ContactEnergy_92,CentroidX_92,CentroidY_92,MCS_92,CellID_93,Area_93,Perimeter_93,ContactEnergy_93,CentroidX_93,CentroidY_93,MCS_93,CellID_94,Area_94,Perimeter_94,ContactEnergy_94,CentroidX_94,CentroidY_94,MCS_94,CellID_95,Area_95,Perimeter_95,ContactEnergy_95,CentroidX_95,CentroidY_95,MCS_95,CellID_96,Area_96,Perimeter_96,ContactEnergy_96,CentroidX_96,CentroidY_96,MCS_96,CellID_97,Area_97,Perimeter_97,ContactEnergy_97,CentroidX_97,CentroidY_97,MCS_97,CellID_98,Area_98,Perimeter_98,ContactEnergy_98,CentroidX_98,CentroidY_98,MCS_98,CellID_99,Area_99,Perimeter_99,ContactEnergy_99,CentroidX_99,CentroidY_99,MCS_99,CellID_100,Area_100,Perimeter_100,ContactEnergy_100,CentroidX_100,CentroidY_100,MCS_100
0,7242280,334,1,8,14,280,2,13,18,360,3,10,22,440,4,8,14,280,5,11,16,320,6,10,18,360,7,12,16,320,8,12,18,360,9,9,16,320,10,8,14,280,11,13,20,400,12,12,18,360,13,9,16,320,14,12,18,360,15,11,16,320,16,12,20,400,17,13,20,640,18,9,16,320,19,12,22,440,20,12,16,560,21,10,18,360,22,12,18,360,23,11,20,400,24,10,20,400,25,11,16,320,26,10,22,440,27,16,20,400,28,10,14,280,29,10,14,280,30,13,20,400,31,8,14,280,32,10,18,360,33,9,16,320,34,13,22,440,35,11,20,400,36,10,18,360,37,9,16,320,38,14,22,440,39,12,20,400,40,16,20,400,41,12,20,400,42,12,16,320,43,11,20,400,44,13,22,440,45,14,20,400,46,12,18,360,47,13,22,440,48,11,16,320,49,8,14,280,50,11,20,400,51,9,16,320,52,11,20,520,53,10,14,280,54,10,14,280,55,11,16,320,56,9,16,320,57,12,20,400,58,12,20,400,59,10,18,360,60,10,18,360,61,13,20,400,62,12,18,360,63,13,24,480,64,12,22,440,65,11,14,280,66,13,18,360,67,15,20,400,68,9,12,240,69,12,16,320,70,11,14,280,71,11,16,320,72,11,16,320,73,10,22,440,74,12,22,440,75,12,18,360,76,12,18,360,77,10,18,360,78,13,18,360,79,9,16,320,80,11,22,440,81,10,18,480,82,10,18,360,83,10,18,360,84,12,16,320,85,11,20,400,86,12,18,360,87,11,16,320,88,10,18,360,89,13,22,440,90,11,20,400,91,12,18,360,92,12,18,360,93,11,16,320,94,12,18,360,95,14,18,360,96,11,16,320,97,14,20,400,98,9,16,320,99,9,16,320,100,10,18,360
1,6655840,724,1,9,16,320,2,18,24,480,3,15,22,440,4,8,14,280,5,16,22,440,6,14,24,480,7,15,20,400,8,13,20,400,9,16,24,480,10,9,16,320,11,19,30,600,12,16,24,480,13,12,22,440,14,14,22,440,15,12,22,440,16,19,28,560,17,17,24,840,18,11,20,400,19,16,26,520,20,18,22,800,21,15,22,440,22,17,22,440,23,14,18,360,24,14,22,440,25,16,20,400,26,16,26,520,27,20,26,520,28,14,22,440,29,10,16,320,30,20,26,520,31,11,18,420,32,12,20,460,33,11,20,400,34,19,24,480,35,16,20,400,36,13,22,440,37,10,18,360,38,19,28,560,39,17,26,520,40,20,22,440,41,16,24,480,42,15,24,480,43,15,22,440,44,19,22,440,45,19,22,440,46,15,22,440,47,16,20,400,48,12,20,400,49,11,18,360,50,11,20,400,51,13,22,440,52,15,20,520,53,14,18,360,54,14,22,440,55,13,22,440,56,11,20,400,57,16,18,360,58,15,24,480,59,11,20,400,60,14,20,400,61,19,24,480,62,17,26,520,63,19,34,680,64,17,20,400,65,16,20,400,66,14,22,440,67,21,24,480,68,13,18,360,69,14,20,400,70,14,20,400,71,14,20,400,72,16,20,400,73,16,24,480,74,15,22,440,75,15,22,440,76,15,22,440,77,12,18,360,78,16,24,540,79,10,18,360,80,16,24,480,81,13,22,560,82,13,24,480,83,13,24,480,84,14,28,620,85,11,20,400,86,16,22,440,87,12,22,440,88,12,20,400,89,19,26,520,90,16,26,520,91,16,22,440,92,17,20,400,93,14,24,480,94,16,22,440,95,16,22,440,96,14,22,440,97,17,20,400,98,11,20,400,99,15,24,480,100,16,24,480
2,6089695,1145,1,11,18,360,2,23,26,520,3,19,28,560,4,9,20,400,5,22,26,520,6,17,24,480,7,20,22,440,8,14,20,400,9,18,24,480,10,11,18,360,11,24,34,680,12,17,26,520,13,18,28,560,14,20,24,480,15,15,24,480,16,26,38,820,17,21,28,980,18,14,24,480,19,21,28,560,20,18,22,860,21,19,28,560,22,22,24,480,23,19,26,520,24,21,30,600,25,17,20,400,26,19,24,480,27,28,36,720,28,18,26,520,29,11,20,400,30,28,38,760,31,14,24,600,32,19,24,600,33,17,26,520,34,23,24,480,35,22,26,520,36,20,26,580,37,12,20,400,38,22,24,480,39,21,28,560,40,22,26,520,41,21,24,480,42,18,24,480,43,19,26,520,44,24,26,520,45,24,24,480,46,22,30,600,47,19,22,440,48,15,20,400,49,18,28,560,50,17,22,440,51,16,24,480,52,19,28,680,53,18,20,400,54,15,22,440,55,17,28,560,56,14,22,440,57,19,22,440,58,21,24,480,59,15,24,480,60,20,26,520,61,24,24,480,62,21,28,560,63,27,34,680,64,24,30,600,65,18,26,520,66,17,20,400,67,25,30,600,68,17,26,520,69,18,20,400,70,20,26,520,71,16,20,400,72,22,26,520,73,19,28,560,74,18,24,480,75,18,22,440,76,18,24,480,77,16,24,480,78,18,26,580,79,11,16,320,80,21,30,600,81,19,26,640,82,17,28,560,83,16,24,480,84,17,22,500,85,16,22,440,86,19,22,440,87,16,26,520,88,18,24,480,89,25,32,640,90,22,32,640,91,22,24,480,92,22,24,480,93,16,22,440,94,18,22,440,95,16,22,440,96,17,20,400,97,22,24,480,98,13,24,480,99,21,26,520,100,22,28,560
3,5382425,1685,1,13,18,360,2,28,32,640,3,29,40,800,4,13,22,440,5,25,30,600,6,23,24,480,7,22,26,520,8,15,22,440,9,25,34,680,10,14,20,400,11,30,38,760,12,21,30,600,13,24,28,560,14,26,26,520,15,23,32,640,16,31,44,1000,17,27,34,1160,18,17,26,520,19,25,36,720,20,20,22,920,21,23,30,600,22,26,26,520,23,26,34,680,24,31,34,680,25,21,24,480,26,26,28,560,27,36,42,840,28,25,30,600,29,14,26,520,30,35,44,880,31,19,30,720,32,28,32,880,33,23,26,520,34,25,26,520,35,30,36,720,36,24,28,680,37,16,22,440,38,29,32,640,39,26,32,640,40,29,34,680,41,27,28,560,42,25,32,640,43,23,30,600,44,32,32,640,45,31,26,520,46,30,30,600,47,24,30,600,48,19,28,560,49,21,30,600,50,21,26,520,51,19,24,480,52,26,30,900,53,25,30,600,54,20,28,560,55,27,32,640,56,21,24,480,57,22,28,560,58,24,22,440,59,22,28,560,60,26,28,560,61,31,30,600,62,27,32,640,63,36,38,760,64,28,30,600,65,25,32,640,66,25,22,440,67,32,26,520,68,25,30,600,69,22,26,520,70,24,32,640,71,19,24,480,72,25,28,560,73,29,34,680,74,24,32,640,75,22,26,520,76,24,28,560,77,20,24,480,78,22,28,620,79,13,18,360,80,26,34,680,81,26,32,940,82,23,22,440,83,21,30,720,84,20,20,460,85,20,30,600,86,24,30,600,87,21,28,560,88,24,26,520,89,32,46,920,90,27,36,720,91,27,30,600,92,30,36,720,93,20,24,480,94,21,26,520,95,21,24,480,96,20,28,560,97,27,32,640,98,17,24,480,99,28,28,560,100,27,34,680
4,4694440,2285,1,16,24,480,2,34,34,680,3,34,36,720,4,16,24,480,5,30,34,680,6,25,28,560,7,26,34,680,8,20,26,520,9,31,38,760,10,17,22,440,11,35,38,760,12,32,32,640,13,35,28,560,14,30,32,640,15,29,38,760,16,37,48,1080,17,33,38,1300,18,23,30,600,19,33,38,760,20,27,26,1060,21,27,36,720,22,30,28,560,23,33,38,760,24,34,30,600,25,25,28,560,26,30,32,640,27,45,42,840,28,30,34,740,29,18,34,680,30,47,60,1200,31,25,28,740,32,30,36,1200,33,28,32,640,34,26,26,520,35,39,44,880,36,28,28,680,37,20,26,520,38,37,36,720,39,32,38,760,40,34,34,680,41,33,32,640,42,32,30,600,43,32,32,640,44,39,38,820,45,36,34,680,46,39,40,800,47,31,34,680,48,26,38,760,49,26,28,560,50,25,28,560,51,25,28,560,52,30,34,1100,53,32,30,600,54,25,32,640,55,33,36,720,56,28,30,600,57,27,30,600,58,28,32,640,59,26,26,520,60,33,30,600,61,37,34,680,62,32,32,640,63,47,48,960,64,32,34,680,65,29,34,680,66,30,30,600,67,36,38,760,68,28,30,600,69,24,28,560,70,30,34,680,71,26,28,560,72,30,34,740,73,39,40,860,74,29,36,720,75,29,32,640,76,31,36,720,77,28,30,600,78,29,28,620,79,18,22,440,80,33,42,840,81,31,34,1100,82,24,28,560,83,31,40,1100,84,25,32,700,85,26,28,560,86,32,32,640,87,27,32,640,88,29,28,560,89,43,50,1000,90,35,42,840,91,30,34,680,92,37,34,680,93,23,26,520,94,28,32,640,95,26,26,520,96,26,34,680,97,32,32,640,98,24,28,560,99,34,40,800,100,33,40,800
5,3971930,2949,1,20,30,600,2,38,40,800,3,45,40,800,4,23,30,600,5,37,32,640,6,26,30,600,7,35,38,760,8,25,28,560,9,37,42,840,10,22,28,560,11,40,40,800,12,38,32,760,13,38,36,720,14,39,38,760,15,36,38,760,16,47,48,1140,17,36,44,1780,18,33,38,760,19,37,40,800,20,32,38,1660,21,36,40,800,22,35,30,720,23,40,42,840,24,41,40,800,25,29,34,680,26,36,38,760,27,50,48,960,28,40,38,820,29,22,30,600,30,58,58,1160,31,32,40,1340,32,37,44,1720,33,32,36,720,34,28,28,560,35,43,48,960,36,33,34,860,37,27,38,760,38,40,36,720,39,38,44,880,40,44,38,760,41,37,32,640,42,39,38,760,43,39,32,640,44,49,40,980,45,40,38,760,46,47,42,840,47,44,40,800,48,33,42,960,49,29,28,560,50,29,30,600,51,33,36,720,52,38,40,1400,53,34,32,640,54,33,40,800,55,42,38,760,56,34,32,640,57,29,34,680,58,36,42,840,59,34,36,720,60,42,42,840,61,40,36,720,62,38,36,720,63,49,50,1000,64,41,44,880,65,38,42,960,66,39,36,720,67,44,38,760,68,35,34,680,69,28,30,600,70,42,46,920,71,32,30,600,72,35,38,820,73,47,42,1020,74,40,44,880,75,38,36,720,76,40,40,800,77,36,36,720,78,33,30,840,79,21,26,520,80,41,48,960,81,35,34,1160,82,32,32,640,83,36,36,1020,84,34,38,880,85,33,32,640,86,42,34,680,87,33,34,680,88,34,32,640,89,53,50,1000,90,44,54,1080,91,39,38,760,92,41,38,760,93,28,34,680,94,35,40,800,95,34,32,640,96,30,38,760,97,41,32,640,98,32,34,680,99,40,36,720,100,37,42,840
6,3286295,3650,1,29,36,720,2,49,52,1040,3,51,48,960,4,29,36,720,5,44,38,760,6,35,34,680,7,41,44,880,8,30,34,680,9,40,40,800,10,29,36,720,11,45,44,880,12,45,40,1040,13,46,40,800,14,49,40,800,15,39,36,720,16,56,56,1420,17,48,54,2280,18,41,42,840,19,40,42,840,20,33,44,2080,21,43,48,960,22,38,34,860,23,44,42,840,24,50,42,840,25,31,34,680,26,41,42,840,27,58,52,1040,28,46,38,820,29,30,32,640,30,71,70,1400,31,37,46,1580,32,39,48,2040,33,42,40,800,34,36,32,640,35,51,58,1160,36,41,38,1060,37,36,48,960,38,50,44,880,39,47,54,1260,40,45,38,760,41,46,38,760,42,47,38,760,43,43,34,680,44,55,46,1220,45,44,42,840,46,54,48,960,47,48,46,920,48,40,48,1200,49,36,36,720,50,37,36,720,51,39,34,680,52,42,48,1680,53,40,32,820,54,39,40,800,55,49,40,800,56,43,38,760,57,39,36,720,58,41,46,920,59,37,34,680,60,50,46,920,61,47,44,880,62,49,42,840,63,57,54,1080,64,46,44,880,65,44,48,1140,66,48,38,760,67,51,42,900,68,40,36,720,69,35,38,760,70,51,44,880,71,39,36,720,72,40,42,900,73,53,44,1180,74,52,50,1000,75,48,44,880,76,48,52,1040,77,42,38,760,78,41,40,1460,79,23,26,520,80,54,52,1040,81,46,34,1220,82,39,36,720,83,44,40,1220,84,39,36,1200,85,40,34,680,86,49,44,880,87,39,42,840,88,39,40,800,89,61,62,1240,90,49,56,1120,91,45,46,920,92,48,46,920,93,32,36,720,94,42,48,960,95,39,38,760,96,39,46,920,97,47,36,720,98,38,36,780,99,46,36,720,100,50,44,880
7,2608120,4455,1,34,36,720,2,59,54,1080,3,67,50,1000,4,38,34,680,5,48,44,880,6,42,40,800,7,48,44,880,8,37,36,720,9,49,48,960,10,36,40,800,11,56,48,960,12,51,42,1200,13,54,42,840,14,60,50,1000,15,43,38,760,16,66,60,1500,17,55,60,2640,18,52,48,960,19,45,46,920,20,38,54,2520,21,53,52,1040,22,48,38,1060,23,50,48,960,24,56,50,1000,25,34,38,760,26,49,44,940,27,68,54,1080,28,54,40,1160,29,37,38,760,30,85,66,1320,31,43,48,1800,32,47,56,2500,33,52,46,920,34,47,40,800,35,63,62,1300,36,46,36,1020,37,43,48,960,38,61,54,1080,39,56,62,1600,40,53,40,800,41,55,46,920,42,52,42,840,43,50,40,800,44,65,50,1540,45,51,46,980,46,63,56,1120,47,55,52,1040,48,49,52,1400,49,43,40,800,50,48,42,840,51,44,36,720,52,51,52,1820,53,43,40,1160,54,49,50,1000,55,59,42,840,56,51,38,760,57,51,52,1040,58,52,46,920,59,46,36,720,60,58,48,960,61,54,46,920,62,59,42,840,63,65,56,1120,64,55,54,1080,65,53,56,1420,66,55,44,880,67,61,50,1060,68,46,42,840,69,46,36,720,70,61,44,880,71,48,36,720,72,44,42,1200,73,60,48,1500,74,63,58,1160,75,58,52,1040,76,56,52,1040,77,46,38,760,78,45,44,1660,79,29,28,560,80,64,54,1080,81,48,42,1440,82,43,42,840,83,47,48,1500,84,43,36,1200,85,47,38,760,86,57,50,1000,87,45,48,1020,88,47,48,960,89,74,62,1240,90,62,58,1160,91,52,54,1080,92,59,52,1040,93,36,38,760,94,50,54,1080,95,51,44,880,96,48,48,960,97,54,42,840,98,42,36,780,99,52,40,800,100,53,46,920
8,1979705,5316,1,40,38,760,2,68,52,1040,3,75,60,1200,4,48,42,840,5,57,46,920,6,53,50,1000,7,57,48,960,8,42,36,720,9,59,52,1040,10,51,46,920,11,64,46,920,12,59,46,1340,13,67,46,920,14,70,50,1000,15,54,48,1020,16,70,62,1900,17,61,72,3060,18,61,50,1000,19,51,46,920,20,49,62,2860,21,58,54,1080,22,55,40,1100,23,57,52,1100,24,65,56,1120,25,42,42,840,26,54,48,1320,27,80,58,1160,28,62,50,1660,29,41,44,880,30,93,68,1360,31,47,56,2080,32,52,62,2920,33,63,50,1000,34,55,48,960,35,80,60,1260,36,48,44,1540,37,45,50,1000,38,70,54,1080,39,68,56,1660,40,59,44,880,41,69,48,960,42,60,46,920,43,56,44,880,44,79,58,1940,45,62,54,1140,46,71,58,1160,47,64,56,1120,48,58,52,1460,49,52,38,760,50,57,42,840,51,50,38,760,52,56,62,2500,53,49,46,1460,54,59,56,1120,55,68,50,1000,56,57,46,920,57,61,54,1080,58,59,46,920,59,53,40,800,60,65,48,960,61,64,56,1120,62,66,50,1000,63,77,58,1220,64,65,54,1080,65,58,54,1560,66,62,44,880,67,70,46,980,68,55,40,800,69,51,40,800,70,67,48,960,71,58,46,920,72,54,46,1580,73,63,52,1820,74,70,66,1320,75,71,52,1040,76,63,54,1080,77,54,46,920,78,48,46,2000,79,31,30,600,80,72,54,1080,81,52,48,1920,82,53,46,920,83,56,56,1840,84,47,38,1300,85,54,44,880,86,66,56,1120,87,58,50,1180,88,62,60,1200,89,87,66,1320,90,73,64,1280,91,62,52,1040,92,71,54,1080,93,44,46,980,94,62,60,1200,95,59,48,960,96,62,50,1000,97,64,48,960,98,52,40,860,99,58,44,880,100,65,54,1080
9,1386990,6242,1,50,44,880,2,79,54,1080,3,88,68,1360,4,61,48,960,5,68,50,1000,6,61,54,1080,7,66,56,1120,8,49,44,880,9,68,56,1120,10,59,52,1040,11,74,52,1040,12,67,50,1780,13,75,48,960,14,77,52,1040,15,65,56,1300,16,76,58,1940,17,71,74,3340,18,73,54,1080,19,58,46,920,20,55,68,3220,21,64,62,1240,22,59,44,1300,23,68,52,1100,24,80,64,1280,25,47,46,920,26,60,50,1600,27,88,64,1280,28,67,56,2320,29,44,42,840,30,108,76,1520,31,63,62,2500,32,56,68,3460,33,69,56,1120,34,68,54,1080,35,96,66,1740,36,58,54,1860,37,54,52,1040,38,78,60,1200,39,76,62,1960,40,68,56,1120,41,78,50,1000,42,67,48,960,43,62,48,960,44,84,66,2340,45,69,62,1660,46,81,60,1200,47,76,72,1440,48,68,58,1940,49,64,46,920,50,68,44,880,51,56,42,840,52,58,66,3000,53,61,58,1880,54,71,60,1200,55,75,54,1080,56,69,56,1120,57,71,60,1200,58,74,52,1040,59,56,38,760,60,74,62,1240,61,71,56,1120,62,77,58,1160,63,88,64,1460,64,71,58,1160,65,69,60,2100,66,75,52,1040,67,74,54,1200,68,63,46,920,69,60,48,960,70,80,48,960,71,67,50,1000,72,62,60,2400,73,68,58,2180,74,80,62,1240,75,82,56,1120,76,73,62,1240,77,62,52,1040,78,55,50,2200,79,38,38,760,80,81,60,1200,81,59,58,2540,82,63,50,1000,83,60,62,2080,84,56,46,1580,85,67,52,1040,86,75,56,1120,87,68,60,1440,88,74,58,1160,89,94,64,1280,90,93,62,1240,91,76,58,1160,92,77,56,1120,93,53,52,1100,94,69,60,1200,95,69,56,1120,96,71,54,1080,97,71,52,1040,98,58,42,960,99,68,56,1120,100,74,60,1200
10,886920,7262,1,58,50,1000,2,90,52,1040,3,100,68,1360,4,69,58,1160,5,75,54,1080,6,73,62,1240,7,80,70,1400,8,59,52,1040,9,77,58,1160,10,68,50,1000,11,83,56,1120,12,71,62,2320,13,79,56,1120,14,90,60,1200,15,72,64,1520,16,84,62,2140,17,76,84,3780,18,83,60,1200,19,65,58,1160,20,65,70,3500,21,75,60,1200,22,69,48,1500,23,80,52,1160,24,86,66,1320,25,58,50,1000,26,64,54,1980,27,104,78,1560,28,73,64,2600,29,53,52,1040,30,122,76,1520,31,64,66,2880,32,64,72,3960,33,74,60,1200,34,80,60,1200,35,110,76,2300,36,68,60,2100,37,60,58,1160,38,91,68,1360,39,89,74,2380,40,78,54,1080,41,81,70,1400,42,77,52,1040,43,74,52,1040,44,89,76,2840,45,79,66,2100,46,99,64,1280,47,91,68,1360,48,81,72,2520,49,72,50,1000,50,75,52,1040,51,65,46,920,52,67,72,3300,53,74,60,2100,54,83,66,1320,55,87,62,1240,56,85,66,1320,57,82,68,1360,58,84,62,1240,59,65,50,1060,60,90,56,1120,61,74,52,1040,62,91,54,1080,63,97,70,1640,64,80,60,1200,65,77,68,2500,66,84,64,1340,67,85,58,1460,68,70,50,1000,69,66,44,880,70,87,66,1320,71,80,56,1120,72,72,60,2520,73,74,64,2600,74,94,74,1480,75,91,60,1200,76,89,64,1400,77,71,58,1160,78,62,56,2800,79,43,38,760,80,91,64,1280,81,66,62,3100,82,73,56,1120,83,71,62,2200,84,60,50,1720,85,76,60,1200,86,88,62,1240,87,79,64,1820,88,84,60,1200,89,106,70,1400,90,109,66,1320,91,86,56,1120,92,90,64,1280,93,60,52,1160,94,78,58,1160,95,78,62,1240,96,81,52,1040,97,81,60,1200,98,66,50,1300,99,82,56,1120,100,85,64,1280
11,494930,8330,1,66,60,1200,2,95,66,1320,3,110,70,1400,4,78,62,1240,5,84,58,1160,6,84,68,1360,7,92,64,1280,8,72,58,1160,9,84,62,1240,10,76,56,1120,11,95,66,1320,12,76,68,2800,13,88,60,1200,14,104,62,1240,15,82,52,1340,16,93,68,2560,17,86,90,3900,18,95,66,1380,19,71,56,1120,20,74,72,3540,21,83,60,1200,22,80,54,1740,23,89,60,1380,24,101,66,1380,25,66,50,1000,26,77,58,2720,27,119,68,1360,28,86,76,3260,29,60,58,1160,30,113,68,1360,31,75,68,3040,32,72,74,4240,33,85,64,1280,34,91,58,1160,35,117,82,2540,36,77,62,2440,37,73,66,1320,38,102,72,1440,39,104,84,2760,40,87,64,1280,41,95,68,1360,42,90,54,1080,43,77,50,1000,44,103,72,2820,45,90,66,2220,46,115,74,1480,47,105,78,1560,48,90,72,2880,49,81,56,1120,50,83,62,1240,51,76,50,1000,52,74,70,3440,53,80,64,2360,54,93,74,1480,55,96,66,1320,56,100,80,1600,57,89,66,1320,58,99,68,1360,59,74,48,1020,60,92,62,1240,61,76,52,1040,62,96,62,1240,63,110,66,1620,64,91,64,1280,65,87,64,3200,66,89,64,1700,67,91,64,1760,68,81,56,1120,69,74,52,1040,70,104,64,1280,71,92,56,1120,72,81,72,3180,73,81,58,2540,74,111,80,1600,75,105,68,1360,76,102,68,1840,77,83,60,1200,78,63,64,3140,79,51,44,880,80,105,68,1360,81,72,62,3280,82,85,68,1360,83,80,60,2280,84,72,58,2060,85,88,64,1280,86,97,56,1120,87,87,68,2500,88,98,64,1280,89,120,74,1480,90,116,74,1480,91,96,62,1240,92,101,64,1280,93,69,58,1340,94,90,66,1320,95,93,68,1360,96,86,64,1280,97,90,58,1160,98,79,56,1600,99,97,60,1200,100,99,64,1280
12,208045,9484,1,78,62,1240,2,110,76,1520,3,122,78,1560,4,90,68,1360,5,98,70,1400,6,101,74,1480,7,107,72,1440,8,84,70,1400,9,91,68,1360,10,87,64,1280,11,111,78,1560,12,86,76,3020,13,100,66,1320,14,117,82,1640,15,86,62,1540,16,99,76,2900,17,88,76,3320,18,100,72,1500,19,80,62,1240,20,85,76,3320,21,93,66,1320,22,88,58,2000,23,97,74,1840,24,113,66,1380,25,79,48,1080,26,86,70,3680,27,124,88,1760,28,92,80,3400,29,68,54,1080,30,126,84,1680,31,78,74,3460,32,81,78,4800,33,95,68,1360,34,104,74,1480,35,120,66,2160,36,89,62,2740,37,88,66,1320,38,122,66,1320,39,108,70,2720,40,100,70,1400,41,110,66,1320,42,94,70,1400,43,82,56,1120,44,111,82,3140,45,102,64,2120,46,121,68,1360,47,121,74,1480,48,96,76,3020,49,91,64,1280,50,97,62,1240,51,82,58,1160,52,80,74,3760,53,92,66,2640,54,102,86,1720,55,104,68,1360,56,118,72,1440,57,106,70,1400,58,113,64,1280,59,82,60,1380,60,104,76,1520,61,86,60,1200,62,106,60,1200,63,112,78,1860,64,107,76,1520,65,93,74,4180,66,100,72,1920,67,101,72,2280,68,91,64,1280,69,85,50,1000,70,115,74,1480,71,97,66,1320,72,91,76,3320,73,91,68,2860,74,115,76,1520,75,122,70,1400,76,113,76,2180,77,96,70,1400,78,72,68,3940,79,55,46,920,80,112,66,1320,81,81,66,3600,82,99,70,1400,83,87,62,2500,84,81,68,2500,85,99,66,1320,86,106,94,1880,87,95,70,2780,88,110,70,1400,89,116,58,1160,90,124,60,1200,91,115,70,1400,92,111,70,1400,93,80,66,1680,94,100,62,1240,95,109,68,1360,96,93,66,1320,97,97,70,1400,98,90,62,2080,99,106,70,1400,100,109,72,1440
13,30705,10751,1,91,74,1480,2,126,82,1640,3,116,68,1360,4,104,68,1600,5,113,86,1720,6,114,70,1400,7,121,68,1360,8,96,68,1360,9,105,64,1280,10,90,66,1320,11,115,64,1280,12,102,78,2820,13,114,70,1640,14,120,72,1440,15,98,60,1620,16,107,82,2960,17,97,82,3380,18,114,70,1520,19,90,64,1280,20,99,78,3300,21,104,68,1360,22,94,70,2840,23,107,80,1960,24,122,80,1720,25,90,56,1360,26,97,80,4540,27,115,72,1440,28,95,78,3060,29,79,64,1280,30,120,66,1320,31,86,74,3160,32,88,76,4700,33,106,66,1320,34,119,88,1760,35,125,88,2660,36,99,74,3040,37,98,66,1320,38,121,76,1520,39,115,86,3400,40,116,74,1480,41,120,86,1720,42,106,70,1400,43,93,60,1200,44,117,72,2940,45,112,76,2420,46,118,82,1640,47,116,66,1320,48,99,66,2580,49,104,62,1240,50,112,70,1400,51,97,66,1320,52,90,90,4860,53,103,84,3360,54,112,64,1340,55,111,66,1320,56,133,76,1520,57,115,80,1600,58,116,78,1560,59,100,62,1420,60,116,84,1680,61,95,62,1240,62,118,70,1400,63,120,60,1620,64,118,74,1480,65,97,82,5060,66,111,68,1900,67,111,70,2480,68,101,66,1320,69,90,64,1280,70,127,72,1440,71,112,68,1360,72,105,74,2980,73,104,62,2740,74,124,70,1400,75,112,80,1600,76,119,70,2120,77,111,74,1480,78,82,82,5000,79,64,48,960,80,127,78,1560,81,84,86,5020,82,113,76,1580,83,97,64,2780,84,86,74,3160,85,111,72,1440,86,105,76,1520,87,111,84,3360,88,131,82,1640,89,123,70,1400,90,124,82,1640,91,127,78,1560,92,123,68,1360,93,91,70,1760,94,107,72,1440,95,128,72,1440,96,106,68,1360,97,112,64,1280,98,100,76,2600,99,123,84,1680,100,123,68,1360
14,-56850,12014,1,102,72,1440,2,125,70,1400,3,124,88,1820,4,126,82,1940,5,119,72,1440,6,125,74,1480,7,119,96,2220,8,111,72,1440,9,114,70,1400,10,97,70,1460,11,119,80,1600,12,110,84,3480,13,121,78,1860,14,118,74,1480,15,104,70,2060,16,107,70,2660,17,108,82,3200,18,125,78,1680,19,100,74,1480,20,108,82,3200,21,119,80,1600,22,101,70,2720,23,112,74,1840,24,119,58,1280,25,100,76,1880,26,106,78,4140,27,128,76,1520,28,108,82,3020,29,93,72,1440,30,117,84,1680,31,101,82,3500,32,92,86,5320,33,116,72,1440,34,120,74,1540,35,119,64,2000,36,111,76,3140,37,106,74,1480,38,120,70,1400,39,115,72,2880,40,129,66,1320,41,115,78,1560,42,114,74,1480,43,101,60,1200,44,121,80,3400,45,119,62,1960,46,126,74,1480,47,125,86,1720,48,110,82,3440,49,115,78,1560,50,122,82,1640,51,114,70,1400,52,93,72,3960,53,106,74,2920,54,122,96,2160,55,119,84,1680,56,119,72,1440,57,127,64,1340,58,122,66,1320,59,117,76,1940,60,122,64,1280,61,107,70,1400,62,126,82,1640,63,114,74,2200,64,123,58,1160,65,106,70,4280,66,122,78,2580,67,117,74,2680,68,108,74,1540,69,103,64,1280,70,111,68,1420,71,122,72,1440,72,110,72,2820,73,120,74,2980,74,114,76,1520,75,114,66,1320,76,115,86,3160,77,124,82,1640,78,90,76,4400,79,74,60,1200,80,121,62,1240,81,91,82,4220,82,121,66,1560,83,100,72,3180,84,98,72,3180,85,131,70,1400,86,119,78,1560,87,113,66,2700,88,123,66,1320,89,118,72,1440,90,124,62,1240,91,117,72,1440,92,117,86,1720,93,102,72,1860,94,120,84,1680,95,118,64,1280,96,120,72,1440,97,117,78,1560,98,111,68,2560,99,123,64,1280,100,119,96,1920
15,-100260,13249,1,120,74,1480,2,115,78,1560,3,116,70,1400,4,124,64,1580,5,128,74,1480,6,112,64,1280,7,126,74,1780,8,129,76,1520,9,126,80,1600,10,106,66,1380,11,124,66,1320,12,113,76,3140,13,114,68,1660,14,123,68,1360,15,119,70,2180,16,123,70,2840,17,112,70,2900,18,121,64,1400,19,116,76,1520,20,114,70,2900,21,130,68,1360,22,113,78,3060,23,123,76,2000,24,124,74,1600,25,118,76,2180,26,112,82,4520,27,121,72,1440,28,114,68,2680,29,110,68,1360,30,123,80,1600,31,103,78,3240,32,98,74,4540,33,132,78,1560,34,115,60,1200,35,123,72,2340,36,110,70,3500,37,115,70,1400,38,121,86,1720,39,129,82,3260,40,126,84,1680,41,123,68,1360,42,125,72,1440,43,105,78,1560,44,122,78,3120,45,128,74,2380,46,110,72,1440,47,124,72,1440,48,110,68,2980,49,123,70,1400,50,117,78,1560,51,126,74,1480,52,90,72,3720,53,114,74,3100,54,120,80,1840,55,128,72,1440,56,125,72,1440,57,118,66,1380,58,117,90,1800,59,121,66,1860,60,115,82,1640,61,115,78,1560,62,122,64,1280,63,122,70,2240,64,120,80,1600,65,108,80,4720,66,114,62,1780,67,121,78,3120,68,119,80,1720,69,120,74,1480,70,122,68,1480,71,111,72,1440,72,120,74,2800,73,123,64,2540,74,117,70,1400,75,121,96,1920,76,122,74,2560,77,116,70,1400,78,96,76,4640,79,83,54,1080,80,116,80,1600,81,105,80,3820,82,111,84,1920,83,109,70,2900,84,109,80,3580,85,117,74,1480,86,124,68,1360,87,119,86,3700,88,119,86,1720,89,127,74,1480,90,114,76,1520,91,131,80,1600,92,122,76,1520,93,112,68,1900,94,125,74,1480,95,131,82,1640,96,117,72,1440,97,119,68,1360,98,116,78,3120,99,122,82,1640,100,121,78,1560
16,-107630,14481,1,118,60,1200,2,119,66,1320,3,127,78,1620,4,120,88,2120,5,111,80,1600,6,114,80,1600,7,113,72,1740,8,120,68,1360,9,123,62,1240,10,118,66,1380,11,131,96,1920,12,116,76,3440,13,125,86,2080,14,122,92,1840,15,127,90,2760,16,113,76,3200,17,123,78,3420,18,115,76,1640,19,121,72,1440,20,121,80,3460,21,115,74,1480,22,117,68,2620,23,115,70,2300,24,115,64,1400,25,121,76,2360,26,112,68,3700,27,115,76,1520,28,118,78,3120,29,119,76,1520,30,117,74,1480,31,108,80,3220,32,106,80,4780,33,123,66,1320,34,119,74,1540,35,119,68,2200,36,126,76,4040,37,134,78,1560,38,117,74,1480,39,123,72,3000,40,122,66,1320,41,115,86,1720,42,119,74,1480,43,116,80,1600,44,124,70,2960,45,113,70,2240,46,122,76,1580,47,114,68,1360,48,123,80,3580,49,110,80,1600,50,121,72,1440,51,114,62,1240,52,104,80,4420,53,124,72,3000,54,122,62,1300,55,115,84,1680,56,113,70,1400,57,127,82,1700,58,123,76,1520,59,119,90,2640,60,119,70,1400,61,123,64,1280,62,119,84,1680,63,116,92,2980,64,123,70,1400,65,115,66,4020,66,119,74,2500,67,116,74,2980,68,123,64,1460,69,118,64,1280,70,125,80,1780,71,128,76,1520,72,121,76,3080,73,118,76,2780,74,134,84,1680,75,121,70,1400,76,122,76,3380,77,127,78,1560,78,104,76,4520,79,91,62,1240,80,123,66,1320,81,107,74,3940,82,113,72,1500,83,114,72,3120,84,114,72,3600,85,121,66,1320,86,119,86,1720,87,118,74,2980,88,123,76,1520,89,114,66,1320,90,118,64,1280,91,123,72,1440,92,111,62,1240,93,125,86,2800,94,116,72,1440,95,123,72,1440,96,135,86,1720,97,129,88,1760,98,117,68,2860,99,120,74,1480,100,117,66,1320
17,-115120,15722,1,127,84,1680,2,124,90,1800,3,121,66,1440,4,122,66,1620,5,116,64,1280,6,123,66,1320,7,126,76,1880,8,119,90,1800,9,121,76,1520,10,127,84,1860,11,128,82,1640,12,119,72,3240,13,114,72,1740,14,118,72,1440,15,121,70,2180,16,125,76,3320,17,114,74,3160,18,117,62,1420,19,117,74,1480,20,124,68,3040,21,127,78,1560,22,124,80,2980,23,129,72,2100,24,126,76,1700,25,120,70,2000,26,115,76,4160,27,125,66,1320,28,125,70,2840,29,119,60,1200,30,124,70,1400,31,114,78,3360,32,113,78,4800,33,122,84,1680,34,118,68,1480,35,126,82,2660,36,116,72,3840,37,124,74,1480,38,124,74,1480,39,119,76,3140,40,118,84,1680,41,117,70,1400,42,124,66,1320,43,122,62,1240,44,109,80,3400,45,122,74,2500,46,116,66,1380,47,130,84,1680,48,124,72,3300,49,107,66,1320,50,116,78,1560,51,121,84,1680,52,111,76,4160,53,108,78,3180,54,113,82,1700,55,118,68,1360,56,125,84,1680,57,119,64,1460,58,115,68,1360,59,126,76,2120,60,127,94,1880,61,121,80,1600,62,124,72,1440,63,124,74,2380,64,108,90,1800,65,123,82,4820,66,125,70,2420,67,119,82,3380,68,119,86,2020,69,126,74,1480,70,119,62,1540,71,119,70,1400,72,116,60,2640,73,125,72,2880,74,123,64,1280,75,117,82,1640,76,114,72,3060,77,120,72,1440,78,113,70,4160,79,106,60,1200,80,119,82,1640,81,113,80,4000,82,130,80,1660,83,120,74,3160,84,117,74,3520,85,123,82,1640,86,125,74,1480,87,116,70,3080,88,114,66,1320,89,128,84,1680,90,129,80,1600,91,113,76,1520,92,121,72,1440,93,120,70,2180,94,126,84,1680,95,112,80,1600,96,129,80,1600,97,128,72,1440,98,125,80,3340,99,119,68,1360,100,123,92,1840
18,-113310,16962,1,124,70,1460,2,121,74,1480,3,121,96,2100,4,120,88,2360,5,126,80,1600,6,126,88,1760,7,118,70,1700,8,124,68,1360,9,114,66,1320,10,122,68,1540,11,123,70,1400,12,128,76,3500,13,126,78,2160,14,131,80,1600,15,125,88,2900,16,115,74,3520,17,129,86,3520,18,128,84,1920,19,125,66,1320,20,118,74,3280,21,122,68,1360,22,119,66,2460,23,114,82,2300,24,119,68,1600,25,118,92,2560,26,119,72,3900,27,121,82,1640,28,121,78,3240,29,129,90,1800,30,113,72,1440,31,116,72,3120,32,124,76,4640,33,114,66,1320,34,123,84,1860,35,121,74,2440,36,124,86,4480,37,120,74,1480,38,117,70,1400,39,120,72,3120,40,123,68,1360,41,133,84,1680,42,124,76,1520,43,121,94,1880,44,113,72,3060,45,119,72,2400,46,124,86,1720,47,123,68,1360,48,111,78,3540,49,117,78,1560,50,120,68,1360,51,122,64,1280,52,117,74,4120,53,115,74,3160,54,115,72,1440,55,128,86,1720,56,121,76,1520,57,135,82,1820,58,124,92,1840,59,119,68,2200,60,119,80,1600,61,116,64,1340,62,113,76,1520,63,117,76,2780,64,111,78,1560,65,117,64,3800,66,114,76,2720,67,124,74,3040,68,122,72,1680,69,113,74,1480,70,125,70,1640,71,124,92,1840,72,119,72,3120,73,118,70,2720,74,119,84,1680,75,121,70,1400,76,130,84,3720,77,121,72,1440,78,118,82,4880,79,113,70,1400,80,122,70,1400,81,116,78,4020,82,129,62,1240,83,120,70,3080,84,116,80,4060,85,112,64,1280,86,114,70,1400,87,122,86,3760,88,130,78,1560,89,119,74,1480,90,121,70,1400,91,116,68,1360,92,111,72,1440,93,123,88,2540,94,119,70,1400,95,114,66,1320,96,121,66,1320,97,115,76,1520,98,116,76,3080,99,121,88,1760,100,123,74,1480
19,-109100,18182,1,115,80,1780,2,116,66,1320,3,115,80,1720,4,120,80,2080,5,118,72,1440,6,119,74,1480,7,125,88,2300,8,126,98,1960,9,125,90,1860,10,116,94,2060,11,114,84,1680,12,117,78,3660,13,115,68,1840,14,118,66,1320,15,121,72,2580,16,119,68,3040,17,129,80,3280,18,119,64,1280,19,120,88,1760,20,123,72,3120,21,116,92,1840,22,119,76,2840,23,123,66,2040,24,123,82,1640,25,127,80,2200,26,123,76,4280,27,115,72,1440,28,114,68,2500,29,125,78,1560,30,125,76,1520,31,135,88,3860,32,108,86,5620,33,123,78,1560,34,123,74,1600,35,123,70,2420,36,114,70,3680,37,119,72,1440,38,124,80,1600,39,117,74,3280,40,119,84,1680,41,122,66,1320,42,122,64,1280,43,122,76,1520,44,127,78,3540,45,124,70,2420,46,121,84,1680,47,115,92,1840,48,122,74,3580,49,125,68,1360,50,133,98,1960,51,114,74,1480,52,119,74,4120,53,120,76,3320,54,136,80,1660,55,122,70,1400,56,121,60,1200,57,128,64,1460,58,117,78,1560,59,126,74,2140,60,124,74,1480,61,123,82,1820,62,120,68,1360,63,124,66,2700,64,118,64,1280,65,129,80,4900,66,121,66,2280,67,116,70,2960,68,114,76,1820,69,118,72,1440,70,117,72,1740,71,120,76,1520,72,131,60,2340,73,119,84,3120,74,120,74,1480,75,116,84,1680,76,119,70,3020,77,119,74,1480,78,122,70,4100,79,127,70,1400,80,114,76,1520,81,120,76,3980,82,123,72,1500,83,127,92,4060,84,113,70,3200,85,117,76,1520,86,126,74,1480,87,118,76,3500,88,124,64,1280,89,125,70,1400,90,120,82,1640,91,117,84,1680,92,122,74,1480,93,118,70,2360,94,125,96,1920,95,122,78,1560,96,126,88,1760,97,128,68,1360,98,120,74,3040,99,120,76,1520,100,111,64,1280
20,-113985,19415,1,122,70,1520,2,128,84,1680,3,122,66,1440,4,118,74,1900,5,128,82,1640,6,120,66,1320,7,119,80,2080,8,116,82,1640,9,120,76,1520,10,119,82,1880,11,120,66,1320,12,121,76,3380,13,127,90,2220,14,127,88,1760,15,122,78,2940,16,121,84,3780,17,123,72,2940,18,125,92,1900,19,120,70,1400,20,120,78,3060,21,125,72,1440,22,121,66,2460,23,121,86,2560,24,118,74,1540,25,119,68,2020,26,118,62,3280,27,127,82,1640,28,120,90,3300,29,121,64,1280,30,119,64,1280,31,128,76,3140,32,118,72,4620,33,116,66,1320,34,115,66,1440,35,111,76,2720,36,123,82,4400,37,127,74,1480,38,121,64,1280,39,122,68,2860,40,120,64,1280,41,117,78,1560,42,121,82,1640,43,114,66,1320,44,116,72,3240,45,118,78,2760,46,118,74,1480,47,126,78,1560,48,116,68,3220,49,122,94,1880,50,126,84,1680,51,127,74,1480,52,124,74,4240,53,114,70,2900,54,127,72,1500,55,113,86,1720,56,117,80,1600,57,119,86,1960,58,122,72,1440,59,113,76,2420,60,115,70,1400,61,117,64,1400,62,122,86,1720,63,117,82,3320,64,126,88,1760,65,120,64,3800,66,120,94,3260,67,122,78,3360,68,124,66,1740,69,132,78,1560,70,130,80,2020,71,125,68,1360,72,126,80,3100,73,126,76,2840,74,124,66,1320,75,120,74,1480,76,128,90,4080,77,123,62,1240,78,114,84,4980,79,117,70,1400,80,125,70,1400,81,115,72,3840,82,113,70,1460,83,117,82,3560,84,125,84,4140,85,124,62,1240,86,118,72,1440,87,128,68,2860,88,130,86,1720,89,114,72,1440,90,115,70,1400,91,120,68,1360,92,114,68,1360,93,121,86,2860,94,122,76,1520,95,120,58,1160,96,120,74,1480,97,118,78,1560,98,122,80,3400,99,125,74,1480,100,123,86,1720
21,-122440,20642,1,114,86,2020,2,123,74,1480,3,119,82,1760,4,130,70,2060,5,123,68,1360,6,123,82,1640,7,119,72,2040,8,123,76,1520,9,122,62,1240,10,125,82,1820,11,126,88,1760,12,114,84,4080,13,119,78,2220,14,121,74,1480,15,120,72,2640,16,125,74,3220,17,111,72,2760,18,118,68,1360,19,128,82,1640,20,127,70,2720,21,115,78,1560,22,115,90,3360,23,123,76,2240,24,121,70,1400,25,131,80,2260,26,126,74,3760,27,118,70,1400,28,125,80,3160,29,116,76,1520,30,128,78,1560,31,117,88,4040,32,128,82,5420,33,124,74,1480,34,120,88,1880,35,118,78,2640,36,121,76,3920,37,110,70,1400,38,125,88,1760,39,117,82,3260,40,125,90,1800,41,122,68,1360,42,122,66,1320,43,125,82,1640,44,130,74,3520,45,123,68,2440,46,120,74,1540,47,120,70,1400,48,124,92,4300,49,118,82,1640,50,125,66,1320,51,113,70,1400,52,116,76,4400,53,120,74,3100,54,115,70,1460,55,123,76,1520,56,121,68,1360,57,123,70,1580,58,115,68,1360,59,122,74,2140,60,129,82,1640,61,125,86,2020,62,110,68,1360,63,118,72,2940,64,121,84,1680,65,125,86,5200,66,123,78,2580,67,112,68,2680,68,123,76,1940,69,121,70,1400,70,125,66,1740,71,122,84,1680,72,120,68,2920,73,121,70,2840,74,124,88,1760,75,123,66,1320,76,123,74,3160,77,118,80,1600,78,119,72,4380,79,126,76,1520,80,108,76,1520,81,125,80,4300,82,122,64,1340,83,121,74,3220,84,116,76,3680,85,120,76,1520,86,129,82,1640,87,116,82,3440,88,125,74,1480,89,127,74,1480,90,131,78,1560,91,124,80,1600,92,121,80,1600,93,119,76,2540,94,121,72,1440,95,120,72,1440,96,119,68,1360,97,130,66,1320,98,117,68,2680,99,119,68,1360,100,116,68,1360
22,-116975,21822,1,115,72,1740,2,110,70,1400,3,124,76,1700,4,116,76,2120,5,123,88,1760,6,117,66,1320,7,129,74,2200,8,114,74,1480,9,122,84,1680,10,124,64,1640,11,117,70,1400,12,118,76,3500,13,123,72,2040,14,115,68,1360,15,117,80,3280,16,120,72,3060,17,127,80,2860,18,124,90,1980,19,122,68,1360,20,112,68,2620,21,122,62,1240,22,123,68,2680,23,116,68,1960,24,130,94,2060,25,124,70,2060,26,120,66,3360,27,127,94,1880,28,112,74,3040,29,118,66,1320,30,127,66,1320,31,118,76,3200,32,126,70,4460,33,113,70,1400,34,118,80,1780,35,122,76,2720,36,121,72,3720,37,124,74,1480,38,119,74,1480,39,117,62,2680,40,112,74,1480,41,117,86,1720,42,120,76,1520,43,123,72,1440,44,113,82,4040,45,123,76,2720,46,129,64,1280,47,123,90,1800,48,119,78,3540,49,126,80,1600,50,120,74,1480,51,129,78,1560,52,123,72,4020,53,119,74,2920,54,124,80,1780,55,118,70,1400,56,128,86,1720,57,121,90,2160,58,126,82,1640,59,121,72,2220,60,118,72,1440,61,122,68,1660,62,121,74,1480,63,132,86,3700,64,116,76,1520,65,121,78,4680,66,119,70,2240,67,123,78,3180,68,116,72,2040,69,127,88,1760,70,126,88,2360,71,121,76,1520,72,131,86,3280,73,130,92,3520,74,120,76,1520,75,119,84,1680,76,115,70,3020,77,119,66,1320,78,117,72,4380,79,121,76,1520,80,124,72,1440,81,114,74,4000,82,117,88,1940,83,118,72,3060,84,121,72,3600,85,122,70,1400,86,124,68,1360,87,123,74,3160,88,113,70,1400,89,116,70,1400,90,121,66,1320,91,122,74,1480,92,117,68,1360,93,117,70,2300,94,117,74,1480,95,122,68,1360,96,118,90,1800,97,116,76,1520,98,117,82,3260,99,130,92,1840,100,126,84,1680
23,-113660,23068,1,130,80,2020,2,130,82,1640,3,116,68,1480,4,123,70,2120,5,116,76,1520,6,124,84,1680,7,114,82,2300,8,130,84,1680,9,117,66,1320,10,125,76,1760,11,127,88,1760,12,124,74,3340,13,107,72,2160,14,120,86,1720,15,122,74,3040,16,119,78,3480,17,122,64,2600,18,128,70,1640,19,116,80,1600,20,126,70,2720,21,114,72,1440,22,117,82,2900,23,119,88,2360,24,125,80,1840,25,117,86,2620,26,133,80,3880,27,126,80,1600,28,119,78,2820,29,128,92,1840,30,122,84,1680,31,126,80,3640,32,110,82,5180,33,127,78,1560,34,122,64,1400,35,118,64,2240,36,120,80,4420,37,119,70,1400,38,122,58,1160,39,129,82,3440,40,128,74,1480,41,122,76,1520,42,117,70,1400,43,110,80,1600,44,115,72,3420,45,116,68,2320,46,125,86,1720,47,113,80,1600,48,120,78,3420,49,118,74,1480,50,117,64,1280,51,121,70,1400,52,109,74,4180,53,119,78,3360,54,122,66,1500,55,124,88,1760,56,125,72,1440,57,119,80,1840,58,123,72,1440,59,115,66,2040,60,131,82,1640,61,127,86,2140,62,116,78,1560,63,123,76,3320,64,125,72,1440,65,114,70,4280,66,125,90,2820,67,113,66,2580,68,133,80,1960,69,120,72,1440,70,118,70,1760,71,117,64,1280,72,129,70,2660,73,126,78,2880,74,117,68,1360,75,122,68,1360,76,125,76,3260,77,134,76,1520,78,121,80,4780,79,119,60,1200,80,109,76,1520,81,131,82,4400,82,121,78,1740,83,129,84,3660,84,118,80,4120,85,118,76,1520,86,122,86,1720,87,118,66,2700,88,127,78,1560,89,125,80,1600,90,119,82,1640,91,120,62,1240,92,124,88,1760,93,123,78,2400,94,121,74,1480,95,119,82,1640,96,128,70,1400,97,120,66,1320,98,127,72,2700,99,122,76,1520,100,121,72,1440
24,-121505,24298,1,127,74,1840,2,120,70,1400,3,123,86,1900,4,115,80,2320,5,115,62,1240,6,117,68,1360,7,119,68,2080,8,125,70,1400,9,128,80,1600,10,116,64,1460,11,120,70,1400,12,115,74,3400,13,122,76,2240,14,118,68,1360,15,118,74,2920,16,127,70,2960,17,118,70,2960,18,115,66,1380,19,122,64,1280,20,116,70,2960,21,128,74,1480,22,121,68,2380,23,130,76,2000,24,118,66,1380,25,121,66,2040,26,123,74,3520,27,118,70,1400,28,128,72,2880,29,121,76,1520,30,114,72,1440,31,116,70,2960,32,113,68,4060,33,120,76,1520,34,125,82,1820,35,118,86,2860,36,114,68,3640,37,129,92,1840,38,124,76,1520,39,121,72,3060,40,116,68,1360,41,114,70,1400,42,135,90,1800,43,114,80,1600,44,129,74,3280,45,126,92,2980,46,117,76,1520,47,123,70,1400,48,128,74,3400,49,122,70,1400,50,123,74,1480,51,117,86,1720,52,124,80,4540,53,124,70,3020,54,113,84,1800,55,120,80,1600,56,111,70,1400,57,123,70,1580,58,110,74,1480,59,123,82,2360,60,123,74,1480,61,122,78,1920,62,123,68,1360,63,119,74,3160,64,116,84,1680,65,123,70,4280,66,119,78,2340,67,124,80,3040,68,127,72,1740,69,121,78,1560,70,131,78,1860,71,128,88,1760,72,116,70,2840,73,116,66,2400,74,124,92,1840,75,117,92,1840,76,116,66,2820,77,121,66,1320,78,116,74,4240,79,128,78,1560,80,126,84,1680,81,120,80,4480,82,121,72,1560,83,122,74,2980,84,121,72,3660,85,128,66,1320,86,108,72,1440,87,122,80,3220,88,117,68,1360,89,120,64,1280,90,130,68,1360,91,124,82,1640,92,121,80,1600,93,113,64,2000,94,112,68,1360,95,121,70,1400,96,118,70,1400,97,117,82,1640,98,122,80,3040,99,115,64,1280,100,113,72,1440
25,-105270,25566,1,117,70,1760,2,129,94,1880,3,112,72,1620,4,120,70,2180,5,122,78,1560,6,130,96,1920,7,123,82,2480,8,111,76,1520,9,125,70,1400,10,127,84,1980,11,123,88,1760,12,126,70,3140,13,115,70,2180,14,127,96,1920,15,126,70,2840,16,117,84,3600,17,126,84,3360,18,117,78,1800,19,119,80,1600,20,124,78,3240,21,115,70,1400,22,114,92,3580,23,114,76,2120,24,129,82,1880,25,112,74,2440,26,115,76,3980,27,127,92,1840,28,117,78,3180,29,117,68,1360,30,128,86,1720,31,122,94,4280,32,124,94,5720,33,120,70,1400,34,125,72,1620,35,121,74,2440,36,120,88,4640,37,130,68,1360,38,120,66,1320,39,119,84,3780,40,124,78,1560,41,134,86,1720,42,131,72,1440,43,121,76,1520,44,117,74,3700,45,117,68,2320,46,126,70,1520,47,111,72,1440,48,111,78,3360,49,111,82,1640,50,121,68,1360,51,120,70,1400,52,115,74,4060,53,117,82,3740,54,122,78,1740,55,115,74,1480,56,129,80,1600,57,110,80,1900,58,122,72,1440,59,114,66,2100,60,114,68,1360,61,117,72,1800,62,122,84,1680,63,117,72,3120,64,119,76,1520,65,121,90,5760,66,119,72,2220,67,121,66,2520,68,117,74,1780,69,118,60,1200,70,125,72,1740,71,123,70,1400,72,125,78,3240,73,128,80,2980,74,113,72,1440,75,126,78,1560,76,123,78,3120,77,120,84,1680,78,129,76,4400,79,123,68,1360,80,119,72,1440,81,116,72,4020,82,118,70,1580,83,108,70,3200,84,112,74,3640,85,124,86,1720,86,121,76,1520,87,116,72,2760,88,126,90,1800,89,128,88,1760,90,119,70,1400,91,114,66,1320,92,115,70,1400,93,121,82,2480,94,128,78,1560,95,118,88,1760,96,128,90,1800,97,118,72,1440,98,117,68,2560,99,120,84,1680,100,129,80,1600
26,-118620,26778,1,136,82,2060,2,120,78,1560,3,128,84,1860,4,112,90,2820,5,115,66,1320,6,124,72,1440,7,115,74,2440,8,117,72,1440,9,115,80,1660,10,121,72,1680,11,119,68,1360,12,115,78,3360,13,129,84,2700,14,118,76,1520,15,113,74,2980,16,124,68,2860,17,124,74,2980,18,126,72,1740,19,119,66,1320,20,122,70,2900,21,125,82,1640,22,115,72,2700,23,126,72,1980,24,122,72,1740,25,124,68,2200,26,118,70,3740,27,122,74,1480,28,124,72,3060,29,124,86,1720,30,119,72,1440,31,123,82,3500,32,112,72,4380,33,120,90,1800,34,111,66,1500,35,115,74,2800,36,119,78,3900,37,123,72,1440,38,122,90,1800,39,125,82,3500,40,117,68,1360,41,121,72,1440,42,114,76,1520,43,114,68,1360,44,124,70,3440,45,125,94,3200,46,115,72,1500,47,122,68,1360,48,126,70,3260,49,117,74,1480,50,123,88,1760,51,120,90,1800,52,122,80,4480,53,117,74,3340,54,124,68,1600,55,127,76,1520,56,118,66,1320,57,114,68,1600,58,111,74,1480,59,119,90,2760,60,131,80,1600,61,130,82,2060,62,116,74,1480,63,131,80,3400,64,120,68,1360,65,120,70,4340,66,128,72,2280,67,121,78,2880,68,126,72,1800,69,123,76,1520,70,112,70,1760,71,120,76,1520,72,118,72,3060,73,120,54,2160,74,124,82,1640,75,117,64,1280,76,119,76,3320,77,124,74,1480,78,113,80,4720,79,124,86,1720,80,130,70,1400,81,120,84,4680,82,126,92,2080,83,119,70,2780,84,131,86,4000,85,111,68,1360,86,119,74,1480,87,130,82,3020,88,120,72,1440,89,121,72,1440,90,122,84,1680,91,127,88,1760,92,127,78,1560,93,118,74,2320,94,121,70,1400,95,122,76,1520,96,117,76,1520,97,125,76,1520,98,121,80,2920,99,116,68,1360,100,125,72,1440
27,-116490,27982,1,128,72,1740,2,121,74,1480,3,121,70,1640,4,119,72,2280,5,122,94,1880,6,107,74,1480,7,127,80,2560,8,132,78,1560,9,119,66,1380,10,114,76,1700,11,126,84,1680,12,123,80,3820,13,118,76,2360,14,118,72,1440,15,132,88,3800,16,119,90,3780,17,115,78,3240,18,111,78,2040,19,123,92,1840,20,122,78,3240,21,124,62,1240,22,130,78,2940,23,112,74,2200,24,115,76,2000,25,117,78,2400,26,123,86,4660,27,117,62,1240,28,108,78,3420,29,121,72,1440,30,130,76,1520,31,117,78,3600,32,119,84,5340,33,117,78,1560,34,119,80,1840,35,125,72,2460,36,126,80,4420,37,109,72,1440,38,122,70,1400,39,116,74,3100,40,125,82,1640,41,110,74,1480,42,119,62,1240,43,120,90,1800,44,115,80,4060,45,119,74,2500,46,129,78,1800,47,120,82,1640,48,113,82,4040,49,126,70,1400,50,115,76,1520,51,114,76,1520,52,115,72,4020,53,120,68,2980,54,124,92,1960,55,125,68,1360,56,132,88,1760,57,120,86,1900,58,123,78,1560,59,120,82,2600,60,128,68,1360,61,122,76,1820,62,121,70,1400,63,117,80,4000,64,125,94,1880,65,119,80,5260,66,114,80,2500,67,119,70,2420,68,114,72,1920,69,119,70,1400,70,126,72,1920,71,121,64,1280,72,130,82,3560,73,126,68,2860,74,117,72,1440,75,120,86,1720,76,122,70,3260,77,118,68,1360,78,117,78,4620,79,120,72,1440,80,110,76,1520,81,126,78,4260,82,122,80,1720,83,123,96,4080,84,127,78,3660,85,126,78,1560,86,121,74,1480,87,122,70,2780,88,124,74,1480,89,114,70,1400,90,111,70,1400,91,123,74,1480,92,120,66,1320,93,124,70,2480,94,123,82,1640,95,113,70,1400,96,123,68,1360,97,116,70,1400,98,120,66,2340,99,121,78,1560,100,114,64,1280
28,-128940,29166,1,117,84,1980,2,115,66,1320,3,120,90,1980,4,129,76,2360,5,120,80,1600,6,125,70,1400,7,118,72,2220,8,126,72,1440,9,124,82,1700,10,119,68,1600,11,115,72,1440,12,119,72,3360,13,124,74,2320,14,132,78,1560,15,121,72,2940,16,122,76,2960,17,122,66,2580,18,119,68,1720,19,124,70,1400,20,115,68,2620,21,118,68,1360,22,127,68,2620,23,120,80,2260,24,122,68,1720,25,117,68,2140,26,114,74,3940,27,124,84,1680,28,119,74,3220,29,113,76,1520,30,120,72,1440,31,123,72,3300,32,121,74,4600,33,123,72,1440,34,127,78,1740,35,112,76,2780,36,122,70,3620,37,122,72,1440,38,119,80,1600,39,128,82,3860,40,118,64,1280,41,130,78,1560,42,123,80,1600,43,115,80,1600,44,123,70,3440,45,128,72,2700,46,125,72,1620,47,117,64,1280,48,121,72,3480,49,111,76,1520,50,121,72,1440,51,123,78,1560,52,127,80,4360,53,114,90,4020,54,123,72,1560,55,122,86,1720,56,128,72,1440,57,119,68,1600,58,118,74,1480,59,126,70,2180,60,118,68,1360,61,116,68,1660,62,118,92,1840,63,125,72,3300,64,115,78,1560,65,129,72,4680,66,123,68,2140,67,123,88,3320,68,134,88,2360,69,127,82,1640,70,111,72,2040,71,117,80,1600,72,123,72,3240,73,117,74,2740,74,132,80,1600,75,122,70,1400,76,114,74,3040,77,131,82,1640,78,120,76,4340,79,120,70,1400,80,124,72,1440,81,118,78,4380,82,114,74,1600,83,119,80,3280,84,118,66,3120,85,122,72,1440,86,117,70,1400,87,118,74,2800,88,119,70,1400,89,126,78,1560,90,124,74,1480,91,115,66,1320,92,121,86,1720,93,114,80,2620,94,114,68,1360,95,122,80,1600,96,115,80,1600,97,129,82,1640,98,125,80,3160,99,115,66,1320,100,117,78,1560
29,-116575,30351,1,117,58,1400,2,123,78,1560,3,124,74,1600,4,120,76,2360,5,121,74,1480,6,113,78,1560,7,129,74,2560,8,117,76,1520,9,121,70,1460,10,132,94,2480,11,130,80,1600,12,125,76,3560,13,118,70,2240,14,119,70,1400,15,115,76,3260,16,121,78,3300,17,113,80,2920,18,127,94,2600,19,116,80,1600,20,126,78,2880,21,125,80,1600,22,126,78,2940,23,122,74,2020,24,116,82,2360,25,122,92,2800,26,125,86,4780,27,117,68,1360,28,127,78,3480,29,120,76,1520,30,121,74,1480,31,115,84,3900,32,121,76,4880,33,109,70,1400,34,118,72,1560,35,122,80,2920,36,115,84,4380,37,114,70,1400,38,128,76,1520,39,120,72,3060,40,123,86,1720,41,119,70,1400,42,114,70,1400,43,117,74,1480,44,113,86,4540,45,110,70,2720,46,110,72,1620,47,129,82,1640,48,114,74,3700,49,124,74,1480,50,116,74,1480,51,120,68,1360,52,113,72,3900,53,118,76,3140,54,115,78,1680,55,117,70,1400,56,114,82,1640,57,121,88,2360,58,123,62,1240,59,112,84,2820,60,121,86,1720,61,119,88,2000,62,122,80,1600,63,117,80,3820,64,122,72,1440,65,117,84,5700,66,113,84,2580,67,115,72,2760,68,129,76,2180,69,125,68,1360,70,131,86,2380,71,122,68,1360,72,112,78,3480,73,127,74,3220,74,124,72,1440,75,117,88,1760,76,128,86,3760,77,127,68,1360,78,121,76,4460,79,124,92,1840,80,111,78,1560,81,128,74,4000,82,121,80,1720,83,129,72,3000,84,127,76,3560,85,110,78,1560,86,132,82,1640,87,124,74,3100,88,128,88,1760,89,121,72,1440,90,117,66,1320,91,123,82,1640,92,115,74,1480,93,119,68,2380,94,124,82,1640,95,114,72,1440,96,119,76,1520,97,127,68,1360,98,118,72,2760,99,120,78,1560,100,121,68,1360
30,-125435,31503,1,126,72,1560,2,112,72,1440,3,118,68,1480,4,123,66,2400,5,115,66,1320,6,119,70,1400,7,115,74,2260,8,123,76,1520,9,118,98,2020,10,121,80,1960,11,124,70,1400,12,115,76,3680,13,130,82,2720,14,128,82,1640,15,123,76,3260,16,118,74,3040,17,116,72,2580,18,119,80,2140,19,120,70,1400,20,118,66,2460,21,122,70,1400,22,115,66,2400,23,114,68,1900,24,125,70,1940,25,121,74,2320,26,120,78,4380,27,130,82,1640,28,119,72,3060,29,122,70,1400,30,115,66,1320,31,120,68,3040,32,121,78,4980,33,127,66,1320,34,132,78,1680,35,109,72,2460,36,123,80,4000,37,129,82,1640,38,116,74,1480,39,120,78,3240,40,112,72,1440,41,130,98,1960,42,124,76,1520,43,123,72,1440,44,120,76,3920,45,124,72,2460,46,121,76,1700,47,122,64,1280,48,127,82,3980,49,114,68,1360,50,126,70,1400,51,114,74,1480,52,129,84,4620,53,121,72,3120,54,120,64,1400,55,131,86,1720,56,121,68,1360,57,124,76,1880,58,125,74,1480,59,118,68,2320,60,116,80,1600,61,122,76,1640,62,115,66,1320,63,117,78,3780,64,115,74,1480,65,123,68,4600,66,127,74,2200,67,133,78,3000,68,122,74,2020,69,123,94,1880,70,128,70,1940,71,124,92,1840,72,115,68,2980,73,122,76,3140,74,118,74,1480,75,123,72,1440,76,122,74,3160,77,118,74,1480,78,120,80,4720,79,118,84,1680,80,118,68,1360,81,112,82,4400,82,116,76,1640,83,121,84,3720,84,117,70,3260,85,113,70,1400,86,123,72,1440,87,124,70,3020,88,118,76,1520,89,111,76,1520,90,127,78,1560,91,112,70,1400,92,127,74,1480,93,120,86,2740,94,118,78,1560,95,130,78,1560,96,125,68,1360,97,116,74,1480,98,118,74,2920,99,119,72,1440,100,114,80,1600
31,-110270,32735,1,108,72,1500,2,128,82,1640,3,129,88,1880,4,124,82,2720,5,120,82,1640,6,127,100,2000,7,125,74,2260,8,119,66,1320,9,126,80,1720,10,117,72,1680,11,115,80,1600,12,117,74,3400,13,121,74,2560,14,124,74,1480,15,116,70,3020,16,122,70,2720,17,125,86,3220,18,126,70,1940,19,126,90,1800,20,128,80,3100,21,121,86,1720,22,126,82,3200,23,117,80,2140,24,111,76,2060,25,118,66,2220,26,120,82,4820,27,127,74,1480,28,117,80,3340,29,112,86,1720,30,120,84,1680,31,136,100,4280,32,108,72,4620,33,119,76,1520,34,115,72,1560,35,117,74,2440,36,119,72,3660,37,125,64,1280,38,123,72,1440,39,122,74,3100,40,131,78,1560,41,122,78,1560,42,117,58,1160,43,113,78,1560,44,114,70,3680,45,114,68,2320,46,114,66,1500,47,124,80,1600,48,122,74,3580,49,130,88,1760,50,114,82,1640,51,123,78,1560,52,118,74,3940,53,119,72,3060,54,126,86,1840,55,126,70,1400,56,121,100,2000,57,119,68,1600,58,114,70,1400,59,122,98,3460,60,121,76,1520,61,115,64,1340,62,121,84,1680,63,123,74,3520,64,122,70,1400,65,119,86,5680,66,115,80,2440,67,119,76,3320,68,119,72,2100,69,114,72,1440,70,116,72,2100,71,114,78,1560,72,122,76,3260,73,114,64,2780,74,122,70,1400,75,107,74,1480,76,123,78,3900,77,118,60,1200,78,119,74,4120,79,121,70,1400,80,120,86,1720,81,121,72,3780,82,119,66,1440,83,121,68,2980,84,120,76,3320,85,130,72,1440,86,111,78,1560,87,114,78,3420,88,122,72,1440,89,119,78,1560,90,122,64,1280,91,124,80,1600,92,111,76,1520,93,125,72,2400,94,124,72,1440,95,121,66,1320,96,118,90,1800,97,127,74,1480,98,129,80,3400,99,126,72,1440,100,119,68,1360
32,-118450,33976,1,122,74,1660,2,117,62,1240,3,118,76,1700,4,122,64,2180,5,125,70,1400,6,123,76,1520,7,116,74,2380,8,129,90,1800,9,117,70,1580,10,130,84,1980,11,118,74,1480,12,132,82,3980,13,119,62,2140,14,115,70,1400,15,127,78,3240,16,119,86,3160,17,120,76,2960,18,117,74,2080,19,126,74,1480,20,122,70,2840,21,122,72,1440,22,125,74,2860,23,120,68,1900,24,121,72,2040,25,125,86,3040,26,118,70,3980,27,110,72,1440,28,118,70,2900,29,121,82,1640,30,119,72,1440,31,136,86,3520,32,115,70,4280,33,125,64,1280,34,130,82,1820,35,125,76,2840,36,122,78,4320,37,116,78,1560,38,106,76,1520,39,114,72,3120,40,123,68,1360,41,123,68,1360,42,122,72,1440,43,119,72,1440,44,121,82,4220,45,126,90,3120,46,119,96,2280,47,119,72,1440,48,107,78,4140,49,125,78,1560,50,123,74,1480,51,121,70,1400,52,127,74,4120,53,128,74,3160,54,120,70,1580,55,119,74,1480,56,118,74,1480,57,126,80,1900,58,130,84,1680,59,122,78,3180,60,121,74,1480,61,124,92,2020,62,120,68,1360,63,117,74,3520,64,116,84,1680,65,117,64,4280,66,122,80,2320,67,119,68,2740,68,126,72,2160,69,127,76,1520,70,136,82,2360,71,116,70,1400,72,120,66,2940,73,117,76,3200,74,115,90,1800,75,120,74,1480,76,117,70,3740,77,125,84,1680,78,126,70,3920,79,121,100,2000,80,118,76,1520,81,108,72,3900,82,130,86,1900,83,112,78,3180,84,113,70,3140,85,118,72,1440,86,115,68,1360,87,118,68,2800,88,116,72,1440,89,121,74,1480,90,114,82,1640,91,123,62,1240,92,123,68,1360,93,117,80,2500,94,111,70,1400,95,128,84,1680,96,125,72,1440,97,119,74,1480,98,128,70,2780,99,113,76,1520,100,124,78,1560
33,-117610,35168,1,118,64,1460,2,118,86,1720,3,120,62,1420,4,118,78,2880,5,120,74,1480,6,118,62,1240,7,121,72,2340,8,122,76,1520,9,133,84,1860,10,124,66,1560,11,122,58,1160,12,121,76,3500,13,130,80,2920,14,128,80,1600,15,118,72,2940,16,122,76,2840,17,127,74,3040,18,131,68,1960,19,115,76,1520,20,113,80,3160,21,112,70,1400,22,116,78,3240,23,122,86,2260,24,117,76,2120,25,124,72,2460,26,125,88,4820,27,117,74,1480,28,127,88,3380,29,115,74,1480,30,127,74,1480,31,130,76,3440,32,116,72,4440,33,124,78,1560,34,121,72,1620,35,121,66,2340,36,117,72,3780,37,121,72,1440,38,118,78,1560,39,127,84,3300,40,122,84,1680,41,118,88,1760,42,115,70,1400,43,126,72,1440,44,115,72,3540,45,121,74,2500,46,125,76,1820,47,127,72,1440,48,120,78,3660,49,121,68,1360,50,118,70,1400,51,120,86,1720,52,110,86,5080,53,112,76,3140,54,125,92,1960,55,119,66,1320,56,126,64,1280,57,124,70,1640,58,125,76,1520,59,116,76,3020,60,120,64,1280,61,123,74,1660,62,119,86,1720,63,126,74,3400,64,120,70,1400,65,126,86,5800,66,118,66,2160,67,125,80,3220,68,116,74,2080,69,120,66,1320,70,133,70,2000,71,129,86,1720,72,121,80,3400,73,120,62,2440,74,121,74,1480,75,112,72,1440,76,128,76,3860,77,119,70,1400,78,118,74,4000,79,118,86,1720,80,124,70,1400,81,129,90,4860,82,126,74,1600,83,121,72,3060,84,129,82,3500,85,130,78,1560,86,122,90,1800,87,121,94,3740,88,128,76,1520,89,119,68,1360,90,121,72,1440,91,125,80,1600,92,114,92,1840,93,124,64,2240,94,124,80,1600,95,118,74,1480,96,111,72,1440,97,123,70,1400,98,113,82,3260,99,123,72,1440,100,122,58,1160
34,-112695,36372,1,127,74,1720,2,130,70,1400,3,133,84,1920,4,124,66,2280,5,120,64,1280,6,123,86,1720,7,113,72,2400,8,113,66,1320,9,127,78,1800,10,121,86,2080,11,120,64,1280,12,115,70,3140,13,123,64,2240,14,118,70,1400,15,126,76,3080,16,114,68,2620,17,115,70,2840,18,115,68,1900,19,118,68,1360,20,121,74,2920,21,124,80,1600,22,114,68,2680,23,113,78,2040,24,129,74,2020,25,106,80,2860,26,120,76,4040,27,128,66,1320,28,121,74,2920,29,123,80,1600,30,111,76,1520,31,119,80,3760,32,134,84,5280,33,118,68,1360,34,114,70,1640,35,122,90,3360,36,138,76,4040,37,117,76,1520,38,125,70,1400,39,117,70,2720,40,117,82,1640,41,129,80,1600,42,133,88,1760,43,107,86,1720,44,131,76,3860,45,120,78,3120,46,123,64,1520,47,114,80,1600,48,119,70,3260,49,122,94,1880,50,127,88,1760,51,123,70,1400,52,115,74,4000,53,117,70,2720,54,122,74,1600,55,133,80,1600,56,126,88,1760,57,116,84,2040,58,118,70,1400,59,122,70,2780,60,124,86,1720,61,119,70,1640,62,118,72,1440,63,109,78,3720,64,126,86,1720,65,124,72,4800,66,121,98,2920,67,116,66,2820,68,127,72,2040,69,127,94,1880,70,126,74,2080,71,120,74,1480,72,118,72,3000,73,122,74,2860,74,115,66,1320,75,119,76,1520,76,118,70,3740,77,126,94,1880,78,124,72,3900,79,122,70,1400,80,118,74,1480,81,125,74,3700,82,111,76,1640,83,113,76,3560,84,122,74,3280,85,120,66,1320,86,113,78,1560,87,122,80,3280,88,120,72,1440,89,130,90,1800,90,117,76,1520,91,122,64,1280,92,118,80,1600,93,117,82,2720,94,120,74,1480,95,122,74,1480,96,124,72,1440,97,117,80,1600,98,120,74,2980,99,111,68,1360,100,115,68,1360
35,-117695,37595,1,114,72,1800,2,117,70,1400,3,124,70,1580,4,125,88,2780,5,118,76,1520,6,121,68,1360,7,131,84,2520,8,118,92,1840,9,117,72,1560,10,117,70,1760,11,122,86,1720,12,131,88,3800,13,119,70,2420,14,127,90,1800,15,115,70,3140,16,121,76,2660,17,121,80,3220,18,125,76,2000,19,120,84,1680,20,120,70,3020,21,120,74,1480,22,124,78,3240,23,114,62,1720,24,114,72,1920,25,117,74,2920,26,125,76,4340,27,126,94,1880,28,113,72,3060,29,116,70,1400,30,121,64,1280,31,125,76,3560,32,124,80,4900,33,127,82,1640,34,122,82,1820,35,116,76,2720,36,124,76,4100,37,117,62,1240,38,119,72,1440,39,130,90,3720,40,123,68,1360,41,121,78,1560,42,126,66,1320,43,116,76,1520,44,114,76,3680,45,123,70,2600,46,118,88,2240,47,118,64,1280,48,122,88,4100,49,115,70,1400,50,117,76,1520,51,117,84,1680,52,129,78,4380,53,127,88,3680,54,118,72,1560,55,126,68,1360,56,116,72,1440,57,118,78,1920,58,131,80,1600,59,115,86,3460,60,117,68,1360,61,118,90,2160,62,130,72,1440,63,117,84,4020,64,119,68,1360,65,118,78,5100,66,120,72,2340,67,121,86,3580,68,122,74,2140,69,123,76,1520,70,112,68,2020,71,116,66,1320,72,125,80,3400,73,125,70,2720,74,125,84,1680,75,122,66,1320,76,129,78,4200,77,119,74,1480,78,116,82,4400,79,111,88,1760,80,124,68,1360,81,115,76,4040,82,116,76,1640,83,125,72,3300,84,117,72,3540,85,119,96,1920,86,117,70,1400,87,115,74,3040,88,116,70,1400,89,123,76,1520,90,118,72,1440,91,118,92,1840,92,123,72,1440,93,123,70,2480,94,122,68,1360,95,116,72,1440,96,112,78,1560,97,119,72,1440,98,114,80,3460,99,123,84,1680,100,128,80,1600
36,-118065,38779,1,130,76,1760,2,134,92,1840,3,116,76,1700,4,118,72,2460,5,124,68,1360,6,124,78,1560,7,126,68,2200,8,122,76,1520,9,134,82,1700,10,127,88,2180,11,120,76,1520,12,124,74,3340,13,120,86,2740,14,121,82,1640,15,119,72,2940,16,115,70,2540,17,116,72,3060,18,119,62,1660,19,121,66,1320,20,125,74,3100,21,120,68,1360,22,123,70,2840,23,117,74,2200,24,126,74,1900,25,123,70,2600,26,118,66,3960,27,117,74,1480,28,127,76,3020,29,126,78,1560,30,126,88,1760,31,116,66,3180,32,119,74,4480,33,128,68,1360,34,116,70,1580,35,121,74,2800,36,116,70,3740,37,126,76,1520,38,128,82,1640,39,118,72,3120,40,121,88,1760,41,118,70,1400,42,126,94,1880,43,121,70,1400,44,123,76,3860,45,112,84,3000,46,121,76,1760,47,126,82,1640,48,124,76,3620,49,130,84,1680,50,125,76,1520,51,123,64,1280,52,122,74,4060,53,124,74,3160,54,130,86,1900,55,117,78,1560,56,133,78,1560,57,119,72,1860,58,119,70,1400,59,121,70,2780,60,132,90,1800,61,129,74,1720,62,120,78,1560,63,117,74,3520,64,128,90,1800,65,119,74,4780,66,126,72,2340,67,114,70,3020,68,113,68,1960,69,114,68,1360,70,124,76,2120,71,123,84,1680,72,116,74,2980,73,113,76,3020,74,115,68,1360,75,113,88,1760,76,123,70,3680,77,123,68,1360,78,118,72,4080,79,120,78,1560,80,124,92,1840,81,117,70,3680,82,115,66,1500,83,120,80,3520,84,122,76,3500,85,122,72,1440,86,126,82,1640,87,130,74,3100,88,134,86,1720,89,119,72,1440,90,131,76,1520,91,120,76,1520,92,113,74,1480,93,118,72,2700,94,125,92,1840,95,132,88,1760,96,118,68,1360,97,129,76,1520,98,117,72,3060,99,118,68,1360,100,120,66,1320
37,-109755,39968,1,115,76,1700,2,130,74,1480,3,114,68,1540,4,129,84,2760,5,124,86,1720,6,115,66,1320,7,118,86,3100,8,118,64,1280,9,132,64,1280,10,121,76,2120,11,115,60,1200,12,116,68,2980,13,120,74,2560,14,117,76,1520,15,125,74,3160,16,127,76,2660,17,129,78,3060,18,125,80,2020,19,124,88,1760,20,113,70,2900,21,121,96,1920,22,114,86,3400,23,118,74,2320,24,118,82,2060,25,113,76,2900,26,123,84,4800,27,123,76,1520,28,112,74,3220,29,112,62,1240,30,120,64,1280,31,119,86,4180,32,122,82,5120,33,119,76,1520,34,128,80,1780,35,117,72,2520,36,126,78,4080,37,118,64,1280,38,126,72,1440,39,128,84,3540,40,111,80,1600,41,127,78,1560,42,126,70,1400,43,122,86,1720,44,121,78,4440,45,115,70,2480,46,118,72,1800,47,117,66,1320,48,123,70,3260,49,126,66,1320,50,115,70,1400,51,119,84,1680,52,118,74,4240,53,114,76,3380,54,125,74,1720,55,121,70,1400,56,117,68,1360,57,129,66,1920,58,122,82,1640,59,112,92,3580,60,127,82,1640,61,116,82,1820,62,120,68,1360,63,126,76,3800,64,119,74,1480,65,122,80,5260,66,113,88,3260,67,123,88,4040,68,119,76,2120,69,116,90,1800,70,114,60,1800,71,117,68,1360,72,129,72,3300,73,120,76,3020,74,126,92,1840,75,112,66,1320,76,125,88,5000,77,117,78,1560,78,128,80,4420,79,122,74,1480,80,115,78,1560,81,130,82,4340,82,118,92,2080,83,119,72,3060,84,110,74,3400,85,117,76,1520,86,120,68,1360,87,117,82,3260,88,127,70,1400,89,129,74,1480,90,112,74,1480,91,120,68,1360,92,123,82,1640,93,127,86,3160,94,120,74,1480,95,128,74,1480,96,125,84,1680,97,123,74,1480,98,130,98,4240,99,120,90,1800,100,134,78,1560
38,-125475,41155,1,119,70,1580,2,113,84,1680,3,122,88,2060,4,125,72,2460,5,116,74,1480,6,131,80,1600,7,122,76,2660,8,124,82,1640,9,133,74,1720,10,117,70,2060,11,121,70,1400,12,118,88,3980,13,119,62,2260,14,118,74,1480,15,120,68,2740,16,120,70,2360,17,118,74,2980,18,117,66,1620,19,115,68,1360,20,126,78,3060,21,121,78,1560,22,120,78,3120,23,124,68,2260,24,125,64,1580,25,124,68,2560,26,112,68,4000,27,115,68,1360,28,128,82,3440,29,116,76,1520,30,118,76,1520,31,122,80,3700,32,119,72,4440,33,116,62,1240,34,124,74,1780,35,130,88,3140,36,120,70,3560,37,125,76,1520,38,113,72,1440,39,126,74,3100,40,119,72,1440,41,121,68,1360,42,114,76,1520,43,114,72,1440,44,115,66,3720,45,131,84,3060,46,130,80,2140,47,131,84,1680,48,118,82,4220,49,126,84,1680,50,124,80,1600,51,121,66,1320,52,123,70,3980,53,115,70,3020,54,114,76,1760,55,112,88,1760,56,128,92,1840,57,126,88,2420,58,116,72,1440,59,115,78,2820,60,116,68,1360,61,120,68,1540,62,123,92,1840,63,122,72,3420,64,122,64,1280,65,120,70,4640,66,116,72,2520,67,120,72,3240,68,126,68,1960,69,119,80,1600,70,121,72,2040,71,125,90,1800,72,114,70,3380,73,118,70,2660,74,118,76,1520,75,122,84,1680,76,120,68,3700,77,120,68,1360,78,122,76,4340,79,114,64,1280,80,120,70,1400,81,122,76,3980,82,123,80,1840,83,127,74,3340,84,127,78,3540,85,121,68,1360,86,129,90,1800,87,120,74,2920,88,109,70,1400,89,118,74,1480,90,127,78,1560,91,124,88,1760,92,120,64,1280,93,128,72,2940,94,119,70,1400,95,115,80,1600,96,122,70,1400,97,115,70,1400,98,118,80,3400,99,121,72,1440,100,123,68,1360
39,-106405,42388,1,124,90,1980,2,118,66,1320,3,121,70,1520,4,116,64,2540,5,126,68,1360,6,125,62,1240,7,123,76,3020,8,114,72,1440,9,122,74,1720,10,129,80,2260,11,128,98,1960,12,124,78,3540,13,123,88,3020,14,123,68,1360,15,119,98,4000,16,125,84,3060,17,125,74,2920,18,121,90,2100,19,127,90,1800,20,117,70,2840,21,119,74,1480,22,121,80,3400,23,121,86,2860,24,122,84,1980,25,121,88,3200,26,116,76,4340,27,116,82,1640,28,117,76,3380,29,119,66,1320,30,124,76,1520,31,123,66,3060,32,127,70,4280,33,117,76,1520,34,116,60,1320,35,125,76,2660,36,119,94,4700,37,116,62,1240,38,125,76,1520,39,117,78,3480,40,121,72,1440,41,115,80,1600,42,123,66,1320,43,131,80,1600,44,123,88,5120,45,126,72,2580,46,123,72,1980,47,122,76,1520,48,121,74,3820,49,121,66,1320,50,118,72,1440,51,121,84,1680,52,114,76,4280,53,130,88,3680,54,119,72,1680,55,119,82,1640,56,119,72,1440,57,119,64,1940,58,131,76,1520,59,121,74,2740,60,122,80,1600,61,121,80,1780,62,115,80,1600,63,119,90,4560,64,123,82,1640,65,125,78,4860,66,130,82,3200,67,121,66,2760,68,119,76,2240,69,118,70,1400,70,121,78,2280,71,117,68,1360,72,127,76,3560,73,120,94,3740,74,121,70,1400,75,116,72,1440,76,115,84,4500,77,133,98,1960,78,119,70,4040,79,118,88,1760,80,119,84,1680,81,118,72,3780,82,122,70,1640,83,112,86,3820,84,120,76,3500,85,116,92,1840,86,129,72,1440,87,117,72,2880,88,120,78,1560,89,127,68,1360,90,119,70,1400,91,113,72,1440,92,125,82,1640,93,114,78,3420,94,133,84,1680,95,117,66,1320,96,119,92,1840,97,131,78,1560,98,125,72,2880,99,118,76,1520,100,123,88,1760
40,-122385,43604,1,120,78,1680,2,120,76,1520,3,123,94,2180,4,121,76,2660,5,122,92,1840,6,128,82,1640,7,117,72,2940,8,131,74,1480,9,116,66,1560,10,121,80,2440,11,123,80,1600,12,117,68,2920,13,114,70,2540,14,116,88,1760,15,125,88,3560,16,115,70,2480,17,117,70,2960,18,116,80,1900,19,117,74,1480,20,131,82,3200,21,126,78,1560,22,118,72,3120,23,117,72,2340,24,120,70,1700,25,114,76,2600,26,123,72,4320,27,124,66,1320,28,124,76,3260,29,124,82,1640,30,114,66,1320,31,127,78,3600,32,119,82,4880,33,119,68,1360,34,120,78,1860,35,117,70,2480,36,120,72,3600,37,122,76,1520,38,123,64,1280,39,120,66,2760,40,116,74,1480,41,122,76,1520,42,111,80,1600,43,126,64,1280,44,119,82,4640,45,113,74,2560,46,111,82,2120,47,122,66,1320,48,129,72,3420,49,119,76,1520,50,132,76,1520,51,116,74,1480,52,121,70,3920,53,125,72,2880,54,125,82,2000,55,124,72,1440,56,125,74,1480,57,129,78,2400,58,115,74,1480,59,118,74,2800,60,113,72,1440,61,112,74,1600,62,123,74,1480,63,119,82,4040,64,125,64,1280,65,117,72,4740,66,125,70,2780,67,118,90,3660,68,125,68,2020,69,123,84,1680,70,119,68,2020,71,125,84,1680,72,117,70,3200,73,126,76,3020,74,113,92,1840,75,128,74,1480,76,125,70,4100,77,127,84,1680,78,116,86,4780,79,123,82,1640,80,123,74,1480,81,122,78,4080,82,117,88,2120,83,119,70,3320,84,118,76,3500,85,126,84,1680,86,117,74,1480,87,134,84,3420,88,117,70,1400,89,117,68,1360,90,135,92,1840,91,123,72,1440,92,117,74,1480,93,118,68,2860,94,129,70,1400,95,130,86,1720,96,129,76,1520,97,116,70,1400,98,114,84,3540,99,123,70,1400,100,115,72,1440
41,-117270,44804,1,118,74,1600,2,119,64,1280,3,114,76,1820,4,112,72,2760,5,115,78,1560,6,121,68,1360,7,126,80,3040,8,120,68,1360,9,114,90,2040,10,124,70,2060,11,113,70,1400,12,129,88,3440,13,126,80,2920,14,122,72,1440,15,119,74,3040,16,123,86,3520,17,128,84,3540,18,122,74,1960,19,123,70,1400,20,118,78,3420,21,120,68,1360,22,126,80,3520,23,128,72,2340,24,119,86,2200,25,121,74,2620,26,113,78,4800,27,123,102,2040,28,115,70,2900,29,114,66,1320,30,127,88,1760,31,122,64,2900,32,118,72,4200,33,132,90,1800,34,120,64,1580,35,125,80,2740,36,120,88,4700,37,118,70,1400,38,119,74,1480,39,118,86,3580,40,124,68,1360,41,111,68,1360,42,111,64,1280,43,127,96,1920,44,120,74,4180,45,120,74,2620,46,109,70,1640,47,118,82,1640,48,116,72,3300,49,125,68,1360,50,113,74,1480,51,128,72,1440,52,119,80,4420,53,116,78,3420,54,119,66,1680,55,110,78,1560,56,115,74,1480,57,122,68,2020,58,125,76,1520,59,127,78,3120,60,133,82,1640,61,130,88,1880,62,117,72,1440,63,121,78,3720,64,123,74,1480,65,131,84,5340,66,118,84,3600,67,119,74,3280,68,128,78,2340,69,115,70,1400,70,121,74,2260,71,118,72,1440,72,133,78,3120,73,121,66,2580,74,118,74,1480,75,113,68,1360,76,119,84,5160,77,115,72,1440,78,119,74,4180,79,110,76,1520,80,115,68,1360,81,118,78,4140,82,119,82,2000,83,132,88,3740,84,121,72,3300,85,119,64,1280,86,124,68,1360,87,125,72,2940,88,123,76,1520,89,121,78,1560,90,130,80,1600,91,113,72,1440,92,125,72,1440,93,118,82,3140,94,112,66,1320,95,127,72,1440,96,118,68,1360,97,125,86,1720,98,119,72,3240,99,113,78,1560,100,136,82,1640
42,-117965,46001,1,128,72,1680,2,127,82,1640,3,121,76,1940,4,122,78,2940,5,123,72,1440,6,121,84,1680,7,123,66,2640,8,121,86,1720,9,119,64,1520,10,113,86,2560,11,128,72,1440,12,118,78,3000,13,121,72,2820,14,109,76,1520,15,122,72,2940,16,118,72,2700,17,124,74,3160,18,118,72,1920,19,117,78,1560,20,120,74,3160,21,117,84,1680,22,124,70,3080,23,117,70,2240,24,120,80,2080,25,117,68,2380,26,120,74,4480,27,118,84,1680,28,130,84,3480,29,122,86,1720,30,124,74,1480,31,128,80,3700,32,122,76,4580,33,127,76,1520,34,123,76,1940,35,114,70,2360,36,122,74,3760,37,135,82,1640,38,124,72,1440,39,118,80,3340,40,117,92,1840,41,123,80,1600,42,118,82,1640,43,120,74,1480,44,121,80,4660,45,122,68,2320,46,122,68,1600,47,123,72,1440,48,124,68,3040,49,131,96,1920,50,127,86,1720,51,114,86,1720,52,118,70,3860,53,123,74,3220,54,124,82,1940,55,120,68,1360,56,124,74,1480,57,123,86,2560,58,120,66,1320,59,123,72,2820,60,126,70,1400,61,121,74,1720,62,135,88,1760,63,112,68,3160,64,118,66,1320,65,122,74,4840,66,117,76,3260,67,125,74,3460,68,120,66,2100,69,131,84,1680,70,116,68,2140,71,132,82,1640,72,122,82,3440,73,118,86,3460,74,125,70,1400,75,127,86,1720,76,125,72,4560,77,128,72,1440,78,123,76,4220,79,126,86,1720,80,118,88,1760,81,126,74,3940,82,123,72,1740,83,119,74,3400,84,111,66,3060,85,131,78,1560,86,116,78,1560,87,121,74,3040,88,115,70,1400,89,117,74,1480,90,124,70,1400,91,133,78,1560,92,108,80,1600,93,129,66,2460,94,124,94,1880,95,115,76,1520,96,126,96,1920,97,115,78,1560,98,118,76,3500,99,121,74,1480,100,126,70,1400
43,-133215,47099,1,115,84,1860,2,122,66,1320,3,115,68,1600,4,119,66,2520,5,106,76,1520,6,117,70,1400,7,122,80,3340,8,115,70,1400,9,121,70,1700,10,122,72,2100,11,114,76,1520,12,119,72,2940,13,118,72,2640,14,123,88,1760,15,109,72,3000,16,127,74,2860,17,115,74,3220,18,129,82,2240,19,118,68,1360,20,124,74,3220,21,118,74,1480,22,115,80,3520,23,129,84,2640,24,128,70,2000,25,124,92,3280,26,121,76,4640,27,118,72,1440,28,122,76,3080,29,116,74,1480,30,117,74,1480,31,118,66,2880,32,123,66,3840,33,118,70,1400,34,116,70,1640,35,126,82,3020,36,113,80,4420,37,124,74,1480,38,113,72,1440,39,125,70,2780,40,121,86,1720,41,116,72,1440,42,121,62,1240,43,122,72,1440,44,124,82,4940,45,111,84,3060,46,121,82,2060,47,118,74,1480,48,120,78,3480,49,120,70,1400,50,118,68,1360,51,119,80,1600,52,133,84,4380,53,114,68,2740,54,120,74,1780,55,115,90,1800,56,115,68,1360,57,119,72,2100,58,117,84,1680,59,119,88,3500,60,117,76,1520,61,113,74,1660,62,125,74,1480,63,121,76,3620,64,128,84,1680,65,119,74,4960,66,122,74,3160,67,113,72,3360,68,126,86,2560,69,129,64,1280,70,125,74,2320,71,122,76,1520,72,120,76,3080,73,117,70,2960,74,117,74,1480,75,119,70,1400,76,108,76,4940,77,114,78,1560,78,110,76,4460,79,122,76,1520,80,119,72,1440,81,113,80,4180,82,109,78,1860,83,130,78,3420,84,120,76,3500,85,124,72,1440,86,120,68,1360,87,114,72,3000,88,126,78,1560,89,122,70,1400,90,117,78,1560,91,123,70,1400,92,115,66,1320,93,121,84,3180,94,118,68,1360,95,118,70,1400,96,127,82,1640,97,118,70,1400,98,125,72,3360,99,119,72,1440,100,117,74,1480
44,-108865,48271,1,121,72,1620,2,116,82,1640,3,130,94,2360,4,124,80,3100,5,124,78,1560,6,129,90,1800,7,125,72,2820,8,130,80,1600,9,117,94,2420,10,118,78,2220,11,116,64,1280,12,122,74,2980,13,126,74,2980,14,119,72,1440,15,120,78,3180,16,114,68,2440,17,124,78,3480,18,125,66,1860,19,121,94,1880,20,114,74,3400,21,125,72,1440,22,122,70,3080,23,119,70,2240,24,122,74,2020,25,121,76,2600,26,114,70,4160,27,127,76,1520,28,113,70,2720,29,123,70,1400,30,126,70,1400,31,127,88,3860,32,129,84,4860,33,122,86,1720,34,126,86,2200,35,114,70,2660,36,115,68,3520,37,117,68,1360,38,127,74,1480,39,111,86,3460,40,115,68,1360,41,137,82,1640,42,114,88,1760,43,114,72,1440,44,111,70,4220,45,119,80,2860,46,118,62,1540,47,124,68,1360,48,115,66,3120,49,126,92,1840,50,124,102,2040,51,125,72,1440,52,128,74,3940,53,124,82,3380,54,120,74,1780,55,124,76,1520,56,125,88,1760,57,121,72,2100,58,119,76,1520,59,118,80,3100,60,121,74,1480,61,129,84,1860,62,113,66,1320,63,122,72,3540,64,121,68,1360,65,117,74,4960,66,111,70,3080,67,129,88,4040,68,122,68,2140,69,131,92,1840,70,121,70,2180,71,113,68,1360,72,119,66,2640,73,125,78,3000,74,123,66,1320,75,127,90,1800,76,118,74,4660,77,112,64,1280,78,116,72,4260,79,116,68,1360,80,127,80,1600,81,114,68,3580,82,117,70,1700,83,115,82,4100,84,119,72,3420,85,110,72,1440,86,113,84,1680,87,125,76,3200,88,122,70,1400,89,118,84,1680,90,123,70,1400,91,114,82,1640,92,125,88,1760,93,118,70,2720,94,122,82,1640,95,119,88,1760,96,121,70,1400,97,125,90,1800,98,109,82,3920,99,124,78,1560,100,125,68,1360
45,-111630,49516,1,119,72,1620,2,120,72,1440,3,125,76,1940,4,115,70,2600,5,117,74,1480,6,127,74,1480,7,116,76,3020,8,121,68,1360,9,121,76,1940,10,117,68,2020,11,129,92,1840,12,122,82,3680,13,117,68,2560,14,123,74,1480,15,113,72,2940,16,127,78,2640,17,116,70,3140,18,127,84,2280,19,111,80,1600,20,122,74,3220,21,112,76,1520,22,120,88,3680,23,120,86,2680,24,113,66,1920,25,116,74,2800,26,120,90,5280,27,117,72,1440,28,125,86,3400,29,113,90,1800,30,111,74,1540,31,127,72,3360,32,121,76,4400,33,116,72,1440,34,119,78,1980,35,129,78,2700,36,120,82,4040,37,130,92,1840,38,110,76,1520,39,117,66,2520,40,121,94,1880,41,130,74,1480,42,115,70,1400,43,131,80,1600,44,119,76,4340,45,116,70,2540,46,126,92,2320,47,118,88,1760,48,121,82,4040,49,122,78,1560,50,112,78,1560,51,114,72,1440,52,114,84,4560,53,117,72,2640,54,121,66,1680,55,116,72,1440,56,119,70,1400,57,118,76,2180,58,119,66,1320,59,123,72,2640,60,117,68,1360,61,122,78,1740,62,123,88,1760,63,116,76,3620,64,113,86,1720,65,124,84,5760,66,120,78,3360,67,125,70,3020,68,117,86,2680,69,124,70,1400,70,121,84,2640,71,125,80,1600,72,124,86,3520,73,117,68,2680,74,115,86,1720,75,122,68,1360,76,117,70,4400,77,120,86,1720,78,132,92,5380,79,117,92,1840,80,116,70,1400,81,127,96,5100,82,128,88,2120,83,122,74,3700,84,119,86,4300,85,129,86,1720,86,120,72,1440,87,113,76,3080,88,117,78,1560,89,121,72,1440,90,118,76,1520,91,115,68,1360,92,125,72,1440,93,130,84,3240,94,116,66,1320,95,125,72,1440,96,122,88,1760,97,121,74,1480,98,113,72,3060,99,119,66,1320,100,116,84,1680
46,-127490,50680,1,128,76,1640,2,114,70,1400,3,119,68,1780,4,126,78,2940,5,127,64,1280,6,112,74,1480,7,116,68,2620,8,117,92,1840,9,119,64,1640,10,124,82,2660,11,122,80,1600,12,115,68,3040,13,120,78,2940,14,118,72,1440,15,124,78,3060,16,124,70,2300,17,128,80,3460,18,125,72,1920,19,115,74,1480,20,116,72,3300,21,125,78,1560,22,121,70,2960,23,114,70,2180,24,119,76,2000,25,125,66,2280,26,124,80,4720,27,128,74,1480,28,118,74,2800,29,116,74,1480,30,125,84,1800,31,111,74,3580,32,131,76,4580,33,133,76,1520,34,120,70,1820,35,121,72,2580,36,117,68,3220,37,123,84,1680,38,123,74,1480,39,124,74,2920,40,115,80,1600,41,118,78,1560,42,128,80,1600,43,121,72,1440,44,120,70,4160,45,128,76,2660,46,124,76,2060,47,116,68,1360,48,123,72,3420,49,118,70,1400,50,120,70,1400,51,131,74,1480,52,117,72,3660,53,124,76,2960,54,113,82,2000,55,128,78,1560,56,126,94,1880,57,118,72,2460,58,127,84,1680,59,109,78,2820,60,126,90,1800,61,115,68,1480,62,120,82,1700,63,123,72,3540,64,117,76,1520,65,115,76,5060,66,115,76,3320,67,113,74,3280,68,121,78,2400,69,115,74,1480,70,121,70,2240,71,118,74,1480,72,122,74,3040,73,127,82,3140,74,120,72,1440,75,123,90,1800,76,128,76,4580,77,122,76,1520,78,123,76,4400,79,125,86,1720,80,132,80,1600,81,128,72,3660,82,123,78,1920,83,119,72,3600,84,126,76,3620,85,124,76,1520,86,121,74,1480,87,120,76,3020,88,120,66,1320,89,116,72,1440,90,126,68,1360,91,126,84,1680,92,110,72,1440,93,130,72,2820,94,120,88,1760,95,110,72,1440,96,115,78,1560,97,115,68,1360,98,127,82,3440,99,126,96,1920,100,122,68,1360
47,-115780,51903,1,120,70,1460,2,126,82,1640,3,130,86,2200,4,123,72,2760,5,129,90,1800,6,131,82,1640,7,121,92,3460,8,127,74,1480,9,123,80,2260,10,117,72,2400,11,117,72,1440,12,125,92,4120,13,117,72,2760,14,125,74,1480,15,120,74,2980,16,115,84,2700,17,119,78,3300,18,111,72,1860,19,123,72,1440,20,125,78,3300,21,117,70,1400,22,117,80,3580,23,131,74,2080,24,121,70,1820,25,116,84,2880,26,116,72,4140,27,103,76,1520,28,126,68,2680,29,122,66,1320,30,119,74,1600,31,126,76,3500,32,122,78,4680,33,115,80,1600,34,117,100,2480,35,119,76,2600,36,125,88,3980,37,115,70,1400,38,112,68,1360,39,115,68,2800,40,119,72,1440,41,125,64,1280,42,121,60,1200,43,115,70,1400,44,119,82,4700,45,117,70,2480,46,120,70,2000,47,124,84,1680,48,113,86,4300,49,132,92,1840,50,125,94,1880,51,120,78,1560,52,130,78,4020,53,120,70,2840,54,118,70,1760,55,118,72,1440,56,117,78,1560,57,130,80,2560,58,120,66,1320,59,120,78,3000,60,117,76,1520,61,120,98,2020,62,120,74,1540,63,119,74,3640,64,122,66,1320,65,125,76,5060,66,119,72,3300,67,127,78,3180,68,120,66,2160,69,127,70,1400,70,119,82,2480,71,119,68,1360,72,121,70,3020,73,114,66,2760,74,120,72,1440,75,115,70,1400,76,118,76,4820,77,117,62,1240,78,122,66,3660,79,119,80,1600,80,125,70,1400,81,118,76,3680,82,113,74,1840,83,126,78,4200,84,118,66,3060,85,116,66,1320,86,118,64,1280,87,119,66,2580,88,114,92,1840,89,137,88,1760,90,117,78,1560,91,118,68,1360,92,127,78,1560,93,121,70,2660,94,120,78,1560,95,123,70,1400,96,117,66,1320,97,120,82,1640,98,123,74,3100,99,116,82,1640,100,119,88,1760
48,-115150,53156,1,118,94,2000,2,121,62,1240,3,125,72,1860,4,113,76,3200,5,125,74,1480,6,126,70,1400,7,121,80,2980,8,108,76,1520,9,116,72,2040,10,134,78,2520,11,128,80,1600,12,116,74,3220,13,128,80,3280,14,111,72,1440,15,117,72,2940,16,117,68,2260,17,126,76,3260,18,124,76,2000,19,113,72,1440,20,120,76,3260,21,130,80,1600,22,120,70,3260,23,117,74,2200,24,120,84,2160,25,120,68,2440,26,129,88,4940,27,121,86,1720,28,120,80,3400,29,119,80,1600,30,127,68,1480,31,122,64,3020,32,125,66,4020,33,122,72,1440,34,124,84,2100,35,115,64,2300,36,121,74,3460,37,128,80,1600,38,124,82,1640,39,128,84,3660,40,127,88,1760,41,127,84,1680,42,121,72,1440,43,123,86,1720,44,115,82,4580,45,133,76,2540,46,126,92,2680,47,116,72,1440,48,119,74,3520,49,128,74,1480,50,116,74,1480,51,118,66,1320,52,119,68,3400,53,117,86,3700,54,129,92,2380,55,129,78,1560,56,122,70,1400,57,123,70,2360,58,124,94,1880,59,118,66,2460,60,126,68,1360,61,127,78,1680,62,118,70,1520,63,124,78,3960,64,122,92,1840,65,120,80,5440,66,120,76,3380,67,121,70,2960,68,117,78,2460,69,117,76,1520,70,121,72,2340,71,121,88,1760,72,118,84,4020,73,124,80,3160,74,118,78,1560,75,131,84,1680,76,124,72,4440,77,131,84,1680,78,119,86,5020,79,121,66,1320,80,119,74,1480,81,121,70,3860,82,128,84,2220,83,118,72,3720,84,127,74,3280,85,131,88,1760,86,125,86,1720,87,117,80,3160,88,121,70,1400,89,134,78,1560,90,128,74,1480,91,122,82,1640,92,120,66,1320,93,118,86,3340,94,118,68,1360,95,115,78,1560,96,122,90,1800,97,124,72,1440,98,123,70,2960,99,115,70,1400,100,121,68,1360
49,-127650,54320,1,116,74,1540,2,123,86,1720,3,115,78,1980,4,117,74,2980,5,119,72,1440,6,114,76,1520,7,115,74,2560,8,124,78,1560,9,126,82,2240,10,119,78,2580,11,121,70,1400,12,123,72,3180,13,122,74,2980,14,129,80,1600,15,134,86,3280,16,127,90,3120,17,116,68,2920,18,119,70,1880,19,124,76,1520,20,120,70,2960,21,123,76,1520,22,121,82,3440,23,124,66,1920,24,120,72,1920,25,126,86,2980,26,114,74,4240,27,116,76,1520,28,119,72,2880,29,116,64,1280,30,122,86,1900,31,121,80,3880,32,119,84,4860,33,110,74,1480,34,117,76,1940,35,129,82,2600,36,119,76,4100,37,122,70,1400,38,114,68,1360,39,122,72,3180,40,122,74,1480,41,119,72,1440,42,115,72,1440,43,125,68,1360,44,122,72,3840,45,118,74,2440,46,122,82,2360,47,127,76,1520,48,120,72,3600,49,111,82,1640,50,121,68,1360,51,127,82,1640,52,129,82,4160,53,119,76,3260,54,120,76,1880,55,122,66,1320,56,122,90,1800,57,120,76,2540,58,120,80,1600,59,128,82,2960,60,120,82,1640,61,125,76,1580,62,127,96,2100,63,115,72,3720,64,119,82,1640,65,124,70,4580,66,120,74,3340,67,124,90,4020,68,125,70,2300,69,124,64,1280,70,111,72,2340,71,116,76,1520,72,124,64,3020,73,117,68,2680,74,123,68,1360,75,125,68,1360,76,116,78,4740,77,122,74,1480,78,121,76,4520,79,113,80,1600,80,126,70,1400,81,117,86,4420,82,120,72,1800,83,130,84,4380,84,116,70,3020,85,122,70,1400,86,117,74,1480,87,120,74,2980,88,120,90,1800,89,124,78,1560,90,118,80,1600,91,120,66,1320,92,125,82,1640,93,122,74,2800,94,123,88,1760,95,118,66,1320,96,119,74,1480,97,113,76,1520,98,120,90,4020,99,122,72,1440,100,119,84,1680
50,-119545,55490,1,122,70,1460,2,112,68,1360,3,124,68,1780,4,123,80,3400,5,127,74,1480,6,120,66,1320,7,128,76,2600,8,111,64,1280,9,123,70,1940,10,121,60,2040,11,116,84,1680,12,116,82,3980,13,116,82,3440,14,120,72,1440,15,121,72,2820,16,119,72,2460,17,126,88,3620,18,127,86,2320,19,119,70,1400,20,115,90,3660,21,114,68,1360,22,119,74,3280,23,127,98,2980,24,122,78,2160,25,117,68,2380,26,126,84,4920,27,125,70,1400,28,129,78,3180,29,124,80,1600,30,120,76,1760,31,116,64,3020,32,124,76,4340,33,128,86,1720,34,121,70,1820,35,123,70,2240,36,125,66,3360,37,115,84,1680,38,128,80,1600,39,113,76,3200,40,116,64,1280,41,127,68,1360,42,128,78,1560,43,121,80,1600,44,112,86,5020,45,126,70,2240,46,122,70,2360,47,118,68,1360,48,120,88,4580,49,118,74,1480,50,113,92,1840,51,122,66,1320,52,119,70,3560,53,123,74,3160,54,120,72,1860,55,123,80,1600,56,117,76,1520,57,129,68,2200,58,121,66,1320,59,117,78,2820,60,114,76,1520,61,120,72,1500,62,114,74,1600,63,129,76,3560,64,118,68,1360,65,112,76,5060,66,120,74,3280,67,113,72,3240,68,119,76,2480,69,123,78,1560,70,121,80,2560,71,120,70,1400,72,118,84,3780,73,126,98,4180,74,120,94,1880,75,115,78,1560,76,120,72,4500,77,114,72,1440,78,110,76,4580,79,121,68,1360,80,111,76,1520,81,123,70,3680,82,122,70,1820,83,124,78,4020,84,136,82,3740,85,114,84,1680,86,125,72,1440,87,116,74,3220,88,120,76,1520,89,115,64,1280,90,126,72,1440,91,121,86,1720,92,119,74,1480,93,112,72,3120,94,115,72,1440,95,129,98,1960,96,117,62,1240,97,120,68,1360,98,126,76,3320,99,111,70,1400,100,122,64,1280
51,-118010,56681,1,115,92,2200,2,128,86,1720,3,118,90,2340,4,114,70,2780,5,115,84,1680,6,121,86,1720,7,123,72,2220,8,124,78,1560,9,120,80,2260,10,115,90,3060,11,116,70,1400,12,122,76,3500,13,119,72,2820,14,123,70,1400,15,122,76,3140,16,131,78,2700,17,120,72,2940,18,125,64,1640,19,129,96,1980,20,119,72,2940,21,125,88,1760,22,118,70,3140,23,118,78,2460,24,118,68,1720,25,119,82,2720,26,119,74,4180,27,116,76,1520,28,120,76,3020,29,114,68,1360,30,120,66,1560,31,130,80,3700,32,113,74,4480,33,125,74,1480,34,117,78,2100,35,121,74,2380,36,120,76,3740,37,122,74,1480,38,122,68,1360,39,123,72,3060,40,126,78,1560,41,117,76,1520,42,123,64,1280,43,117,68,1360,44,118,66,3480,45,112,78,2460,46,124,90,2820,47,125,84,1680,48,118,82,4160,49,123,68,1360,50,118,76,1520,51,124,96,1920,52,124,82,3980,53,116,68,2980,54,122,72,1860,55,120,64,1280,56,127,70,1400,57,121,76,2780,58,113,82,1640,59,120,66,2460,60,121,66,1320,61,125,76,1880,62,124,78,1680,63,115,76,3620,64,130,94,1940,65,122,72,4680,66,120,78,3600,67,125,82,3500,68,119,68,2140,69,118,70,1400,70,118,64,2060,71,122,86,1720,72,120,74,3460,73,118,70,2780,74,120,74,1480,75,119,70,1400,76,122,76,4700,77,133,78,1560,78,120,78,4620,79,118,94,1880,80,119,78,1560,81,116,84,4260,82,118,88,2180,83,123,78,4320,84,128,78,3540,85,113,66,1320,86,114,82,1640,87,121,68,2800,88,119,68,1360,89,122,82,1640,90,118,68,1360,91,122,78,1560,92,121,66,1320,93,128,76,2900,94,126,84,1680,95,124,74,1480,96,124,72,1440,97,125,96,1920,98,115,74,3340,99,124,84,1680,100,122,84,1680
52,-116750,57851,1,116,76,1760,2,126,70,1400,3,120,72,1860,4,123,86,3340,5,123,74,1480,6,117,68,1360,7,113,78,2820,8,120,66,1320,9,122,68,2080,10,113,72,2460,11,128,80,1600,12,112,72,3240,13,118,74,3100,14,120,84,1680,15,114,66,2640,16,124,76,2660,17,110,88,3920,18,123,88,2300,19,127,76,1580,20,126,82,3800,21,117,76,1520,22,123,94,4040,23,118,74,2320,24,123,86,2260,25,120,72,2400,26,119,86,5080,27,121,66,1320,28,123,74,3040,29,123,74,1480,30,123,84,1920,31,120,78,3840,32,128,90,5160,33,117,76,1520,34,120,66,1740,35,118,70,2360,36,125,68,3460,37,112,72,1440,38,123,92,1840,39,116,74,3640,40,122,74,1480,41,120,68,1360,42,118,88,1760,43,125,86,1720,44,122,86,4780,45,123,74,2440,46,116,76,2540,47,117,74,1480,48,127,74,3820,49,113,82,1640,50,123,70,1400,51,120,76,1520,52,123,72,3540,53,124,90,3960,54,112,80,1960,55,125,90,1800,56,114,74,1480,57,116,70,2420,58,114,74,1480,59,122,82,3080,60,118,90,1800,61,119,68,1600,62,121,66,1500,63,125,76,3500,64,122,78,1620,65,118,84,5820,66,123,72,3180,67,116,70,2840,68,128,84,2880,69,125,88,1760,70,123,78,2760,71,112,80,1600,72,122,74,3520,73,127,92,3640,74,119,68,1360,75,129,88,1760,76,119,78,4740,77,127,68,1360,78,123,70,4100,79,122,64,1280,80,120,70,1400,81,121,76,3680,82,123,76,1880,83,117,78,4320,84,121,68,3100,85,118,88,1760,86,116,72,1440,87,122,98,4180,88,125,88,1760,89,109,68,1360,90,126,92,1840,91,112,70,1400,92,117,82,1640,93,119,74,2980,94,115,74,1480,95,115,66,1320,96,114,74,1480,97,119,86,1720,98,121,68,2800,99,118,66,1320,100,120,70,1400
53,-122825,59028,1,120,62,1540,2,115,76,1520,3,114,70,1820,4,117,74,2860,5,115,66,1320,6,116,90,1800,7,116,72,2580,8,128,86,1720,9,119,84,2580,10,122,80,2740,11,126,72,1440,12,126,80,3340,13,125,70,2780,14,120,72,1440,15,118,74,2920,16,118,76,2960,17,115,78,3300,18,118,72,2040,19,117,68,1420,20,121,74,3220,21,122,72,1440,22,116,80,3580,23,123,64,2120,24,120,78,2160,25,123,76,2720,26,114,72,4200,27,120,90,1800,28,115,70,2960,29,112,64,1280,30,119,76,1820,31,123,70,3440,32,123,82,4700,33,121,72,1440,34,128,84,2100,35,124,80,2680,36,127,90,4440,37,128,74,1480,38,120,66,1320,39,117,68,3100,40,119,66,1320,41,118,84,1680,42,118,72,1440,43,115,70,1400,44,124,80,4480,45,113,74,2560,46,124,82,2900,47,126,70,1400,48,115,78,3960,49,119,74,1480,50,116,74,1480,51,121,70,1400,52,115,82,4040,53,120,74,3220,54,124,70,1700,55,114,78,1560,56,127,72,1440,57,120,80,2740,58,126,76,1520,59,119,66,2220,60,122,72,1440,61,123,92,2140,62,121,86,1960,63,114,72,3360,64,116,64,1340,65,125,74,5200,66,122,76,3260,67,122,88,4160,68,118,72,2400,69,124,78,1560,70,114,70,2360,71,123,70,1400,72,125,72,3600,73,116,82,3380,74,133,86,1720,75,123,68,1360,76,119,68,4000,77,121,76,1520,78,123,98,5620,79,118,102,2040,80,121,86,1720,81,122,72,3780,82,117,64,1580,83,115,74,4240,84,120,90,4260,85,118,72,1440,86,128,78,1560,87,118,78,3180,88,123,78,1560,89,123,80,1600,90,119,78,1560,91,129,80,1600,92,121,70,1400,93,128,68,2680,94,124,72,1440,95,122,82,1640,96,127,70,1400,97,120,72,1440,98,121,90,4200,99,129,86,1720,100,130,84,1680
54,-129110,60178,1,112,70,1520,2,118,62,1240,3,129,78,1980,4,124,74,2920,5,124,78,1560,6,125,82,1640,7,128,72,2460,8,125,68,1360,9,124,74,2380,10,117,68,2200,11,120,76,1520,12,120,78,3240,13,114,78,3000,14,127,76,1520,15,120,74,3160,16,125,70,2480,17,121,74,3100,18,129,74,2020,19,130,88,2000,20,120,70,3020,21,110,74,1480,22,120,70,3200,23,123,82,2720,24,118,72,1980,25,120,66,2280,26,127,76,4340,27,117,70,1400,28,125,76,2960,29,116,92,1840,30,126,68,1540,31,119,74,3460,32,115,70,4160,33,111,70,1400,34,125,70,1820,35,112,72,2460,36,121,72,3480,37,113,70,1400,38,119,88,1760,39,131,82,3680,40,128,82,1640,41,127,66,1320,42,133,76,1520,43,129,80,1600,44,119,70,3920,45,129,78,2580,46,116,76,2600,47,119,72,1440,48,118,70,3560,49,123,68,1360,50,125,68,1360,51,115,84,1680,52,118,68,3340,53,113,78,3600,54,114,78,1980,55,120,66,1320,56,115,80,1600,57,117,70,2240,58,120,68,1360,59,124,82,3020,60,112,72,1440,61,112,80,1720,62,116,72,1620,63,124,80,3880,64,119,82,1880,65,111,74,4960,66,117,84,4020,67,115,72,3120,68,131,82,2960,69,117,68,1360,70,120,80,2920,71,113,78,1560,72,114,70,3440,73,122,68,2860,74,129,80,1600,75,122,90,1800,76,119,92,5560,77,112,64,1280,78,118,78,4440,79,124,82,1640,80,117,72,1440,81,113,66,3180,82,124,96,2340,83,122,74,4120,84,122,78,3600,85,126,82,1640,86,124,68,1360,87,119,74,3100,88,117,72,1440,89,122,74,1480,90,126,68,1360,91,126,70,1400,92,121,84,1680,93,117,74,3160,94,108,72,1440,95,117,66,1320,96,116,68,1360,97,120,74,1480,98,119,74,3160,99,124,78,1560,100,121,76,1520
55,-115160,61390,1,129,78,1680,2,128,80,1600,3,125,68,1720,4,114,70,2720,5,118,72,1440,6,123,70,1400,7,115,86,3040,8,121,96,1920,9,116,72,2340,10,124,92,3160,11,118,70,1400,12,117,74,3220,13,121,70,2720,14,113,70,1400,15,119,70,2780,16,108,78,2580,17,113,76,3380,18,118,74,2020,19,127,66,1500,20,128,90,3660,21,124,76,1520,22,121,100,3980,23,120,68,2200,24,127,72,1980,25,125,86,3040,26,115,80,4780,27,128,88,1760,28,119,76,3200,29,118,74,1480,30,117,80,2140,31,118,76,3920,32,128,86,5140,33,125,76,1520,34,121,78,1920,35,127,86,2980,36,125,74,3820,37,121,74,1480,38,117,78,1560,39,121,66,2760,40,127,72,1440,41,124,82,1640,42,119,78,1560,43,117,72,1440,44,127,84,4680,45,116,70,2660,46,118,74,2560,47,127,74,1480,48,119,78,3660,49,117,84,1680,50,122,86,1720,51,121,70,1400,52,114,76,3560,53,127,68,2800,54,120,70,1700,55,117,86,1720,56,121,70,1400,57,120,92,3160,58,124,96,1920,59,119,74,2680,60,127,86,1720,61,111,72,1560,62,127,90,2280,63,117,72,3300,64,120,64,1460,65,124,74,5140,66,122,76,3500,67,128,78,3300,68,120,74,2500,69,124,90,1800,70,122,74,2500,71,118,62,1240,72,125,78,3960,73,118,88,3440,74,121,64,1280,75,118,70,1400,76,122,76,4700,77,126,86,1720,78,120,76,4580,79,114,74,1480,80,132,78,1560,81,125,80,3640,82,121,84,1980,83,117,78,4440,84,114,72,3240,85,121,66,1320,86,114,90,1800,87,123,80,3700,88,131,84,1680,89,111,66,1320,90,120,86,1720,91,114,80,1600,92,122,68,1360,93,122,68,2680,94,123,76,1520,95,118,84,1680,96,121,82,1640,97,119,70,1400,98,116,68,3100,99,120,74,1480,100,114,72,1440
56,-123100,62619,1,120,64,1400,2,124,68,1360,3,118,78,1980,4,124,76,3080,5,128,66,1320,6,111,80,1600,7,121,74,2680,8,113,76,1520,9,130,84,2520,10,118,82,2900,11,133,84,1680,12,122,70,2900,13,121,92,3400,14,128,88,1760,15,124,80,3460,16,120,78,2940,17,121,70,2900,18,127,70,1940,19,123,80,1840,20,126,70,2900,21,116,68,1360,22,120,82,3260,23,131,96,3120,24,113,74,2020,25,120,68,2260,26,117,78,4620,27,122,74,1480,28,127,74,2920,29,122,70,1400,30,127,68,1780,31,124,72,3540,32,124,72,4200,33,119,72,1440,34,118,74,1900,35,119,74,2440,36,116,76,3800,37,115,62,1240,38,122,68,1360,39,124,80,3340,40,114,76,1520,41,121,68,1360,42,120,74,1480,43,132,82,1640,44,124,70,3920,45,128,76,2480,46,125,70,2420,47,112,82,1640,48,119,66,3240,49,121,72,1440,50,119,74,1480,51,123,94,1880,52,119,68,3340,53,119,82,3380,54,117,92,2140,55,121,74,1480,56,112,80,1600,57,120,80,2860,58,120,78,1560,59,122,66,2460,60,127,72,1440,61,126,82,1760,62,123,72,1800,63,133,88,4280,64,120,84,1920,65,117,70,4700,66,116,66,2760,67,112,72,3060,68,121,68,2260,69,110,80,1600,70,111,66,2220,71,127,84,1680,72,109,62,3280,73,118,78,2880,74,122,82,1640,75,128,84,1680,76,121,66,3900,77,117,74,1480,78,116,72,4320,79,126,72,1440,80,123,72,1440,81,115,64,2840,82,117,74,1780,83,123,68,3700,84,128,78,3600,85,126,80,1600,86,118,76,1520,87,124,72,3180,88,128,72,1440,89,123,82,1640,90,117,68,1360,91,120,68,1360,92,117,88,1760,93,117,86,3580,94,113,68,1360,95,121,76,1520,96,116,70,1400,97,124,82,1640,98,126,82,3260,99,117,68,1360,100,129,76,1520
57,-121135,63813,1,122,88,1880,2,121,92,1840,3,119,70,1880,4,121,70,2660,5,122,90,1800,6,119,70,1400,7,118,76,3140,8,121,70,1400,9,117,68,2020,10,120,72,2460,11,128,74,1480,12,115,86,3460,13,123,76,2780,14,119,78,1560,15,118,76,3140,16,120,74,2680,17,116,80,3280,18,111,72,1860,19,120,68,1480,20,108,74,3160,21,120,86,1720,22,117,72,2880,23,122,86,2860,24,129,76,1940,25,114,96,3120,26,122,70,4040,27,118,68,1360,28,112,76,3080,29,113,82,1640,30,116,70,1760,31,116,84,4140,32,114,90,5460,33,130,76,1520,34,127,66,1800,35,123,68,2260,36,124,76,3920,37,124,72,1440,38,117,78,1560,39,118,68,2800,40,121,64,1280,41,119,86,1720,42,115,70,1400,43,126,70,1400,44,122,78,4380,45,119,66,2220,46,115,78,3000,47,115,68,1360,48,129,88,4400,49,118,74,1480,50,125,70,1400,51,116,80,1600,52,120,82,4220,53,121,76,2960,54,127,80,1840,55,114,72,1440,56,117,66,1320,57,120,72,2460,58,118,74,1480,59,121,86,2980,60,115,76,1520,61,116,76,1640,62,113,72,1740,63,129,76,3680,64,112,64,1400,65,118,74,4900,66,130,82,3440,67,125,76,2900,68,113,88,2840,69,115,72,1440,70,124,78,2640,71,123,64,1280,72,118,74,3580,73,129,68,2560,74,114,72,1440,75,118,72,1440,76,121,80,4660,77,124,70,1400,78,119,80,4960,79,111,62,1240,80,106,70,1400,81,118,94,4280,82,121,68,1600,83,129,84,4380,84,119,78,3840,85,115,68,1360,86,125,72,1440,87,112,76,3260,88,117,72,1440,89,119,68,1360,90,121,92,1840,91,129,90,1800,92,125,76,1520,93,124,76,3200,94,123,80,1600,95,115,66,1320,96,131,82,1640,97,112,66,1320,98,114,70,2780,99,122,84,1680,100,115,70,1400
58,-125665,65025,1,119,72,1560,2,114,72,1440,3,125,96,2460,4,120,86,3220,5,119,70,1400,6,124,98,1960,7,116,68,2680,8,115,90,1800,9,124,86,2500,10,126,74,2860,11,113,74,1480,12,122,72,2820,13,115,70,2900,14,119,72,1440,15,124,74,3280,16,119,70,2480,17,119,78,3300,18,126,78,2100,19,116,80,1780,20,122,74,3220,21,121,74,1480,22,131,74,2980,23,125,76,2600,24,115,74,2020,25,127,70,2420,26,111,76,4580,27,127,84,1680,28,123,74,2920,29,117,68,1360,30,126,74,1840,31,118,74,3700,32,116,82,5000,33,115,74,1480,34,120,78,2100,35,115,80,2680,36,108,70,3500,37,111,70,1400,38,124,72,1440,39,127,90,3660,40,115,78,1560,41,126,74,1480,42,129,84,1680,43,113,76,1520,44,122,66,3720,45,123,86,2800,46,121,72,2700,47,118,86,1720,48,127,72,3540,49,120,70,1400,50,114,74,1480,51,118,68,1360,52,121,76,3920,53,115,80,3460,54,121,72,1740,55,126,76,1520,56,126,86,1720,57,120,78,2940,58,129,68,1360,59,112,70,2420,60,122,62,1240,61,122,70,1520,62,126,76,1820,63,118,80,3940,64,124,88,1940,65,121,76,5180,66,120,70,3020,67,120,78,3060,68,115,68,2260,69,126,80,1600,70,122,68,2260,71,117,72,1440,72,119,66,3300,73,120,66,2400,74,133,80,1600,75,130,76,1520,76,123,74,4120,77,116,78,1560,78,118,70,4220,79,126,72,1440,80,112,74,1480,81,121,80,3640,82,122,88,2060,83,124,76,4040,84,123,70,3320,85,117,82,1640,86,111,78,1560,87,121,74,3220,88,132,84,1680,89,124,86,1720,90,117,78,1560,91,123,72,1440,92,121,76,1520,93,117,70,3020,94,116,68,1360,95,119,90,1800,96,125,74,1480,97,119,78,1560,98,128,80,3100,99,113,72,1440,100,124,76,1520
59,-125080,66217,1,129,74,1720,2,134,76,1520,3,119,80,2080,4,118,76,2780,5,123,86,1720,6,118,76,1520,7,122,88,3140,8,122,76,1520,9,117,82,2420,10,114,74,2680,11,126,72,1440,12,119,72,2880,13,131,74,2740,14,123,78,1560,15,116,66,2880,16,123,88,2960,17,123,74,2980,18,124,70,1940,19,119,74,1660,20,115,72,2940,21,118,72,1440,22,116,76,3200,23,118,70,2480,24,122,74,2020,25,116,72,2640,26,124,72,4080,27,123,70,1400,28,114,74,3160,29,124,82,1640,30,117,72,1800,31,121,72,3540,32,119,76,4580,33,127,78,1560,34,125,68,1840,35,123,68,2200,36,122,76,3920,37,124,80,1600,38,111,82,1640,39,119,80,3340,40,123,66,1320,41,111,74,1480,42,122,64,1280,43,125,66,1320,44,117,80,4300,45,116,76,2360,46,117,76,3020,47,127,80,1600,48,115,68,3640,49,119,82,1640,50,131,76,1520,51,123,92,1840,52,113,66,3300,53,124,76,3260,54,116,78,1920,55,118,70,1400,56,121,66,1320,57,125,76,2720,58,108,72,1440,59,127,88,3140,60,119,76,1520,61,109,82,1880,62,121,68,1660,63,128,78,3660,64,118,70,1580,65,118,70,4700,66,123,98,4120,67,117,64,2240,68,123,88,2960,69,119,70,1400,70,125,92,3040,71,130,82,1640,72,124,82,3980,73,114,86,3040,74,121,76,1520,75,117,76,1520,76,118,84,5220,77,120,66,1320,78,129,82,5000,79,111,74,1480,80,128,72,1440,81,119,66,3060,82,123,78,1920,83,115,72,3900,84,114,80,3940,85,123,70,1400,86,120,68,1360,87,115,72,2940,88,130,70,1400,89,119,70,1400,90,122,68,1360,91,110,74,1480,92,112,70,1400,93,123,72,3060,94,131,96,1920,95,122,78,1560,96,116,76,1520,97,126,70,1400,98,127,64,2240,99,125,78,1560,100,118,66,1320
60,-113755,67454,1,113,68,1540,2,123,78,1560,3,126,68,1840,4,124,68,2500,5,119,68,1360,6,120,62,1240,7,109,78,3000,8,119,66,1320,9,117,76,2300,10,121,74,2500,11,112,72,1440,12,125,86,3820,13,117,76,2660,14,114,70,1400,15,127,82,3260,16,119,82,3020,17,107,78,3480,18,114,82,2420,19,126,72,1620,20,133,90,3720,21,124,78,1560,22,125,72,3300,23,124,84,3120,24,121,74,2260,25,128,80,2860,26,112,86,4960,27,105,78,1560,28,124,74,3100,29,116,72,1440,30,128,80,2020,31,112,74,3520,32,121,72,4380,33,116,68,1360,34,120,84,2160,35,111,80,2800,36,114,74,4120,37,123,70,1400,38,118,74,1480,39,118,68,2980,40,122,92,1840,41,128,84,1680,42,117,86,1720,43,122,84,1680,44,119,74,4060,45,121,76,2720,46,120,72,3120,47,122,66,1320,48,123,94,5180,49,124,74,1480,50,121,78,1560,51,118,78,1560,52,128,78,4080,53,116,72,3060,54,123,72,1920,55,130,86,1720,56,116,92,1840,57,120,70,2420,58,122,66,1320,59,123,78,2700,60,125,68,1360,61,117,74,1660,62,113,94,2240,63,117,74,3580,64,129,84,1860,65,118,88,6200,66,117,86,3640,67,120,80,2680,68,121,76,2480,69,120,94,1880,70,120,76,2480,71,120,74,1480,72,120,70,3500,73,121,74,2620,74,112,72,1440,75,118,66,1320,76,120,72,4500,77,119,88,1760,78,120,80,4840,79,123,72,1440,80,111,74,1480,81,125,82,3680,82,120,68,1840,83,127,74,4120,84,114,76,3620,85,111,74,1480,86,125,80,1600,87,128,84,3420,88,121,66,1320,89,135,88,1760,90,120,96,1920,91,122,82,1640,92,126,78,1560,93,115,82,3560,94,126,70,1400,95,119,70,1400,96,123,66,1320,97,111,80,1600,98,131,84,2760,99,115,68,1360,100,120,92,1840
61,-124725,68661,1,127,78,1920,2,114,70,1400,3,124,86,2140,4,114,74,2740,5,123,88,1760,6,130,90,1800,7,120,76,2960,8,123,80,1600,9,125,74,2440,10,118,64,2240,11,125,78,1560,12,115,78,3300,13,125,72,2700,14,134,84,1680,15,117,70,2960,16,121,72,2700,17,119,72,3060,18,116,60,1620,19,117,74,1720,20,125,78,3180,21,118,70,1400,22,117,66,2700,23,119,74,2380,24,115,68,1780,25,115,68,2440,26,115,72,4140,27,120,78,1560,28,115,76,3260,29,131,82,1640,30,122,62,1600,31,134,90,4380,32,116,82,5180,33,121,84,1680,34,120,66,1740,35,121,72,2520,36,121,72,3780,37,112,74,1480,38,124,68,1360,39,121,88,4100,40,112,76,1520,41,118,76,1520,42,124,76,1520,43,117,72,1440,44,119,68,3820,45,114,72,2520,46,122,76,3260,47,118,86,1720,48,122,80,4480,49,116,68,1360,50,111,72,1440,51,121,72,1440,52,117,72,3720,53,124,86,4060,54,109,78,2040,55,121,78,1560,56,120,78,1560,57,121,94,2840,58,123,88,1760,59,113,72,2520,60,120,84,1680,61,121,76,1880,62,115,68,1660,63,123,74,3520,64,117,78,1800,65,119,78,5100,66,119,76,3020,67,126,76,2480,68,117,70,2240,69,116,80,1600,70,116,62,2080,71,120,70,1400,72,125,80,3940,73,116,70,2420,74,123,82,1640,75,126,82,1640,76,117,68,3940,77,131,76,1520,78,120,68,3940,79,115,74,1480,80,122,86,1720,81,118,74,3280,82,120,86,2200,83,112,78,4560,84,122,68,3160,85,124,82,1640,86,115,66,1320,87,118,74,2980,88,121,90,1800,89,127,74,1480,90,117,76,1520,91,114,74,1480,92,121,68,1360,93,118,70,2780,94,119,76,1520,95,132,92,1840,96,126,86,1720,97,116,72,1440,98,124,76,2480,99,122,82,1640,100,118,78,1560
62,-120050,69800,1,119,68,1600,2,129,84,1680,3,116,74,1960,4,127,78,2820,5,110,76,1520,6,125,80,1600,7,118,76,3080,8,116,74,1480,9,109,74,2200,10,123,78,2400,11,118,72,1440,12,115,68,2800,13,113,76,2780,14,128,78,1560,15,127,82,3440,16,117,82,3140,17,124,72,3000,18,118,82,2420,19,121,70,1640,20,119,76,3080,21,126,94,1880,22,123,90,3660,23,118,76,2600,24,127,90,2580,25,124,80,3040,26,124,78,4560,27,121,72,1440,28,119,66,2700,29,123,74,1480,30,116,72,1980,31,131,78,3900,32,117,80,5020,33,116,74,1480,34,128,86,2200,35,110,80,3100,36,120,82,4580,37,127,80,1600,38,115,74,1480,39,119,78,3660,40,127,78,1560,41,124,68,1360,42,115,68,1360,43,130,78,1560,44,122,80,4660,45,132,88,3260,46,122,72,3000,47,123,76,1520,48,116,66,3720,49,126,88,1760,50,130,82,1640,51,116,76,1520,52,133,74,3880,53,120,76,3620,54,115,70,1820,55,114,68,1360,56,117,66,1320,57,117,76,2360,58,116,74,1480,59,125,76,2840,60,121,72,1440,61,122,68,1600,62,117,90,2220,63,112,80,4060,64,121,72,1680,65,114,74,5080,66,118,80,3460,67,119,66,2220,68,127,82,2960,69,119,72,1440,70,122,86,3040,71,117,90,1800,72,117,68,3340,73,127,90,3300,74,115,72,1440,75,120,70,1400,76,118,92,5020,77,119,78,1560,78,123,92,5320,79,123,70,1400,80,116,74,1480,81,120,78,3600,82,125,78,1980,83,120,70,3920,84,109,80,4000,85,119,68,1360,86,120,88,1760,87,122,78,3420,88,120,78,1560,89,114,78,1560,90,116,70,1400,91,125,74,1480,92,121,92,1840,93,130,88,3500,94,121,68,1360,95,130,74,1480,96,116,70,1400,97,129,78,1560,98,114,66,2220,99,108,66,1320,100,124,64,1280
63,-117890,70995,1,121,90,2160,2,123,78,1560,3,121,72,1860,4,120,74,2740,5,123,82,1640,6,121,64,1280,7,129,72,2820,8,127,68,1360,9,124,84,2640,10,117,68,2200,11,131,80,1600,12,122,86,3400,13,121,74,2740,14,119,64,1280,15,118,74,3040,16,122,70,2660,17,109,78,3480,18,120,72,2220,19,113,88,2000,20,129,78,3480,21,120,74,1480,22,115,72,2820,23,124,68,2200,24,117,84,2460,25,117,68,2500,26,114,70,4040,27,113,68,1360,28,123,94,4100,29,116,68,1360,30,125,78,2100,31,125,70,3380,32,126,74,4660,33,129,78,1560,34,120,70,1820,35,120,72,2640,36,120,70,3800,37,123,66,1320,38,126,74,1480,39,122,68,3280,40,119,68,1360,41,114,86,1720,42,114,94,1880,43,123,66,1320,44,116,68,3940,45,120,70,2600,46,117,86,3940,47,112,68,1360,48,120,80,4540,49,116,78,1560,50,128,74,1480,51,124,70,1400,52,119,76,3680,53,117,72,3360,54,130,78,1980,55,121,80,1600,56,129,86,1720,57,120,70,2240,58,125,68,1360,59,118,72,2820,60,117,72,1440,61,119,90,2160,62,116,74,1960,63,117,76,3740,64,116,76,1760,65,123,72,4800,66,118,72,3000,67,120,86,2860,68,122,78,2760,69,128,78,1560,70,118,76,2720,71,119,70,1400,72,125,106,5300,73,123,74,2680,74,131,78,1560,75,120,92,1840,76,123,76,4460,77,125,74,1480,78,120,82,4760,79,109,84,1680,80,121,68,1360,81,128,68,3220,82,119,68,1780,83,117,76,4280,84,110,72,3360,85,131,98,1960,86,125,78,1560,87,116,74,3100,88,118,64,1280,89,121,64,1280,90,128,82,1640,91,116,70,1400,92,112,72,1440,93,125,72,2940,94,111,90,1800,95,115,74,1480,96,132,78,1560,97,121,72,1440,98,120,84,2820,99,123,78,1560,100,113,84,1680
64,-121400,72180,1,116,72,1680,2,118,72,1440,3,120,76,2000,4,123,68,2620,5,115,78,1560,6,116,84,1680,7,116,80,3220,8,118,78,1560,9,119,78,2460,10,126,88,2720,11,124,72,1440,12,111,76,3200,13,114,72,2700,14,128,78,1560,15,123,74,3100,16,117,84,3120,17,117,76,3560,18,119,72,2100,19,120,76,1760,20,122,80,3640,21,120,74,1480,22,124,80,3460,23,125,90,2940,24,119,72,2100,25,121,80,3160,26,123,88,5180,27,125,76,1520,28,115,70,2900,29,124,86,1720,30,115,60,1680,31,125,88,4340,32,113,86,5680,33,118,74,1480,34,117,92,2320,35,117,82,3380,36,128,86,4720,37,114,84,1680,38,119,72,1440,39,113,84,3480,40,127,86,1720,41,116,76,1520,42,122,78,1560,43,114,84,1680,44,126,80,4600,45,122,98,3700,46,125,78,3540,47,127,82,1640,48,119,80,4360,49,121,66,1320,50,116,78,1560,51,115,72,1440,52,125,72,3900,53,128,74,3280,54,123,68,1900,55,113,64,1280,56,131,66,1320,57,121,90,2760,58,123,86,1720,59,124,76,2720,60,131,82,1640,61,119,74,1720,62,124,72,1920,63,122,76,3980,64,120,70,1640,65,111,78,5340,66,128,80,3280,67,119,78,2520,68,118,64,2120,69,120,70,1400,70,117,66,2160,71,120,96,1920,72,115,80,4000,73,114,74,2860,74,123,68,1360,75,117,76,1520,76,117,68,4240,77,116,70,1400,78,113,74,4120,79,112,72,1440,80,117,80,1600,81,118,76,3320,82,123,84,2220,83,133,78,4440,84,121,76,3500,85,122,74,1480,86,116,70,1400,87,123,78,3660,88,127,80,1600,89,116,90,1800,90,124,76,1520,91,125,82,1640,92,131,88,1760,93,114,80,3580,94,114,74,1480,95,121,72,1440,96,119,72,1440,97,115,70,1400,98,119,70,2360,99,119,70,1400,100,120,64,1280
65,-129095,73344,1,132,86,2020,2,127,74,1480,3,118,66,1800,4,115,92,3580,5,118,72,1440,6,121,70,1400,7,124,76,3020,8,120,60,1200,9,122,74,2380,10,116,70,2060,11,114,72,1440,12,120,68,2680,13,130,82,3380,14,118,70,1400,15,110,64,2600,16,116,74,2680,17,125,72,3240,18,125,70,2060,19,120,70,1640,20,113,74,3280,21,117,64,1280,22,110,72,3000,23,116,78,2520,24,124,74,2140,25,119,72,2700,26,116,80,4600,27,119,66,1320,28,124,74,2980,29,117,86,1720,30,122,82,2120,31,114,68,3460,32,121,74,4780,33,124,70,1400,34,123,74,1960,35,125,74,2740,36,120,72,3900,37,124,74,1480,38,123,72,1440,39,117,76,3260,40,120,70,1400,41,123,68,1360,42,119,68,1360,43,121,72,1440,44,122,74,4360,45,116,78,2820,46,122,72,3180,47,118,72,1440,48,122,70,3680,49,121,88,1760,50,125,72,1440,51,133,84,1680,52,113,68,3700,53,118,78,3300,54,122,84,2100,55,125,80,1600,56,122,70,1400,57,118,80,2260,58,119,66,1320,59,113,70,2600,60,130,68,1360,61,121,74,1780,62,111,82,2120,63,122,72,3600,64,128,90,2040,65,117,70,4820,66,121,74,2980,67,119,70,2240,68,122,88,2900,69,122,90,1800,70,126,86,2860,71,119,88,1760,72,113,76,3800,73,129,74,2860,74,117,84,1680,75,118,66,1320,76,130,74,4180,77,120,72,1440,78,127,70,4040,79,132,80,1600,80,118,70,1400,81,117,68,3160,82,113,76,1940,83,126,76,4220,84,116,72,3420,85,122,72,1440,86,130,80,1600,87,112,74,3340,88,119,66,1320,89,119,76,1520,90,117,76,1520,91,118,68,1360,92,121,72,1440,93,120,76,3320,94,125,78,1560,95,114,78,1560,96,130,76,1520,97,129,76,1520,98,127,90,2640,99,126,92,1840,100,127,84,1680
66,-124030,74484,1,122,74,1900,2,116,74,1480,3,123,90,2460,4,120,76,2900,5,122,76,1520,6,114,84,1680,7,116,72,3000,8,120,70,1400,9,120,74,2380,10,129,80,2260,11,134,78,1560,12,124,88,3560,13,118,76,2900,14,126,84,1680,15,116,82,3620,16,124,78,3000,17,117,78,3540,18,120,78,2460,19,121,94,2000,20,125,86,3700,21,121,86,1720,22,121,84,3360,23,116,70,2300,24,117,72,2340,25,124,74,2860,26,119,74,4240,27,127,80,1600,28,110,72,3180,29,124,76,1520,30,115,74,1960,31,120,96,4620,32,120,80,5320,33,113,80,1600,34,116,74,2140,35,111,68,2440,36,121,78,4380,37,117,72,1440,38,111,68,1360,39,120,68,2860,40,130,94,1880,41,123,92,1840,42,128,82,1640,43,116,74,1480,44,132,74,4240,45,122,68,2440,46,115,72,3240,47,125,74,1480,48,118,90,4680,49,118,80,1600,50,112,78,1560,51,124,74,1480,52,124,84,4320,53,124,68,2860,54,117,66,1800,55,117,72,1440,56,123,88,1760,57,122,74,2140,58,127,82,1640,59,123,76,2600,60,111,76,1520,61,119,74,1900,62,117,74,1960,63,118,84,4500,64,121,80,1720,65,117,76,5120,66,118,74,3040,67,131,88,2600,68,119,70,2420,69,114,76,1520,70,122,74,2500,71,116,74,1480,72,126,74,3940,73,117,70,2600,74,125,76,1520,75,121,82,1640,76,116,76,4160,77,114,74,1480,78,113,72,4140,79,124,70,1400,80,128,84,1680,81,115,78,3480,82,118,70,1880,83,119,76,4160,84,130,80,3940,85,116,68,1360,86,125,70,1400,87,121,76,3440,88,119,92,1840,89,125,74,1480,90,122,74,1480,91,121,86,1720,92,115,74,1480,93,120,72,3180,94,121,70,1400,95,120,66,1320,96,126,78,1560,97,118,70,1400,98,118,78,2400,99,121,84,1680,100,123,68,1360
67,-131710,75619,1,114,68,1720,2,121,66,1320,3,117,80,2140,4,116,72,2700,5,114,66,1320,6,118,70,1400,7,128,82,3020,8,125,86,1720,9,118,72,2340,10,123,70,2000,11,123,82,1640,12,118,80,3160,13,125,76,2780,14,123,72,1440,15,117,74,3340,16,113,72,2700,17,123,68,3040,18,114,68,2080,19,117,78,1680,20,114,76,3200,21,115,76,1520,22,116,76,3140,23,127,80,2620,24,132,80,2320,25,115,66,2280,26,120,70,3980,27,122,72,1440,28,122,80,3520,29,111,68,1360,30,122,66,1800,31,122,82,3980,32,118,76,4880,33,116,70,1400,34,124,70,1940,35,121,80,2920,36,121,68,3580,37,132,72,1440,38,122,78,1560,39,126,88,3500,40,127,82,1640,41,121,72,1440,42,122,76,1520,43,124,68,1360,44,117,78,4200,45,112,88,3080,46,128,82,3560,47,114,72,1440,48,122,76,4160,49,122,68,1360,50,115,70,1400,51,117,72,1440,52,119,72,3900,53,121,80,3340,54,123,94,2540,55,132,84,1680,56,113,70,1400,57,117,70,2000,58,120,76,1520,59,116,72,2580,60,125,72,1440,61,124,72,1800,62,123,68,1840,63,118,80,4300,64,118,74,1600,65,126,68,4720,66,123,76,3140,67,122,80,2440,68,131,82,2660,69,119,66,1320,70,117,74,2500,71,128,70,1400,72,116,78,4320,73,131,74,2740,74,120,68,1360,75,119,66,1320,76,122,70,4160,77,126,70,1400,78,122,72,4140,79,108,82,1640,80,124,72,1440,81,115,68,3100,82,124,84,2340,83,127,74,4000,84,123,76,3860,85,124,86,1720,86,110,76,1520,87,110,74,3280,88,122,86,1720,89,115,68,1360,90,117,72,1440,91,115,70,1400,92,124,74,1480,93,118,76,3380,94,119,84,1680,95,127,86,1720,96,120,70,1400,97,125,92,1840,98,121,74,2320,99,120,72,1440,100,119,90,1800
68,-122690,76815,1,114,86,2320,2,116,78,1560,3,125,72,2100,4,130,76,2900,5,121,78,1560,6,121,80,1600,7,118,72,2580,8,119,68,1360,9,128,78,2580,10,113,80,2320,11,113,76,1520,12,124,68,2680,13,114,72,2700,14,113,74,1480,15,122,72,3180,16,127,84,3360,17,122,80,3340,18,119,82,2240,19,126,70,1520,20,119,74,3220,21,124,72,1440,22,128,72,3240,23,122,72,2460,24,121,70,2000,25,122,84,3000,26,118,88,5120,27,115,74,1480,28,114,80,3520,29,124,80,1600,30,120,84,2400,31,115,74,3640,32,128,76,4880,33,125,86,1720,34,119,76,2180,35,117,78,2700,36,117,92,4840,37,124,70,1400,38,111,66,1320,39,117,78,3120,40,121,68,1360,41,118,76,1520,42,114,70,1400,43,133,94,1880,44,129,70,3920,45,117,78,2700,46,112,68,3160,47,130,82,1640,48,122,64,3500,49,127,88,1760,50,127,82,1640,51,135,80,1600,52,119,80,4420,53,121,78,3120,54,114,74,2080,55,121,70,1400,56,124,72,1440,57,129,84,2400,58,119,68,1360,59,127,82,3020,60,109,74,1480,61,114,76,2120,62,121,88,2420,63,123,76,3920,64,124,64,1400,65,114,82,5720,66,115,76,3260,67,117,68,2200,68,126,72,2460,69,122,76,1520,70,122,74,2500,71,112,68,1360,72,127,76,4220,73,122,78,2940,74,128,82,1640,75,120,90,1800,76,120,84,4800,77,115,76,1520,78,118,80,4600,79,115,70,1400,80,107,78,1560,81,122,80,3520,82,117,74,2080,83,115,76,4100,84,117,74,3880,85,112,76,1520,86,121,76,1520,87,122,90,3960,88,116,78,1560,89,126,88,1760,90,134,88,1760,91,123,76,1520,92,117,70,1400,93,124,70,3080,94,128,72,1440,95,122,66,1320,96,128,92,1840,97,119,72,1440,98,115,66,2160,99,121,72,1440,100,118,76,1520
69,-133000,77953,1,117,68,1960,2,118,68,1360,3,110,76,2300,4,113,80,2740,5,115,70,1400,6,115,74,1480,7,128,80,2980,8,126,78,1560,9,121,70,2360,10,121,70,2120,11,122,74,1480,12,123,86,3340,13,129,78,2700,14,125,74,1480,15,118,74,3160,16,121,74,2740,17,121,74,3100,18,120,70,1940,19,112,68,1480,20,122,74,3100,21,108,76,1520,22,112,76,3140,23,121,80,2800,24,121,86,2260,25,116,68,2380,26,122,76,4220,27,128,64,1280,28,118,78,3360,29,121,72,1440,30,120,70,1820,31,130,74,3640,32,110,76,4880,33,118,76,1520,34,128,72,2220,35,122,74,2620,36,125,70,3680,37,114,82,1640,38,114,92,1840,39,122,72,2880,40,126,86,1720,41,123,72,1440,42,130,84,1680,43,131,80,1600,44,121,74,4120,45,121,76,2660,46,123,72,3180,47,122,74,1480,48,120,78,4080,49,123,70,1400,50,117,74,1480,51,126,70,1400,52,118,68,3340,53,116,72,2880,54,127,82,2360,55,111,86,1720,56,113,70,1400,57,119,68,2080,58,129,80,1600,59,123,72,2640,60,124,86,1720,61,123,66,1920,62,119,70,1820,63,118,74,3940,64,120,80,1720,65,118,70,4820,66,120,72,2880,67,123,94,3200,68,111,80,2740,69,115,66,1320,70,119,74,2620,71,126,86,1720,72,117,70,4040,73,116,72,2700,74,124,72,1440,75,118,70,1400,76,117,68,4000,77,122,64,1280,78,118,68,3760,79,129,78,1560,80,118,78,1560,81,110,68,2860,82,122,72,2160,83,124,76,4160,84,127,68,3280,85,120,72,1440,86,113,68,1360,87,118,80,3340,88,122,70,1400,89,128,68,1360,90,121,72,1440,91,120,68,1360,92,134,82,1640,93,111,84,3660,94,115,76,1520,95,118,78,1560,96,121,80,1600,97,132,74,1480,98,120,88,3080,99,119,74,1480,100,124,70,1400
70,-121450,79075,1,124,76,2180,2,127,80,1600,3,121,86,2560,4,116,66,2280,5,126,76,1520,6,125,72,1440,7,121,68,2560,8,125,66,1320,9,127,94,3020,10,120,94,2780,11,112,60,1200,12,117,74,2920,13,121,70,2360,14,116,72,1440,15,120,74,3160,16,121,74,2980,17,120,72,3120,18,125,92,2380,19,120,76,1700,20,117,72,3120,21,117,74,1480,22,121,76,3200,23,114,76,2600,24,123,78,2100,25,127,84,2640,26,113,80,4720,27,119,80,1600,28,119,74,3280,29,115,74,1480,30,119,94,2480,31,115,76,3800,32,124,78,5040,33,122,72,1440,34,116,74,2320,35,115,70,2540,36,113,76,3980,37,121,68,1360,38,114,68,1360,39,113,72,2940,40,126,68,1360,41,112,72,1440,42,121,76,1520,43,125,74,1480,44,119,72,4020,45,118,76,2660,46,110,72,3180,47,116,68,1360,48,128,70,3740,49,112,84,1680,50,126,72,1440,51,122,70,1400,52,117,76,3380,53,130,72,2940,54,117,70,1940,55,113,74,1480,56,125,82,1640,57,127,88,2660,58,126,70,1400,59,105,82,3320,60,121,70,1400,61,115,86,2380,62,131,92,2380,63,125,74,3760,64,117,76,1700,65,124,80,5380,66,113,78,3360,67,118,78,2700,68,119,72,2460,69,123,88,1760,70,118,64,2300,71,119,72,1440,72,123,72,4080,73,135,82,3020,74,110,82,1640,75,128,88,1760,76,130,96,5400,77,121,80,1600,78,129,80,4240,79,122,64,1280,80,122,74,1480,81,123,80,3280,82,116,70,1940,83,112,78,4380,84,118,72,3480,85,116,76,1520,86,124,76,1520,87,121,78,3300,88,120,88,1760,89,122,80,1600,90,116,78,1560,91,123,78,1560,92,124,70,1400,93,117,70,3080,94,121,62,1240,95,120,62,1240,96,114,72,1440,97,121,80,1600,98,128,82,2780,99,122,70,1400,100,111,82,1640
71,-122575,80284,1,120,62,1780,2,121,72,1440,3,123,74,2200,4,119,86,3040,5,118,66,1320,6,110,76,1520,7,119,98,3400,8,117,76,1520,9,125,82,2720,10,121,72,2160,11,118,84,1680,12,123,78,3240,13,120,90,3120,14,130,80,1600,15,124,74,3280,16,113,70,2840,17,119,84,4020,18,125,78,2160,19,117,66,1500,20,131,90,4140,21,125,70,1400,22,120,70,2900,23,126,74,2620,24,118,70,2000,25,114,68,2260,26,119,70,3860,27,124,72,1440,28,127,76,3440,29,124,72,1440,30,122,80,2140,31,123,68,3280,32,111,70,4460,33,117,78,1560,34,121,72,2160,35,125,74,2620,36,126,70,3740,37,114,88,1760,38,121,90,1800,39,132,84,3300,40,113,78,1560,41,131,84,1680,42,114,70,1400,43,112,66,1320,44,126,74,4420,45,120,72,2580,46,124,70,3080,47,120,88,1760,48,116,80,4180,49,114,74,1480,50,112,74,1480,51,118,82,1640,52,123,70,3320,53,115,78,3180,54,124,88,2540,55,126,84,1680,56,116,74,1480,57,117,70,2120,58,116,74,1480,59,117,74,3160,60,127,84,1680,61,120,84,2220,62,127,76,2000,63,119,78,4080,64,125,68,1540,65,121,64,4340,66,114,70,3020,67,124,72,2460,68,124,78,2880,69,118,72,1440,70,126,88,3080,71,126,74,1480,72,115,74,4180,73,123,78,3060,74,119,68,1360,75,118,70,1400,76,123,82,4940,77,115,68,1360,78,118,70,3860,79,122,86,1720,80,117,74,1480,81,120,70,3020,82,131,96,2700,83,123,76,4220,84,130,78,3540,85,119,72,1440,86,114,62,1240,87,122,70,3020,88,125,72,1440,89,122,68,1360,90,121,76,1520,91,118,62,1240,92,115,76,1520,93,119,84,3540,94,116,72,1440,95,124,88,1760,96,132,86,1720,97,118,70,1400,98,123,74,2500,99,113,86,1720,100,115,76,1520
72,-125450,81431,1,123,84,2160,2,113,74,1480,3,114,72,2400,4,114,68,2320,5,123,74,1480,6,124,78,1560,7,123,84,2940,8,118,64,1280,9,122,72,2340,10,117,72,2280,11,119,74,1480,12,123,70,2600,13,122,76,2480,14,126,80,1600,15,119,70,2960,16,118,78,3120,17,128,72,3420,18,118,72,1920,19,126,82,1940,20,124,80,3580,21,115,78,1560,22,121,88,3740,23,108,70,2300,24,124,84,2160,25,119,90,3300,26,129,86,4600,27,106,78,1560,28,117,70,3260,29,109,76,1520,30,119,70,1940,31,112,86,3880,32,125,80,4720,33,126,72,1440,34,122,80,2560,35,115,72,2700,36,116,88,4820,37,116,68,1360,38,124,80,1600,39,122,76,2960,40,117,62,1240,41,127,78,1560,42,125,84,1680,43,123,88,1760,44,117,66,3660,45,125,74,2740,46,116,70,3020,47,120,72,1440,48,118,62,3280,49,130,80,1600,50,124,82,1640,51,119,74,1480,52,111,78,3720,53,123,74,2920,54,123,78,2100,55,116,68,1360,56,125,70,1400,57,133,90,2640,58,123,70,1400,59,128,68,2740,60,119,72,1440,61,118,78,2040,62,120,64,1760,63,121,70,3680,64,113,76,1820,65,118,80,5260,66,125,76,3020,67,111,76,2600,68,127,74,2680,69,131,72,1440,70,119,76,2720,71,112,70,1400,72,121,76,4160,73,120,68,2440,74,118,80,1600,75,126,88,1760,76,118,68,4240,77,127,96,1920,78,126,80,4000,79,120,72,1440,80,125,70,1400,81,127,90,3660,82,123,80,2140,83,120,70,3860,84,120,72,3360,85,122,70,1400,86,119,76,1520,87,121,88,3680,88,112,74,1480,89,118,84,1680,90,114,72,1440,91,123,82,1640,92,118,64,1280,93,128,70,3020,94,127,72,1440,95,118,76,1520,96,125,80,1600,97,128,80,1600,98,120,68,2440,99,115,74,1480,100,121,66,1320
73,-124070,82594,1,122,74,2020,2,130,76,1520,3,126,78,2400,4,123,84,2640,5,116,68,1360,6,114,70,1400,7,115,72,2640,8,133,86,1720,9,117,84,2880,10,127,70,2120,11,124,66,1320,12,113,84,3360,13,113,72,2400,14,118,70,1400,15,123,82,3620,16,116,76,3020,17,113,74,3040,18,129,84,2160,19,116,74,1720,20,118,66,2880,21,126,72,1440,22,117,78,3420,23,122,78,2580,24,117,74,1960,25,121,78,2700,26,125,74,4120,27,122,80,1600,28,126,88,3800,29,122,80,1600,30,119,84,2280,31,114,76,3560,32,116,74,4480,33,110,74,1480,34,118,68,2200,35,130,82,2900,36,119,78,4200,37,120,86,1720,38,123,68,1360,39,121,70,2660,40,117,82,1640,41,123,68,1360,42,116,62,1240,43,122,74,1480,44,129,72,3960,45,113,76,2780,46,130,78,3120,47,124,78,1560,48,124,74,4060,49,128,66,1320,50,117,68,1360,51,131,68,1360,52,121,68,3340,53,116,68,2620,54,116,64,1820,55,125,98,1960,56,118,76,1520,57,130,80,2320,58,116,80,1600,59,120,76,3320,60,128,76,1520,61,123,72,1980,62,119,74,2080,63,122,92,4600,64,121,72,1680,65,119,76,5060,66,121,70,2900,67,119,82,2960,68,114,80,2740,69,118,76,1520,70,124,70,2540,71,121,78,1560,72,110,72,4140,73,118,96,3240,74,123,66,1320,75,117,74,1480,76,125,84,4980,77,123,66,1320,78,117,74,3880,79,122,74,1480,80,112,74,1480,81,119,76,3080,82,115,66,1860,83,125,88,4520,84,121,72,3420,85,110,82,1640,86,117,68,1360,87,122,82,3440,88,129,88,1760,89,126,78,1560,90,129,82,1640,91,125,68,1360,92,117,88,1760,93,116,72,3240,94,118,68,1360,95,119,68,1360,96,114,74,1480,97,119,62,1240,98,122,80,2920,99,128,70,1400,100,123,88,1760
74,-120505,83804,1,121,70,1940,2,119,80,1600,3,114,64,1760,4,118,68,2260,5,123,96,1920,6,125,78,1560,7,133,88,3020,8,131,66,1320,9,123,78,2640,10,118,76,2300,11,121,72,1440,12,118,76,3080,13,127,80,2500,14,131,92,1840,15,116,64,2780,16,122,72,3000,17,125,76,3320,18,122,74,2020,19,122,76,1880,20,121,94,3680,21,112,76,1520,22,119,74,3220,23,112,74,2440,24,122,76,2060,25,126,70,2300,26,113,74,4060,27,110,70,1400,28,121,74,3040,29,115,74,1480,30,126,76,2120,31,120,70,3380,32,117,70,4340,33,124,80,1600,34,134,80,2080,35,120,66,2400,36,115,72,3900,37,119,66,1320,38,118,88,1760,39,125,90,3600,40,119,68,1360,41,123,92,1840,42,123,76,1520,43,117,66,1320,44,114,70,3740,45,123,70,2480,46,126,68,2980,47,114,68,1360,48,122,76,4040,49,125,88,1760,50,127,90,1800,51,116,72,1440,52,115,80,3880,53,119,86,3520,54,123,82,2360,55,120,88,1760,56,125,72,1440,57,126,70,2180,58,121,72,1440,59,121,66,2820,60,123,76,1520,61,111,76,2060,62,119,66,1920,63,119,70,3560,64,113,78,1920,65,120,70,4700,66,121,68,2620,67,120,72,2580,68,123,68,2380,69,121,68,1360,70,111,72,2460,71,116,70,1400,72,121,70,3620,73,123,78,2640,74,114,78,1560,75,125,64,1280,76,115,68,4120,77,117,76,1520,78,124,76,4160,79,111,70,1400,80,127,78,1560,81,121,74,3280,82,123,90,2520,83,118,82,4280,84,115,76,3800,85,115,66,1320,86,119,90,1800,87,120,78,3180,88,120,74,1480,89,117,74,1480,90,118,76,1520,91,119,82,1640,92,120,72,1440,93,131,68,2980,94,131,94,1880,95,132,86,1720,96,129,78,1560,97,129,80,1600,98,121,68,2500,99,117,74,1480,100,117,70,1400
75,-123080,84980,1,118,84,2220,2,124,64,1280,3,121,80,2020,4,128,82,2480,5,119,74,1480,6,119,68,1360,7,127,76,2720,8,123,80,1600,9,114,68,2320,10,126,70,2240,11,114,76,1520,12,123,66,2760,13,120,62,2080,14,121,76,1520,15,127,78,3120,16,112,76,3200,17,122,68,2800,18,117,70,1940,19,121,68,1780,20,122,76,2960,21,124,70,1400,22,119,78,3660,23,127,86,2680,24,116,72,1980,25,115,70,2420,26,127,78,4320,27,125,86,1720,28,115,80,3640,29,125,72,1440,30,118,70,1940,31,122,90,4200,32,120,78,4740,33,119,70,1400,34,126,70,1820,35,129,80,2980,36,128,82,4340,37,128,86,1720,38,118,82,1640,39,121,72,3060,40,129,88,1760,41,116,84,1680,42,117,70,1400,43,129,88,1760,44,124,72,3840,45,115,76,2900,46,118,80,3220,47,121,80,1600,48,124,62,3520,49,114,72,1440,50,120,76,1520,51,132,86,1720,52,115,68,3520,53,125,78,3180,54,124,70,2120,55,117,74,1480,56,111,72,1440,57,120,70,2240,58,112,70,1400,59,123,82,3560,60,118,66,1320,61,119,74,2020,62,126,90,2340,63,122,82,3800,64,122,70,1820,65,114,80,5260,66,120,92,3580,67,120,88,3500,68,116,84,2820,69,121,94,1880,70,122,80,2740,71,125,82,1640,72,125,88,4580,73,115,76,2720,74,122,64,1280,75,120,78,1560,76,115,92,5500,77,121,66,1320,78,121,74,4120,79,127,70,1400,80,122,70,1400,81,120,70,3200,82,111,74,2200,83,122,76,3980,84,123,72,3600,85,125,84,1680,86,121,72,1440,87,117,72,3000,88,119,72,1440,89,126,70,1400,90,119,66,1320,91,119,68,1360,92,126,72,1440,93,122,72,3000,94,123,80,1600,95,131,66,1320,96,125,66,1320,97,125,72,1440,98,118,96,3660,99,124,68,1360,100,129,80,1600
76,-123020,86195,1,119,80,2020,2,125,86,1720,3,120,72,1920,4,123,76,2600,5,125,76,1520,6,120,88,1760,7,118,68,2560,8,112,66,1320,9,125,80,2800,10,112,72,2280,11,123,66,1320,12,124,80,3460,13,129,84,2760,14,120,68,1600,15,124,66,2760,16,121,74,2980,17,119,80,3580,18,130,90,2700,19,120,84,2160,20,115,78,3540,21,112,78,1560,22,125,68,3040,23,120,74,2320,24,125,80,2500,25,129,84,2820,26,118,68,3940,27,122,76,1520,28,122,66,2760,29,112,76,1520,30,127,82,2300,31,115,82,3680,32,123,72,4260,33,126,98,1960,34,115,70,1880,35,118,70,2480,36,113,72,4080,37,127,74,1480,38,125,72,1440,39,124,72,3000,40,121,76,1520,41,123,74,1480,42,133,82,1640,43,127,78,1800,44,119,80,3940,45,121,68,2440,46,122,74,3100,47,116,68,1360,48,122,76,4340,49,135,78,1560,50,120,72,1440,51,123,70,1400,52,126,92,4600,53,116,70,2960,54,111,80,2200,55,124,68,1360,56,131,76,1520,57,126,92,2680,58,121,82,1640,59,122,68,2800,60,125,98,1960,61,127,72,1860,62,114,76,2180,63,122,80,3640,64,109,78,2040,65,123,68,4660,66,117,76,3020,67,120,76,2780,68,120,72,2520,69,113,76,1520,70,116,66,2400,71,116,68,1360,72,120,72,3540,73,123,70,2540,74,118,80,1600,75,122,72,1440,76,118,74,4420,77,124,86,1720,78,120,74,4120,79,112,78,1560,80,115,84,1680,81,126,80,3820,82,126,80,2200,83,119,76,4100,84,110,72,3660,85,114,64,1280,86,117,70,1400,87,134,72,2880,88,128,78,1560,89,117,74,1480,90,125,76,1520,91,127,92,1840,92,111,76,1520,93,120,76,2960,94,112,72,1440,95,122,72,1440,96,121,78,1560,97,114,68,1360,98,120,74,2740,99,123,84,1680,100,121,68,1360
77,-123860,87329,1,121,72,1800,2,122,74,1480,3,125,72,2040,4,117,64,2120,5,123,66,1320,6,122,74,1480,7,132,84,2880,8,124,74,1480,9,118,72,2580,10,126,74,2260,11,117,90,1800,12,119,72,3060,13,123,68,2200,14,125,100,2360,15,121,84,3300,16,114,76,3140,17,120,74,3100,18,130,76,2240,19,115,70,1820,20,123,72,3060,21,115,66,1320,22,123,84,3780,23,124,68,2200,24,124,70,2120,25,125,76,2660,26,127,78,4320,27,119,70,1400,28,120,82,3440,29,120,76,1520,30,119,72,1980,31,121,78,3540,32,115,74,4480,33,119,82,1640,34,125,84,2280,35,126,90,3420,36,125,80,4360,37,114,72,1440,38,116,72,1440,39,114,74,3340,40,117,68,1360,41,115,74,1480,42,129,76,1520,43,122,74,1840,44,119,76,3860,45,117,90,3420,46,114,68,3100,47,126,84,1680,48,122,70,3980,49,117,80,1600,50,124,80,1600,51,117,74,1480,52,121,76,3860,53,131,90,3660,54,110,72,2040,55,121,88,1760,56,120,76,1520,57,117,86,2500,58,115,66,1320,59,120,88,3560,60,118,82,1640,61,115,76,1880,62,121,68,1900,63,123,78,3840,64,121,66,1740,65,117,74,5020,66,125,72,2820,67,127,70,2420,68,119,74,2680,69,121,78,1560,70,121,82,2840,71,122,88,1760,72,119,80,4180,73,114,80,2740,74,123,74,1480,75,114,78,1560,76,113,74,4660,77,121,76,1520,78,123,74,4120,79,117,64,1280,80,121,74,1480,81,118,66,3000,82,120,70,2000,83,123,82,4520,84,124,76,3860,85,113,98,1960,86,125,90,1800,87,122,80,3160,88,119,70,1400,89,123,64,1280,90,120,68,1360,91,122,70,1400,92,120,74,1480,93,119,72,2940,94,124,74,1480,95,112,70,1400,96,111,70,1400,97,124,88,1760,98,121,64,2300,99,116,72,1440,100,129,94,1880
78,-123960,88527,1,119,74,1900,2,120,70,1400,3,111,70,1820,4,128,90,3180,5,116,74,1480,6,115,66,1320,7,121,78,2760,8,116,70,1400,9,125,72,2460,10,117,70,1940,11,127,68,1360,12,120,78,3420,13,118,84,3060,14,116,84,1920,15,122,66,2760,16,119,70,2780,17,123,76,3380,18,116,82,2300,19,128,84,2220,20,112,82,3500,21,126,74,1480,22,123,64,2660,23,118,82,2660,24,116,74,2140,25,117,66,2280,26,120,76,4160,27,136,86,1720,28,115,72,3000,29,115,72,1440,30,126,72,2160,31,118,72,3300,32,123,76,4580,33,122,74,1480,34,116,74,1900,35,118,80,3100,36,120,68,3700,37,131,82,1640,38,124,82,1640,39,121,72,2820,40,132,80,1600,41,121,74,1480,42,116,76,1520,43,117,70,1640,44,126,72,3660,45,125,74,2980,46,120,90,3780,47,125,72,1440,48,126,84,4860,49,120,66,1320,50,116,72,1440,51,128,76,1520,52,122,76,3980,53,124,74,2860,54,123,78,2280,55,113,74,1480,56,119,68,1360,57,118,72,1980,58,122,94,1880,59,120,78,3120,60,128,68,1360,61,120,68,1780,62,115,84,2340,63,115,74,3520,64,117,84,2220,65,120,68,4540,66,115,82,3380,67,112,84,3120,68,121,62,2320,69,116,72,1440,70,118,70,2480,71,115,74,1480,72,120,64,3500,73,118,70,2420,74,115,70,1400,75,124,64,1280,76,126,80,4900,77,111,66,1320,78,121,74,4240,79,121,88,1760,80,112,64,1280,81,129,84,3840,82,125,100,2720,83,114,70,3980,84,115,72,3480,85,123,82,1640,86,121,68,1360,87,120,76,3080,88,128,92,1840,89,119,86,1720,90,124,78,1560,91,127,88,1760,92,121,78,1560,93,122,72,3060,94,117,68,1360,95,123,74,1480,96,122,78,1560,97,119,68,1360,98,122,84,3120,99,134,76,1520,100,126,84,1680
79,-113745,89758,1,120,70,2120,2,115,94,1880,3,130,80,2200,4,120,72,2400,5,128,64,1280,6,127,80,1600,7,119,68,2320,8,127,84,1680,9,114,64,2240,10,126,84,2340,11,118,80,1600,12,120,68,2860,13,124,66,2280,14,122,74,1660,15,120,94,3800,16,127,92,3520,17,116,66,2820,18,119,72,2040,19,126,72,1920,20,115,70,2900,21,112,62,1240,22,124,84,3420,23,119,70,2540,24,124,68,1960,25,121,94,3320,26,118,82,4820,27,132,72,1440,28,124,84,3720,29,133,86,1720,30,114,74,2020,31,124,82,3920,32,112,78,4860,33,110,68,1360,34,121,74,2080,35,120,74,2800,36,116,86,4840,37,124,64,1280,38,121,64,1280,39,124,82,3380,40,123,64,1280,41,113,68,1360,42,122,70,1400,43,137,84,1860,44,113,76,3620,45,114,70,2720,46,115,72,3060,47,117,72,1440,48,124,68,3820,49,120,76,1520,50,133,94,1880,51,117,74,1480,52,121,70,3740,53,112,80,3340,54,117,68,1900,55,125,92,1840,56,127,90,1800,57,122,80,2260,58,122,76,1520,59,124,76,2900,60,118,76,1520,61,123,96,2640,62,117,68,1840,63,122,80,4120,64,115,72,1920,65,123,80,5320,66,113,70,2900,67,116,76,2720,68,124,88,3140,69,135,76,1520,70,127,82,3020,71,121,74,1480,72,120,78,4260,73,127,84,2820,74,130,76,1520,75,121,76,1520,76,124,72,4320,77,122,84,1680,78,119,74,4360,79,112,70,1400,80,119,80,1600,81,124,76,3380,82,114,82,2180,83,125,78,4260,84,128,84,4020,85,114,76,1520,86,123,86,1720,87,119,74,3040,88,126,72,1440,89,124,78,1560,90,118,66,1320,91,122,72,1440,92,113,66,1320,93,118,76,3260,94,123,84,1680,95,114,68,1360,96,110,68,1360,97,136,82,1640,98,115,68,2560,99,125,74,1480,100,118,72,1440
80,-131170,90974,1,121,84,2220,2,121,76,1520,3,122,68,1960,4,118,76,2840,5,124,76,1520,6,125,66,1320,7,123,92,3040,8,117,70,1400,9,122,82,2780,10,119,72,2100,11,122,70,1400,12,128,86,3760,13,124,88,3080,14,122,70,1520,15,118,82,3380,16,118,80,3040,17,125,78,3480,18,125,74,2080,19,109,72,1860,20,124,86,3640,21,126,70,1400,22,118,78,3300,23,124,88,2960,24,115,78,2160,25,117,74,2620,26,120,74,4540,27,115,80,1600,28,116,76,3320,29,124,76,1520,30,126,74,2260,31,115,72,3300,32,120,70,4340,33,123,76,1520,34,123,68,1960,35,118,72,2880,36,124,74,4060,37,130,76,1520,38,115,88,1760,39,118,66,2880,40,123,84,1680,41,124,80,1600,42,122,88,1760,43,124,70,1520,44,121,76,3800,45,126,76,2960,46,125,72,3180,47,127,78,1560,48,123,86,4840,49,120,66,1320,50,122,82,1640,51,126,72,1440,52,122,84,4320,53,117,78,3120,54,123,96,2580,55,115,74,1480,56,128,70,1400,57,114,68,2020,58,113,68,1360,59,115,68,2740,60,122,68,1360,61,118,72,1980,62,127,90,2520,63,116,80,4000,64,126,78,1980,65,121,78,5160,66,126,76,3080,67,119,78,3060,68,122,66,2400,69,121,74,1480,70,122,68,2440,71,118,68,1360,72,119,68,3820,73,126,70,2480,74,110,70,1400,75,120,70,1400,76,115,72,4380,77,115,68,1360,78,123,74,4240,79,129,84,1680,80,123,64,1280,81,115,72,3360,82,119,74,2140,83,115,72,4020,84,121,72,3420,85,122,70,1400,86,116,70,1400,87,119,70,2960,88,112,70,1400,89,115,72,1440,90,131,94,1880,91,111,72,1440,92,130,78,1560,93,119,72,3300,94,117,72,1440,95,129,76,1520,96,120,74,1480,97,131,68,1360,98,123,80,3100,99,118,72,1440,100,133,74,1480
81,-121815,92127,1,116,70,2060,2,122,68,1360,3,117,82,2540,4,123,72,2520,5,122,62,1240,6,123,82,1640,7,121,76,2480,8,129,86,1720,9,117,68,2260,10,123,74,2200,11,114,94,1880,12,120,74,3220,13,113,72,2520,14,115,90,1980,15,119,70,2900,16,121,78,2940,17,119,72,3180,18,114,68,1960,19,122,82,2060,20,116,76,3260,21,115,70,1400,22,118,70,2900,23,123,80,2740,24,119,72,2040,25,126,72,2580,26,120,70,4220,27,121,76,1520,28,121,78,3840,29,117,66,1320,30,119,70,2120,31,121,88,4340,32,123,82,5180,33,116,72,1440,34,125,86,2620,35,131,78,2940,36,113,74,4000,37,121,80,1600,38,117,72,1440,39,125,90,3660,40,117,78,1560,41,116,70,1400,42,116,80,1600,43,116,78,1740,44,124,72,3720,45,112,70,2780,46,114,70,3020,47,123,68,1360,48,125,72,4080,49,120,92,1840,50,113,74,1480,51,113,76,1520,52,118,74,3820,53,120,80,3460,54,120,74,2080,55,123,76,1520,56,112,78,1560,57,116,88,2480,58,124,80,1600,59,120,88,3500,60,115,84,1680,61,130,76,2180,62,124,84,2280,63,121,72,3660,64,121,72,1860,65,116,70,4640,66,110,70,2960,67,120,68,2620,68,121,82,2720,69,114,70,1400,70,122,82,2720,71,126,86,1720,72,125,86,4720,73,112,76,2840,74,122,82,1640,75,129,90,1800,76,122,84,4980,77,123,80,1600,78,112,76,4580,79,124,72,1440,80,126,94,1880,81,128,78,3420,82,128,70,2000,83,123,70,3860,84,120,78,4140,85,112,94,1880,86,132,78,1560,87,127,90,3480,88,128,80,1600,89,126,80,1600,90,124,82,1640,91,125,66,1320,92,123,74,1480,93,123,76,3380,94,131,80,1600,95,120,70,1400,96,121,72,1440,97,116,78,1560,98,120,64,2540,99,129,74,1480,100,119,80,1600
82,-126135,93297,1,128,78,2340,2,115,102,2040,3,122,76,2000,4,110,72,2700,5,124,80,1600,6,120,70,1400,7,120,74,2560,8,121,62,1240,9,127,88,2900,10,116,68,1960,11,120,84,1680,12,124,78,3540,13,130,84,2940,14,118,68,1480,15,124,84,3300,16,115,76,2840,17,128,80,3400,18,123,80,2320,19,119,66,1740,20,120,72,3240,21,124,78,1560,22,122,92,3820,23,116,68,2440,24,120,76,2240,25,111,84,2820,26,122,84,4860,27,119,78,1560,28,122,70,3320,29,126,92,1840,30,129,88,2480,31,120,70,3500,32,119,76,4700,33,126,78,1560,34,117,72,1920,35,118,72,2820,36,123,78,4020,37,115,72,1440,38,128,86,1720,39,117,76,2840,40,127,66,1320,41,131,80,1600,42,114,64,1280,43,118,68,1480,44,115,80,4180,45,127,76,2900,46,131,76,3080,47,115,82,1640,48,111,78,4440,49,116,80,1600,50,128,86,1720,51,120,70,1400,52,127,70,3620,53,122,74,2800,54,123,72,2040,55,114,68,1360,56,117,62,1240,57,119,72,2040,58,113,68,1360,59,121,74,3100,60,121,70,1400,61,117,80,2380,62,113,72,2100,63,116,78,3780,64,120,70,1820,65,118,82,5300,66,120,82,3380,67,116,98,3400,68,115,72,2460,69,128,80,1600,70,116,76,2540,71,116,68,1360,72,118,76,4100,73,123,80,3100,74,114,68,1360,75,124,74,1480,76,117,76,4880,77,120,72,1440,78,121,76,4580,79,109,74,1480,80,122,78,1560,81,120,70,3200,82,115,74,2080,83,122,78,4380,84,118,74,3820,85,121,74,1480,86,118,62,1240,87,119,76,3140,88,122,72,1440,89,119,68,1360,90,115,68,1360,91,123,84,1680,92,113,68,1360,93,120,72,3120,94,130,72,1440,95,120,92,1840,96,119,74,1480,97,125,66,1320,98,118,72,2880,99,118,66,1320,100,123,76,1520
83,-115945,94462,1,121,60,1800,2,124,82,1640,3,117,68,1900,4,126,78,2820,5,119,70,1400,6,129,80,1600,7,120,72,2400,8,117,80,1600,9,124,70,2420,10,125,96,2820,11,120,68,1360,12,116,76,3380,13,119,74,2740,14,126,98,2200,15,116,76,3080,16,120,74,2920,17,119,68,2980,18,112,70,2000,19,119,86,2260,20,121,72,3060,21,116,74,1480,22,123,88,3620,23,121,92,3400,24,121,80,2200,25,116,70,2240,26,115,74,4000,27,128,74,1480,28,110,84,3960,29,123,82,1640,30,117,76,2180,31,121,82,3800,32,124,76,4760,33,117,70,1400,34,131,84,2220,35,131,78,3000,36,120,68,3640,37,128,84,1680,38,122,80,1600,39,126,72,2820,40,127,86,1720,41,125,70,1400,42,127,76,1520,43,126,100,2240,44,116,78,3960,45,118,76,2960,46,121,72,3000,47,118,70,1400,48,119,72,4140,49,119,72,1440,50,122,86,1720,51,129,88,1760,52,118,86,4600,53,117,72,2820,54,104,74,2020,55,124,84,1680,56,125,70,1400,57,122,78,2460,58,117,78,1560,59,116,72,3000,60,122,84,1680,61,118,70,2000,62,131,84,2280,63,124,70,3620,64,123,86,2260,65,121,70,4580,66,118,72,2820,67,116,78,2580,68,127,76,2600,69,121,72,1440,70,123,68,2440,71,123,84,1680,72,127,80,4600,73,116,72,2880,74,123,84,1680,75,114,72,1440,76,123,72,4380,77,119,78,1560,78,110,76,4640,79,120,84,1680,80,116,68,1360,81,122,84,3840,82,125,74,2020,83,115,72,4020,84,126,72,3900,85,112,68,1360,86,119,80,1600,87,120,70,2840,88,115,72,1440,89,122,98,1960,90,122,90,1800,91,117,72,1440,92,126,78,1560,93,119,80,3820,94,117,74,1480,95,121,76,1520,96,123,70,1400,97,130,86,1720,98,126,68,2380,99,127,92,1840,100,114,66,1320
84,-124440,95641,1,118,78,2280,2,118,72,1440,3,132,88,2360,4,116,66,2340,5,121,76,1520,6,118,64,1280,7,118,72,2400,8,123,66,1320,9,110,82,2960,10,119,80,2260,11,119,86,1720,12,126,76,3500,13,134,66,2340,14,124,76,1640,15,125,76,3380,16,121,88,3860,17,125,80,3580,18,130,76,2360,19,124,78,2040,20,108,78,3540,21,123,70,1400,22,118,80,3520,23,122,78,2880,24,114,72,2280,25,123,86,2980,26,128,76,4340,27,115,76,1520,28,117,76,3380,29,118,76,1520,30,125,70,2180,31,119,82,3860,32,116,78,5040,33,124,80,1600,34,128,76,2120,35,124,76,2960,36,123,96,5280,37,123,72,1440,38,113,72,1440,39,110,70,2840,40,118,72,1440,41,112,82,1640,42,116,68,1360,43,118,82,1760,44,122,70,3740,45,123,70,2840,46,124,74,3280,47,131,82,1640,48,120,84,4800,49,122,74,1480,50,115,78,1560,51,119,70,1400,52,119,78,4080,53,133,80,3040,54,121,76,2000,55,117,76,1520,56,120,78,1560,57,123,66,1980,58,125,72,1440,59,131,82,3560,60,121,68,1360,61,127,78,2280,62,121,72,2040,63,114,80,4180,64,116,74,1960,65,120,84,5340,66,128,74,2860,67,125,70,2420,68,120,70,2360,69,115,72,1440,70,128,86,2680,71,115,70,1400,72,116,70,3920,73,126,80,2980,74,120,70,1400,75,128,80,1600,76,109,84,4980,77,120,70,1400,78,120,76,4760,79,118,74,1480,80,123,94,1880,81,117,78,3600,82,117,70,1880,83,132,84,4740,84,119,78,4140,85,133,80,1600,86,122,66,1320,87,118,88,3320,88,128,80,1600,89,114,80,1600,90,116,76,1520,91,135,88,1760,92,117,64,1280,93,118,70,3440,94,122,64,1280,95,115,66,1320,96,111,80,1600,97,124,72,1440,98,116,72,2460,99,119,72,1440,100,124,96,1920
85,-125025,96821,1,125,70,2000,2,131,80,1600,3,120,70,1940,4,124,88,3080,5,115,64,1280,6,130,70,1400,7,130,82,2960,8,122,78,1560,9,113,68,2500,10,125,74,2260,11,127,80,1600,12,119,66,2820,13,118,78,2880,14,118,68,1480,15,120,66,3060,16,116,78,3300,17,114,68,3100,18,114,72,2340,19,122,64,1820,20,114,74,3220,21,112,78,1560,22,122,78,3360,23,114,76,3020,24,130,76,2420,25,121,74,2560,26,123,70,3860,27,124,72,1440,28,116,72,3300,29,122,70,1400,30,120,80,2800,31,119,70,3260,32,120,72,4560,33,117,70,1400,34,120,68,1900,35,114,78,3240,36,121,80,4420,37,111,72,1440,38,125,80,1600,39,125,72,2940,40,131,80,1600,41,111,74,1480,42,131,90,1800,43,118,68,1480,44,115,82,4340,45,118,82,3320,46,120,74,3340,47,129,68,1360,48,117,68,3820,49,113,70,1400,50,116,74,1480,51,137,90,1800,52,120,68,3700,53,123,76,3020,54,116,68,1840,55,120,66,1320,56,120,68,1360,57,125,84,2460,58,112,72,1440,59,126,76,3200,60,122,92,1840,61,119,68,1960,62,115,80,2500,63,116,78,4200,64,122,74,2020,65,120,72,4620,66,114,72,2640,67,109,72,2580,68,129,88,2660,69,128,72,1440,70,119,70,2300,71,126,78,1560,72,127,82,4400,73,118,74,2860,74,122,94,1880,75,124,72,1440,76,115,74,4360,77,129,94,1880,78,117,68,4120,79,125,66,1320,80,112,76,1520,81,124,74,3640,82,139,82,2120,83,122,80,4480,84,127,66,3240,85,127,72,1440,86,120,80,1600,87,122,82,3080,88,114,72,1440,89,122,76,1520,90,125,72,1440,91,129,74,1480,92,131,78,1560,93,128,84,4080,94,120,84,1680,95,127,88,1760,96,110,70,1400,97,113,68,1360,98,134,72,2580,99,124,70,1400,100,122,72,1440
86,-126045,97994,1,113,74,2320,2,120,70,1400,3,114,82,2420,4,122,78,2640,5,116,92,1840,6,119,68,1360,7,123,78,2760,8,121,68,1360,9,128,80,2920,10,118,68,2080,11,120,66,1320,12,121,82,3500,13,127,64,2360,14,124,94,2180,15,112,84,3840,16,120,76,3140,17,117,84,3780,18,131,82,2600,19,120,80,2140,20,118,82,3740,21,118,68,1360,22,113,72,3180,23,124,78,2940,24,121,84,2640,25,122,66,2040,26,115,80,4360,27,110,76,1520,28,126,80,3460,29,115,86,1720,30,117,76,2660,31,133,80,3580,32,121,72,4380,33,127,78,1560,34,134,80,2380,35,120,66,2340,36,116,70,3740,37,119,80,1600,38,116,70,1400,39,116,68,2740,40,123,66,1320,41,125,74,1480,42,121,74,1480,43,126,90,2100,44,125,70,3980,45,120,60,2220,46,119,72,3300,47,119,82,1640,48,122,84,4620,49,126,74,1480,50,127,74,1480,51,125,74,1480,52,122,86,4780,53,119,70,2780,54,113,90,2340,55,119,88,1760,56,128,90,1800,57,117,72,2160,58,129,82,1640,59,114,70,3140,60,118,74,1480,61,127,84,2520,62,118,72,2340,63,126,84,4620,64,118,70,1940,65,123,74,4840,66,127,82,3260,67,120,78,3000,68,127,80,2500,69,118,74,1480,70,120,86,2620,71,120,68,1360,72,121,70,4040,73,118,72,2820,74,122,84,1680,75,110,70,1400,76,123,80,4960,77,128,74,1480,78,127,92,5320,79,115,78,1560,80,122,70,1400,81,118,78,3900,82,131,76,2060,83,108,74,4360,84,122,78,4080,85,115,70,1400,86,120,70,1400,87,117,70,2900,88,127,82,1640,89,110,68,1360,90,112,76,1520,91,116,70,1400,92,123,68,1360,93,119,74,3640,94,122,70,1400,95,122,72,1440,96,130,80,1600,97,123,78,1560,98,120,76,2960,99,117,70,1400,100,113,78,1560
87,-123400,99149,1,129,78,2280,2,124,82,1640,3,120,70,2180,4,119,84,3240,5,124,72,1440,6,127,74,1480,7,120,68,2320,8,111,90,1800,9,125,68,2800,10,114,94,2840,11,124,92,1840,12,120,70,2960,13,121,88,3320,14,113,78,1680,15,111,72,3240,16,117,74,3100,17,115,64,2960,18,125,70,2180,19,117,70,1820,20,123,74,3160,21,129,96,1920,22,129,82,3440,23,118,74,2920,24,121,72,2220,25,122,70,2120,26,122,72,4140,27,127,78,1560,28,115,76,3380,29,124,72,1440,30,129,72,2580,31,124,78,3600,32,122,76,4640,33,122,72,1440,34,130,74,2260,35,122,82,3080,36,121,82,3980,37,124,64,1280,38,128,84,1680,39,129,94,3920,40,123,92,1840,41,120,78,1560,42,119,70,1400,43,115,76,1640,44,116,76,4100,45,120,76,2960,46,122,72,3120,47,123,68,1360,48,112,72,3840,49,114,68,1360,50,110,80,1600,51,116,76,1520,52,120,74,4060,53,112,98,4000,54,117,76,2060,55,120,82,1640,56,124,72,1440,57,132,80,2560,58,124,72,1440,59,128,78,3420,60,121,64,1280,61,120,70,2120,62,121,74,2380,63,123,80,4240,64,123,82,2060,65,112,76,5060,66,119,72,2880,67,121,74,2740,68,120,64,2240,69,125,62,1240,70,122,76,2480,71,116,86,1720,72,119,80,4300,73,123,78,3180,74,119,70,1400,75,126,86,1720,76,118,78,4860,77,112,76,1520,78,118,74,4480,79,119,70,1400,80,119,80,1600,81,123,72,3540,82,119,82,2180,83,123,84,4800,84,124,66,3480,85,126,78,1560,86,125,88,1760,87,126,80,3160,88,117,72,1440,89,123,86,1720,90,118,72,1440,91,125,84,1680,92,120,82,1640,93,122,76,3800,94,118,80,1600,95,111,68,1360,96,127,74,1480,97,115,66,1320,98,120,68,2620,99,130,80,1600,100,118,72,1440
88,-121545,100300,1,120,72,2220,2,115,68,1360,3,125,98,2740,4,122,82,3140,5,116,74,1480,6,113,74,1480,7,115,90,2760,8,115,70,1400,9,119,72,2520,10,122,80,2620,11,118,80,1600,12,117,80,3280,13,122,66,2820,14,119,72,1620,15,121,78,3360,16,119,72,2880,17,120,84,3960,18,123,78,2580,19,129,84,2100,20,115,78,3840,21,127,78,1560,22,130,70,3200,23,127,72,2760,24,116,76,2540,25,110,80,2320,26,115,76,4340,27,124,72,1440,28,120,70,3020,29,112,80,1600,30,118,82,3020,31,119,78,3780,32,126,76,4760,33,114,74,1480,34,111,80,2380,35,116,62,2200,36,122,72,3600,37,118,86,1720,38,127,74,1480,39,122,74,3100,40,118,72,1440,41,116,70,1400,42,125,84,1680,43,118,72,1620,44,122,74,4000,45,121,62,2200,46,117,70,2720,47,127,90,1800,48,122,74,3940,49,129,80,1600,50,114,72,1440,51,120,66,1320,52,120,78,4500,53,111,86,3340,54,125,72,2040,55,112,74,1480,56,108,76,1520,57,126,74,2500,58,106,74,1480,59,118,66,2700,60,119,72,1440,61,122,98,2740,62,121,78,2700,63,113,78,4200,64,117,74,1900,65,118,82,5300,66,125,74,2980,67,117,80,3400,68,125,86,2920,69,122,78,1560,70,117,78,2760,71,124,70,1400,72,119,62,3400,73,116,74,3040,74,128,90,1800,75,119,70,1400,76,122,70,4280,77,119,70,1400,78,124,78,4740,79,128,104,2080,80,122,70,1400,81,113,74,3640,82,120,68,1960,83,116,72,4140,84,121,76,4040,85,114,68,1360,86,124,72,1440,87,121,74,3040,88,132,84,1680,89,117,72,1440,90,129,80,1600,91,117,70,1400,92,118,72,1440,93,114,72,3600,94,123,70,1400,95,122,74,1480,96,111,76,1520,97,122,94,1880,98,121,96,3720,99,126,74,1480,100,125,84,1680
89,-116405,101498,1,119,72,2280,2,120,76,1520,3,121,78,2280,4,111,76,2960,5,121,68,1360,6,127,84,1680,7,122,80,2500,8,132,86,1720,9,124,80,2920,10,116,78,2400,11,123,64,1280,12,118,74,2860,13,120,74,2920,14,124,76,1700,15,115,72,3120,16,124,80,3280,17,117,70,3320,18,112,68,2140,19,130,70,1760,20,123,72,3360,21,117,72,1440,22,115,86,3760,23,114,70,2540,24,120,66,2100,25,117,68,2200,26,125,72,4260,27,108,84,1680,28,120,88,3740,29,115,72,1440,30,124,78,3000,31,121,70,3140,32,119,66,4020,33,126,80,1600,34,118,62,1960,35,124,92,3460,36,111,78,4080,37,123,74,1480,38,117,76,1520,39,119,72,3120,40,135,80,1600,41,132,86,1720,42,115,78,1560,43,125,82,1820,44,113,70,4100,45,131,86,3340,46,121,84,3600,47,122,82,1640,48,122,66,3600,49,122,72,1440,50,126,84,1680,51,113,90,1800,52,121,72,4080,53,117,76,3200,54,112,88,2600,55,129,86,1720,56,130,82,1640,57,117,78,2400,58,117,82,1640,59,124,84,3240,60,127,76,1520,61,114,80,2440,62,112,76,2660,63,120,76,4100,64,123,66,1680,65,114,76,4940,66,115,76,3260,67,119,78,3300,68,123,70,2240,69,115,66,1320,70,123,70,2240,71,107,76,1520,72,128,86,4720,73,125,78,3360,74,121,78,1560,75,133,90,1800,76,115,80,4900,77,124,94,1880,78,115,70,4340,79,122,90,1800,80,117,82,1640,81,125,76,3500,82,122,94,2720,83,126,78,4440,84,119,68,3580,85,122,84,1680,86,112,72,1440,87,119,64,2840,88,130,78,1560,89,134,80,1600,90,121,74,1480,91,132,80,1600,92,127,74,1480,93,126,78,3600,94,110,76,1520,95,120,66,1320,96,127,82,1640,97,117,74,1480,98,122,92,3580,99,113,66,1320,100,117,70,1400
90,-131870,102606,1,123,72,2280,2,121,72,1440,3,114,72,2160,4,122,78,3000,5,116,90,1800,6,120,74,1480,7,110,74,2680,8,127,72,1440,9,125,70,2660,10,123,78,2520,11,120,84,1680,12,123,70,3140,13,116,66,2760,14,121,70,1580,15,132,82,3380,16,114,78,3180,17,131,86,3880,18,122,74,2380,19,118,74,1960,20,110,78,3720,21,130,74,1480,22,120,74,3280,23,125,80,2860,24,123,92,2740,25,120,94,2840,26,115,76,4700,27,115,70,1400,28,124,74,2980,29,127,82,1640,30,117,76,3020,31,120,90,3840,32,126,84,5100,33,118,68,1360,34,130,84,2400,35,124,78,2820,36,119,74,4060,37,117,70,1400,38,119,68,1360,39,125,74,3160,40,123,72,1440,41,126,80,1600,42,123,68,1360,43,119,74,1660,44,124,76,4220,45,123,70,2660,46,123,70,3020,47,115,76,1520,48,118,78,4140,49,115,74,1480,50,118,72,1440,51,121,80,1600,52,119,76,4460,53,120,76,3200,54,115,68,1840,55,128,80,1600,56,126,72,1440,57,118,70,2360,58,126,72,1440,59,118,72,2880,60,118,72,1440,61,117,72,2280,62,126,74,2680,63,115,76,4160,64,121,92,2320,65,122,84,5520,66,117,72,3000,67,119,72,2940,68,119,90,2880,69,125,86,1720,70,120,78,2640,71,118,80,1600,72,120,68,3640,73,116,70,2900,74,111,70,1400,75,130,80,1600,76,118,74,4480,77,121,78,1560,78,120,90,5700,79,119,72,1440,80,122,74,1480,81,118,66,3240,82,118,78,2040,83,115,82,4640,84,127,92,5020,85,119,72,1440,86,126,70,1400,87,123,86,3940,88,121,74,1480,89,123,68,1360,90,109,70,1400,91,128,72,1440,92,110,80,1600,93,115,74,3640,94,122,80,1600,95,119,86,1720,96,115,68,1360,97,122,64,1280,98,115,78,3060,99,118,80,1600,100,129,80,1600
91,-126730,103724,1,109,76,2600,2,113,76,1520,3,127,78,2280,4,112,76,3200,5,124,72,1440,6,114,68,1360,7,120,78,2640,8,111,74,1480,9,114,76,2900,10,119,68,2320,11,118,74,1480,12,113,76,3260,13,123,86,3400,14,115,86,2020,15,125,70,3020,16,120,74,2980,17,122,78,3360,18,117,66,2100,19,122,60,1560,20,114,72,3240,21,121,74,1480,22,118,68,3040,23,117,68,2500,24,115,78,2340,25,111,74,2200,26,118,74,4540,27,135,84,1680,28,119,86,4060,29,118,74,1480,30,127,72,3000,31,123,76,3440,32,119,70,4280,33,126,88,1760,34,125,74,2200,35,115,74,2860,36,121,68,3580,37,129,92,1840,38,121,92,1840,39,115,68,2860,40,111,76,1520,41,122,74,1480,42,117,84,1680,43,121,70,1700,44,105,76,4340,45,114,82,3020,46,113,82,3620,47,116,62,1240,48,125,72,3960,49,123,74,1480,50,125,78,1560,51,118,72,1440,52,113,70,4100,53,124,74,2980,54,127,84,2280,55,120,76,1520,56,116,74,1480,57,128,90,2760,58,114,82,1640,59,123,76,3020,60,129,76,1520,61,134,100,3080,62,113,76,2720,63,121,76,4040,64,115,74,1840,65,121,76,5060,66,125,82,3320,67,123,74,2920,68,124,76,2480,69,120,74,1480,70,119,70,2360,71,124,72,1440,72,124,96,5460,73,132,78,3300,74,125,76,1520,75,121,72,1440,76,118,76,4700,77,112,72,1440,78,125,76,4700,79,125,68,1360,80,120,72,1440,81,125,82,3980,82,120,72,2040,83,125,76,4340,84,117,74,3940,85,124,82,1640,86,116,72,1440,87,118,72,3480,88,115,68,1360,89,117,86,1720,90,122,82,1640,91,109,70,1400,92,112,68,1360,93,121,78,3600,94,114,76,1520,95,128,78,1560,96,129,90,1800,97,117,78,1560,98,123,70,2840,99,120,62,1240,100,118,72,1440
92,-127945,104850,1,118,70,2060,2,122,74,1480,3,121,70,2120,4,115,70,2780,5,117,64,1280,6,127,82,1640,7,118,68,2380,8,123,78,1560,9,119,70,2780,10,121,84,2280,11,122,72,1440,12,126,74,3280,13,121,62,2620,14,121,78,1860,15,112,82,3560,16,112,78,3300,17,115,70,3320,18,127,88,3020,19,121,88,2300,20,124,82,3560,21,111,70,1400,22,125,92,4000,23,130,82,2660,24,120,74,2740,25,127,82,2360,26,122,72,4380,27,122,72,1440,28,127,76,3380,29,121,74,1480,30,114,72,2760,31,114,76,3680,32,127,86,4840,33,114,74,1480,34,124,74,2200,35,124,78,2760,36,116,72,3900,37,124,80,1600,38,116,78,1560,39,127,86,3760,40,124,70,1400,41,116,70,1400,42,126,76,1520,43,118,102,2340,44,118,76,4160,45,119,68,2560,46,115,64,2660,47,130,92,1840,48,108,66,3840,49,113,70,1400,50,116,76,1520,51,125,80,1600,52,126,76,4340,53,114,80,3640,54,121,76,2180,55,119,76,1520,56,125,70,1400,57,115,74,2080,58,114,68,1360,59,117,68,2920,60,120,68,1360,61,132,78,2220,62,124,74,2620,63,120,80,4420,64,125,78,2100,65,118,78,5340,66,121,76,3080,67,123,80,3520,68,113,76,2480,69,120,68,1360,70,124,96,2880,71,115,76,1520,72,121,74,4000,73,121,68,2980,74,126,70,1400,75,116,74,1480,76,122,78,4680,77,130,74,1480,78,113,76,4700,79,125,82,1640,80,119,74,1480,81,121,72,3480,82,124,72,2100,83,112,76,4340,84,122,76,4220,85,114,68,1360,86,133,86,1720,87,124,74,3520,88,124,84,1680,89,117,66,1320,90,109,66,1320,91,125,78,1560,92,127,82,1640,93,112,72,3360,94,122,68,1360,95,123,72,1440,96,122,84,1680,97,125,64,1280,98,114,86,3640,99,119,80,1600,100,132,72,1440
93,-127605,106003,1,125,92,2680,2,112,68,1360,3,121,96,2700,4,131,82,3200,5,129,86,1720,6,119,64,1280,7,121,84,2760,8,115,70,1400,9,125,84,3300,10,113,66,1740,11,116,72,1440,12,114,72,3120,13,114,74,3040,14,114,72,1680,15,115,76,3440,16,116,74,3160,17,129,78,3360,18,121,78,2700,19,117,70,1880,20,113,74,3280,21,128,86,1720,22,124,74,3280,23,123,76,2720,24,125,72,2580,25,117,72,2040,26,123,78,4620,27,110,76,1520,28,122,74,3400,29,117,70,1400,30,129,72,2820,31,123,68,3400,32,119,72,4200,33,129,78,1560,34,111,70,2180,35,116,78,2820,36,123,74,3760,37,120,76,1520,38,121,72,1440,39,115,70,3140,40,121,82,1640,41,130,86,1720,42,118,68,1360,43,125,88,2000,44,120,78,4620,45,128,84,2940,46,125,84,3600,47,121,70,1400,48,114,74,4180,49,128,82,1640,50,122,72,1440,51,122,74,1480,52,114,68,3940,53,119,76,3260,54,119,70,2060,55,126,70,1400,56,116,72,1440,57,126,74,1900,58,125,80,1600,59,136,82,3440,60,125,88,1760,61,121,78,2400,62,114,72,2580,63,117,80,4420,64,119,68,1840,65,122,70,4580,66,116,64,2660,67,117,76,3260,68,122,74,2440,69,132,78,1560,70,118,84,2640,71,119,68,1360,72,119,76,4340,73,114,88,3740,74,112,76,1520,75,127,72,1440,76,112,78,4740,77,111,84,1680,78,121,80,5140,79,121,70,1400,80,120,62,1240,81,123,74,3820,82,115,80,2260,83,120,76,4460,84,117,72,3900,85,125,90,1800,86,128,72,1440,87,113,72,3360,88,116,72,1440,89,123,86,1720,90,121,82,1640,91,115,70,1400,92,122,64,1280,93,121,78,3660,94,124,96,1920,95,112,76,1520,96,118,74,1480,97,125,86,1720,98,116,74,3220,99,120,62,1240,100,118,74,1480
94,-129965,107156,1,123,68,2080,2,125,72,1440,3,122,76,2180,4,124,76,2900,5,120,66,1320,6,115,80,1600,7,116,72,2580,8,124,86,1720,9,123,64,2600,10,122,88,2120,11,129,84,1680,12,122,76,3560,13,126,70,2780,14,123,78,1860,15,122,68,2920,16,127,78,3360,17,115,80,3940,18,121,66,2460,19,129,76,2000,20,128,96,4260,21,124,78,1560,22,111,74,3340,23,116,68,2380,24,112,76,2660,25,126,76,2120,26,120,74,4480,27,123,78,1560,28,115,68,2980,29,133,86,1720,30,117,76,2840,31,119,88,4460,32,128,80,4900,33,118,68,1360,34,124,70,2060,35,118,70,2600,36,115,76,3920,37,122,72,1440,38,114,72,1440,39,124,72,3300,40,110,70,1400,41,120,76,1520,42,120,82,1640,43,120,82,1940,44,119,74,4420,45,124,66,2520,46,119,66,2760,47,120,88,1760,48,117,78,4440,49,116,70,1400,50,111,72,1440,51,117,64,1280,52,120,80,4240,53,118,78,3420,54,130,86,2440,55,113,82,1640,56,132,84,1680,57,111,74,1840,58,121,72,1440,59,127,70,2780,60,121,76,1520,61,115,74,2200,62,137,80,2680,63,122,72,3840,64,129,84,2160,65,122,74,4960,66,119,82,3380,67,116,72,3060,68,115,68,2080,69,121,70,1400,70,122,70,2120,71,126,82,1640,72,122,68,3580,73,115,84,3480,74,120,74,1480,75,108,80,1600,76,122,76,4640,77,109,64,1280,78,117,74,4720,79,118,90,1800,80,115,78,1560,81,117,74,3940,82,119,70,2120,83,121,74,4240,84,122,76,3980,85,117,74,1480,86,111,76,1520,87,131,88,3860,88,132,70,1400,89,116,78,1560,90,117,78,1560,91,125,82,1640,92,123,94,1880,93,123,72,3300,94,117,70,1400,95,121,68,1360,96,123,68,1360,97,120,76,1520,98,123,72,3060,99,118,76,1520,100,120,70,1400
95,-132140,108292,1,125,80,2560,2,116,70,1400,3,122,74,2140,4,122,76,3140,5,122,92,1840,6,123,70,1400,7,132,78,2820,8,121,76,1520,9,122,88,3620,10,112,74,1900,11,126,68,1360,12,115,66,2880,13,114,76,3140,14,118,66,1680,15,123,86,3460,16,121,74,3160,17,118,70,3380,18,119,84,2820,19,123,74,1840,20,120,84,3660,21,116,66,1320,22,128,80,3460,23,129,90,3120,24,123,78,2700,25,117,72,2040,26,122,74,4420,27,119,72,1440,28,125,82,3680,29,124,70,1400,30,122,68,2620,31,119,76,3680,32,124,72,4440,33,127,78,1560,34,117,72,2100,35,118,82,3380,36,117,70,3680,37,112,76,1520,38,127,70,1400,39,112,80,3520,40,129,86,1720,41,121,70,1400,42,116,74,1480,43,121,78,1920,44,113,74,4420,45,121,86,3460,46,118,86,3820,47,119,76,1520,48,122,76,4520,49,134,84,1680,50,122,80,1600,51,120,72,1440,52,119,68,3520,53,124,80,3520,54,122,74,2140,55,119,70,1400,56,124,76,1520,57,127,80,2020,58,116,74,1480,59,115,78,3180,60,115,64,1280,61,125,76,2480,62,126,74,2560,63,115,76,4220,64,123,78,1920,65,118,70,4820,66,121,72,2940,67,130,80,3460,68,119,80,2800,69,119,92,1840,70,114,84,2880,71,117,70,1400,72,115,76,4220,73,122,74,3160,74,123,74,1480,75,116,74,1480,76,125,76,4640,77,114,90,1800,78,120,74,4720,79,126,72,1440,80,120,66,1320,81,126,68,3400,82,125,78,2220,83,118,82,4940,84,112,74,3940,85,126,72,1440,86,121,70,1400,87,127,80,3580,88,117,74,1480,89,121,70,1400,90,124,74,1480,91,120,76,1520,92,118,80,1600,93,122,82,3920,94,132,82,1640,95,120,86,1720,96,115,78,1560,97,115,56,1120,98,113,80,3460,99,124,62,1240,100,127,94,1880
96,-134390,109422,1,123,72,2220,2,129,82,1640,3,113,70,2060,4,115,70,2720,5,119,86,1720,6,120,72,1440,7,122,78,2880,8,116,70,1400,9,119,74,2920,10,131,82,2240,11,126,82,1640,12,126,80,3340,13,124,70,2720,14,127,76,2000,15,118,74,3280,16,112,80,3700,17,124,72,3060,18,129,70,2360,19,117,70,1820,20,117,76,3140,21,127,90,1800,22,119,76,3560,23,119,74,2620,24,115,72,2400,25,128,78,2580,26,123,72,4380,27,122,74,1480,28,113,72,3300,29,112,74,1480,30,124,92,3340,31,125,72,3720,32,112,76,4640,33,117,72,1440,34,133,84,2340,35,124,76,3020,36,128,90,4920,37,119,74,1480,38,118,74,1480,39,116,64,2660,40,124,72,1440,41,123,94,1880,42,128,68,1360,43,111,76,2000,44,127,82,4820,45,115,76,3020,46,121,66,2820,47,120,70,1400,48,117,72,4140,49,122,70,1400,50,117,66,1320,51,114,76,1520,52,125,80,4060,53,117,68,2740,54,116,70,2060,55,124,94,1880,56,115,72,1440,57,117,68,1960,58,131,66,1320,59,123,72,2940,60,128,70,1400,61,114,68,2140,62,112,68,2560,63,123,74,4120,64,118,72,1860,65,129,82,5360,66,118,74,3040,67,123,70,2780,68,124,66,2220,69,131,78,1560,70,114,74,2380,71,130,82,1640,72,118,66,3720,73,114,76,3380,74,109,68,1360,75,124,76,1520,76,115,76,4580,77,121,82,1640,78,112,76,4880,79,116,76,1520,80,124,78,1560,81,120,76,4040,82,116,68,2020,83,124,76,4280,84,125,72,3840,85,108,70,1400,86,114,84,1680,87,124,74,3340,88,126,66,1320,89,122,90,1800,90,113,70,1400,91,121,64,1280,92,122,72,1440,93,124,74,3460,94,126,68,1360,95,116,74,1480,96,128,70,1400,97,125,72,1440,98,118,70,2780,99,120,78,1560,100,119,72,1440
97,-126550,110518,1,112,74,2560,2,127,78,1560,3,127,84,2460,4,124,94,4100,5,118,76,1520,6,121,78,1560,7,120,72,2580,8,127,80,1600,9,124,68,2560,10,124,74,2020,11,121,74,1480,12,116,68,2920,13,117,90,4020,14,119,68,2020,15,128,74,3220,16,110,70,2900,17,114,74,3100,18,116,74,2560,19,126,80,2260,20,121,72,3060,21,118,76,1520,22,121,68,3040,23,126,76,2960,24,125,80,2680,25,125,72,2460,26,117,68,4060,27,114,68,1360,28,120,88,4340,29,127,94,1880,30,115,78,2820,31,112,76,3680,32,122,74,4480,33,130,76,1520,34,126,74,2260,35,113,72,2880,36,129,74,4000,37,124,68,1360,38,123,74,1480,39,126,78,3120,40,110,80,1600,41,113,82,1640,42,115,76,1520,43,118,78,2220,44,121,68,4000,45,125,74,2920,46,120,92,4240,47,121,96,1920,48,129,74,4360,49,116,90,1800,50,125,80,1600,51,116,72,1440,52,122,74,3640,53,115,84,3240,54,133,78,2520,55,124,76,1520,56,130,84,1680,57,126,88,2300,58,121,80,1600,59,113,72,3180,60,117,76,1520,61,129,86,2800,62,123,72,2520,63,114,72,3960,64,124,82,2300,65,130,66,4200,66,114,68,2920,67,116,76,3140,68,122,86,2980,69,125,66,1320,70,124,76,2780,71,121,68,1360,72,119,86,5380,73,120,68,2860,74,122,76,1520,75,114,70,1400,76,124,78,4860,77,118,78,1560,78,119,76,4880,79,122,72,1440,80,117,74,1480,81,115,72,3660,82,119,90,2760,83,113,70,3920,84,113,76,4040,85,121,74,1480,86,116,72,1440,87,116,74,3460,88,122,82,1640,89,117,82,1640,90,126,82,1640,91,116,80,1600,92,115,68,1360,93,112,76,3740,94,125,88,1760,95,124,72,1440,96,112,72,1440,97,110,74,1480,98,129,82,3260,99,114,66,1320,100,131,76,1520
98,-127895,111624,1,129,78,2400,2,124,68,1360,3,121,70,2000,4,119,82,3500,5,123,70,1400,6,119,70,1400,7,115,82,3200,8,123,72,1440,9,118,80,3160,10,120,76,2060,11,118,74,1480,12,130,76,3140,13,123,72,3300,14,122,90,2580,15,110,82,3620,16,126,88,3440,17,122,76,3380,18,130,70,2180,19,124,70,1940,20,117,78,3420,21,123,68,1360,22,116,86,3580,23,117,66,2640,24,119,64,2060,25,113,84,2880,26,125,94,5660,27,125,88,1760,28,117,84,4080,29,132,74,1480,30,120,70,2600,31,123,74,3640,32,110,72,4320,33,115,80,1600,34,113,68,1960,35,123,84,3120,36,121,86,4600,37,123,82,1640,38,114,66,1320,39,117,70,2960,40,113,70,1400,41,119,74,1480,42,119,72,1440,43,127,76,2300,44,124,86,5200,45,118,72,2880,46,121,78,3480,47,109,80,1600,48,120,72,4260,49,124,84,1680,50,117,72,1440,51,128,74,1480,52,119,72,3780,53,125,78,3120,54,126,80,2500,55,115,72,1440,56,120,74,1480,57,118,74,2020,58,120,62,1240,59,127,74,3280,60,126,70,1400,61,120,72,2280,62,111,72,2460,63,128,84,4560,64,117,76,2060,65,118,76,5060,66,125,84,3420,67,120,74,3100,68,116,64,2360,69,121,96,1920,70,120,66,2400,71,116,84,1680,72,119,80,4720,73,122,92,3760,74,116,70,1400,75,123,78,1560,76,114,78,5100,77,117,72,1440,78,116,72,4560,79,108,82,1640,80,128,74,1480,81,124,72,3780,82,129,72,2340,83,118,76,4400,84,121,74,3820,85,115,70,1400,86,129,76,1520,87,128,84,4260,88,112,72,1440,89,120,76,1520,90,121,78,1560,91,123,68,1360,92,121,96,1920,93,121,68,3580,94,117,68,1360,95,103,66,1320,96,124,80,1600,97,127,70,1400,98,126,78,3180,99,122,90,1800,100,119,74,1480
99,-125765,112760,1,128,72,2460,2,122,82,1640,3,122,90,2640,4,123,80,3460,5,112,80,1600,6,124,92,1840,7,117,78,2880,8,108,74,1480,9,122,74,2800,10,115,68,1960,11,118,68,1360,12,115,72,3060,13,115,78,3420,14,123,76,2180,15,115,74,2980,16,116,76,2900,17,113,68,2800,18,118,74,2440,19,119,78,2160,20,126,68,2800,21,120,76,1520,22,118,80,3280,23,119,96,3480,24,134,82,2600,25,119,68,2260,26,118,70,4160,27,120,76,1520,28,129,70,3140,29,125,80,1600,30,120,90,3240,31,112,66,3180,32,123,72,4080,33,125,70,1400,34,126,86,2560,35,115,76,3020,36,119,72,3720,37,114,72,1440,38,119,94,1880,39,131,84,3600,40,127,72,1440,41,123,72,1440,42,127,74,1480,43,118,74,2140,44,113,68,4120,45,129,78,3060,46,118,72,3120,47,116,72,1440,48,125,74,4300,49,121,76,1520,50,132,78,1560,51,117,76,1520,52,126,74,3940,53,113,78,3480,54,119,72,2100,55,126,82,1640,56,119,68,1360,57,129,74,2080,58,129,80,1600,59,108,74,3220,60,115,74,1480,61,123,80,2620,62,121,82,2780,63,118,72,3840,64,121,74,2080,65,119,66,4500,66,118,80,3340,67,127,74,3100,68,123,78,2880,69,115,78,1560,70,122,86,3040,71,122,72,1440,72,112,66,3540,73,121,76,2960,74,136,98,1960,75,113,66,1320,76,125,78,5040,77,134,82,1640,78,133,82,5120,79,116,74,1480,80,110,74,1480,81,113,72,3660,82,120,72,2100,83,116,70,3980,84,107,74,4060,85,131,82,1640,86,122,74,1480,87,127,74,3460,88,126,84,1680,89,119,72,1440,90,111,70,1400,91,115,80,1600,92,119,76,1520,93,122,80,4060,94,129,88,1760,95,120,76,1520,96,118,66,1320,97,118,66,1320,98,117,74,3100,99,116,74,1480,100,123,66,1320
